<svg width="375" height="812" viewBox="0 0 375 812" fill="none" xmlns="http://www.w3.org/2000/svg">
<g clip-path="url(#clip0_685_1055)">
<rect width="375" height="812" fill="white"/>
<rect opacity="0.35" x="335.832" y="17.5" width="21" height="10.3333" rx="2.16667" stroke="#141414"/>
<path opacity="0.4" d="M358.332 20.666V24.666C359.137 24.3272 359.66 23.5391 359.66 22.666C359.66 21.7929 359.137 21.0048 358.332 20.666Z" fill="#141414"/>
<rect x="337.332" y="19" width="18" height="7.33333" rx="1.33333" fill="#141414"/>
<path d="M321.447 25.4267C322.728 24.3444 324.604 24.3445 325.885 25.4267C325.949 25.4849 325.987 25.5675 325.988 25.6542C325.99 25.7409 325.956 25.8249 325.895 25.8857L323.889 27.9072C323.83 27.9666 323.75 27.9999 323.666 27.9999C323.582 27.9999 323.502 27.9665 323.443 27.9072L321.438 25.8857C321.377 25.8249 321.342 25.7409 321.344 25.6542C321.346 25.5675 321.383 25.4849 321.447 25.4267ZM318.774 22.7285C321.533 20.1643 325.806 20.1644 328.565 22.7285C328.628 22.7885 328.663 22.8715 328.664 22.9579C328.665 23.0445 328.631 23.128 328.57 23.1894L327.411 24.3593C327.292 24.4788 327.098 24.4815 326.976 24.3652C326.07 23.5456 324.891 23.0917 323.669 23.0917C322.447 23.0922 321.27 23.546 320.364 24.3652C320.242 24.4815 320.048 24.4788 319.929 24.3593L318.771 23.1894C318.709 23.1281 318.675 23.0445 318.676 22.9579C318.677 22.8715 318.712 22.7885 318.774 22.7285ZM316.097 20.039C320.328 15.9869 327.004 15.9871 331.236 20.039C331.298 20.0992 331.333 20.1817 331.333 20.2675C331.333 20.3533 331.3 20.4362 331.239 20.497L330.079 21.6669C329.96 21.787 329.765 21.7881 329.644 21.6699C328.031 20.1384 325.892 19.2842 323.667 19.2841C321.442 19.2841 319.302 20.1382 317.689 21.6699C317.568 21.7882 317.374 21.787 317.255 21.6669L316.094 20.497C316.033 20.4361 316 20.3532 316 20.2675C316.001 20.1817 316.035 20.0992 316.097 20.039Z" fill="#141414"/>
<path d="M297.5 23.667C298.052 23.667 298.5 24.1147 298.5 24.667V26.667C298.5 27.2191 298.052 27.667 297.5 27.667H296.5C295.948 27.667 295.5 27.2191 295.5 26.667V24.667C295.5 24.1147 295.948 23.667 296.5 23.667H297.5ZM302.168 21.667C302.72 21.667 303.168 22.1147 303.168 22.667V26.667C303.168 27.2191 302.72 27.667 302.168 27.667H301.168C300.616 27.667 300.168 27.2191 300.168 26.667V22.667C300.168 22.1147 300.616 21.667 301.168 21.667H302.168ZM306.832 19.333C307.384 19.333 307.832 19.7809 307.832 20.333V26.667C307.832 27.2191 307.384 27.667 306.832 27.667H305.832C305.28 27.667 304.832 27.2191 304.832 26.667V20.333C304.832 19.7809 305.28 19.333 305.832 19.333H306.832ZM311.5 17C312.052 17 312.5 17.4477 312.5 18V26.667C312.5 27.2191 312.052 27.667 311.5 27.667H310.5C309.948 27.667 309.5 27.2191 309.5 26.667V18C309.5 17.4477 309.948 17 310.5 17H311.5Z" fill="#141414"/>
<path d="M25.9258 17.168C23.6333 17.168 22 18.7354 22 20.8813V20.896C22 22.9028 23.4209 24.3823 25.4497 24.3823C26.8999 24.3823 27.8228 23.6426 28.2109 22.8076H28.3574C28.3574 22.8882 28.3501 22.9688 28.3501 23.0493C28.2695 25.0708 27.5591 26.7114 25.8818 26.7114C24.9517 26.7114 24.2998 26.228 24.0215 25.4883L23.9995 25.415H22.1392L22.1538 25.4956C22.4907 27.1143 23.9409 28.2642 25.8818 28.2642C28.5405 28.2642 30.1445 26.1548 30.1445 22.5952V22.5806C30.1445 18.772 28.1816 17.168 25.9258 17.168ZM25.9185 22.9321C24.7173 22.9321 23.8457 22.0532 23.8457 20.8301V20.8154C23.8457 19.6362 24.7759 18.7061 25.9404 18.7061C27.1123 18.7061 28.0278 19.6509 28.0278 20.8594V20.874C28.0278 22.0679 27.1123 22.9321 25.9185 22.9321Z" fill="#141414"/>
<path d="M33.1697 21.1523C33.8436 21.1523 34.3343 20.6396 34.3343 19.9951C34.3343 19.3433 33.8436 18.8379 33.1697 18.8379C32.5032 18.8379 32.0052 19.3433 32.0052 19.9951C32.0052 20.6396 32.5032 21.1523 33.1697 21.1523ZM33.1697 26.5869C33.8436 26.5869 34.3343 26.0815 34.3343 25.4297C34.3343 24.7778 33.8436 24.2725 33.1697 24.2725C32.5032 24.2725 32.0052 24.7778 32.0052 25.4297C32.0052 26.0815 32.5032 26.5869 33.1697 26.5869Z" fill="#141414"/>
<path d="M41.3219 28.0005H43.131V25.9717H44.5519V24.4116H43.131V17.4316H40.4576C39.0221 19.6143 37.5206 22.0459 36.151 24.4263V25.9717H41.3219V28.0005ZM37.9088 24.4556V24.3457C38.9342 22.5513 40.1573 20.5957 41.2413 18.9404H41.3512V24.4556H37.9088Z" fill="#141414"/>
<path d="M48.6317 28.0005H50.5214V17.4316H48.6391L45.8778 19.3726V21.1523L48.5072 19.292H48.6317V28.0005Z" fill="#141414"/>
<path d="M107.985 437.764C110.973 438.448 112.053 439.312 112.053 441.328C112.053 443.308 110.667 445.216 107.355 445.216C105.285 445.216 103.395 444.478 102.567 442.876C102.387 442.516 102.567 442.084 102.945 441.976L104.079 441.616C104.367 441.526 104.673 441.634 104.817 441.886C105.177 442.498 105.933 443.092 107.337 443.092C108.597 443.092 109.605 442.606 109.605 441.508C109.605 440.266 108.183 440.176 106.185 439.672C103.647 439.042 102.801 437.782 102.801 436.036C102.801 433.66 104.619 432.166 107.247 432.166C109.065 432.166 110.559 432.958 111.279 434.416C111.459 434.776 111.243 435.208 110.847 435.316L109.713 435.586C109.443 435.658 109.155 435.532 109.011 435.28C108.723 434.758 108.111 434.308 107.121 434.308C106.095 434.308 105.213 434.848 105.213 435.874C105.213 437.278 106.815 437.494 107.985 437.764ZM114.517 445C114.157 445 113.869 444.712 113.869 444.352V436.522C113.869 436.162 114.157 435.874 114.517 435.874H115.507C115.867 435.874 116.155 436.162 116.155 436.522V444.352C116.155 444.712 115.867 445 115.507 445H114.517ZM115.003 434.542C114.337 434.542 113.797 433.984 113.797 433.318C113.797 432.652 114.337 432.094 115.003 432.094C115.687 432.094 116.227 432.652 116.227 433.318C116.227 433.984 115.687 434.542 115.003 434.542ZM125.374 436.522C125.374 436.162 125.662 435.874 126.004 435.874H127.012C127.372 435.874 127.66 436.162 127.66 436.522V444.01C127.66 446.566 125.95 448.636 122.71 448.636C121.126 448.636 119.668 448.078 118.804 447.268C118.57 447.052 118.606 446.674 118.876 446.512L119.92 445.9C120.1 445.792 120.334 445.81 120.478 445.954C120.91 446.296 121.63 446.602 122.638 446.602C124.402 446.602 125.374 445.612 125.374 443.848V443.164C124.816 443.974 123.916 444.586 122.494 444.586C119.74 444.586 118.066 442.462 118.066 440.122C118.066 437.764 119.74 435.658 122.494 435.658C123.916 435.658 124.816 436.27 125.374 437.062V436.522ZM122.836 442.552C124.366 442.552 125.266 441.436 125.266 440.122C125.266 438.79 124.366 437.692 122.836 437.692C121.36 437.692 120.406 438.754 120.406 440.122C120.406 441.472 121.36 442.552 122.836 442.552ZM136.735 435.874H137.743C138.103 435.874 138.391 436.162 138.391 436.522V444.352C138.391 444.712 138.103 445 137.743 445H136.735C136.393 445 136.105 444.712 136.105 444.352V443.884C135.601 444.622 134.773 445.216 133.459 445.216C131.155 445.216 130.111 443.362 130.111 441.436V436.522C130.111 436.162 130.399 435.874 130.741 435.874H131.749C132.091 435.874 132.379 436.162 132.379 436.522V440.95C132.379 442.12 132.883 443.002 134.161 443.002C135.511 443.002 136.105 442.012 136.105 440.95V436.522C136.105 436.162 136.393 435.874 136.735 435.874ZM144.964 435.658C147.556 435.658 149.662 437.476 149.536 440.698C149.536 441.04 149.248 441.328 148.906 441.328H142.732C143.056 442.534 144.064 443.182 145.324 443.182C146.152 443.182 146.764 442.84 147.124 442.534C147.286 442.39 147.502 442.372 147.682 442.48L148.708 443.092C148.978 443.254 149.014 443.614 148.798 443.848C148.006 444.64 146.782 445.216 145.324 445.216C142.3 445.216 140.302 443.218 140.302 440.446C140.302 437.584 142.444 435.658 144.964 435.658ZM142.732 439.564H147.268C147.034 438.358 146.224 437.692 145 437.692C143.884 437.692 143.002 438.394 142.732 439.564ZM161.42 437.332C161.42 437.674 161.132 437.962 160.772 437.962H159.476V441.292C159.476 442.336 159.62 442.948 160.88 442.948C160.898 442.948 160.898 442.948 160.916 442.948C161.186 442.948 161.42 443.164 161.42 443.434V444.622C161.42 444.874 161.24 445.072 161.006 445.108C160.844 445.126 160.682 445.126 160.466 445.126C158.126 445.126 157.19 443.56 157.19 441.67V437.962H156.362C156.02 437.962 155.732 437.674 155.732 437.332V436.522C155.732 436.162 156.02 435.874 156.362 435.874H157.19V434.614C157.19 434.254 157.46 433.966 157.82 433.966H158.828C159.188 433.966 159.476 434.254 159.476 434.614V435.874H160.772C161.132 435.874 161.42 436.162 161.42 436.522V437.332ZM170.221 435.874H171.229C171.589 435.874 171.877 436.162 171.877 436.522V444.352C171.877 444.712 171.589 445 171.229 445H170.221C169.879 445 169.591 444.712 169.591 444.352V443.884C169.087 444.622 168.259 445.216 166.945 445.216C164.641 445.216 163.597 443.362 163.597 441.436V436.522C163.597 436.162 163.885 435.874 164.227 435.874H165.235C165.577 435.874 165.865 436.162 165.865 436.522V440.95C165.865 442.12 166.369 443.002 167.647 443.002C168.997 443.002 169.591 442.012 169.591 440.95V436.522C169.591 436.162 169.879 435.874 170.221 435.874ZM179.942 445C179.582 445 179.294 444.712 179.294 444.352V436.522C179.294 436.162 179.582 435.874 179.942 435.874H180.932C181.292 435.874 181.58 436.162 181.58 436.522V444.352C181.58 444.712 181.292 445 180.932 445H179.942ZM180.428 434.542C179.762 434.542 179.222 433.984 179.222 433.318C179.222 432.652 179.762 432.094 180.428 432.094C181.112 432.094 181.652 432.652 181.652 433.318C181.652 433.984 181.112 434.542 180.428 434.542ZM188.964 435.658C191.268 435.658 192.312 437.512 192.312 439.456V444.352C192.312 444.712 192.024 445 191.664 445H190.674C190.314 445 190.026 444.712 190.026 444.352V439.924C190.026 438.754 189.54 437.872 188.244 437.872C186.894 437.872 186.3 438.862 186.3 439.924V444.352C186.3 444.712 186.012 445 185.67 445H184.662C184.32 445 184.032 444.712 184.032 444.352V436.522C184.032 436.162 184.32 435.874 184.662 435.874H185.67C186.012 435.874 186.3 436.162 186.3 436.522V436.99C186.804 436.252 187.632 435.658 188.964 435.658ZM198.525 439.546C200.775 440.032 201.747 440.644 201.747 442.192C201.747 443.974 200.451 445.216 197.877 445.216C196.347 445.216 194.817 444.694 194.169 443.524C194.025 443.272 194.151 442.93 194.457 442.84L195.735 442.444C195.951 442.372 196.167 442.462 196.293 442.66C196.491 442.984 196.959 443.308 197.913 443.308C198.867 443.308 199.407 442.948 199.407 442.336C199.407 441.49 198.093 441.508 197.013 441.292C195.249 440.932 194.349 440.068 194.349 438.52C194.349 436.792 195.807 435.658 197.931 435.658C199.317 435.658 200.667 436.252 201.243 437.458C201.369 437.728 201.207 438.052 200.919 438.124L199.749 438.412C199.551 438.466 199.335 438.376 199.227 438.196C199.011 437.854 198.597 437.584 197.931 437.584C197.265 437.584 196.581 437.818 196.581 438.502C196.581 439.312 197.805 439.384 198.525 439.546ZM208.195 437.332C208.195 437.674 207.907 437.962 207.547 437.962H206.251V441.292C206.251 442.336 206.395 442.948 207.655 442.948C207.673 442.948 207.673 442.948 207.691 442.948C207.961 442.948 208.195 443.164 208.195 443.434V444.622C208.195 444.874 208.015 445.072 207.781 445.108C207.619 445.126 207.457 445.126 207.241 445.126C204.901 445.126 203.965 443.56 203.965 441.67V437.962H203.137C202.795 437.962 202.507 437.674 202.507 437.332V436.522C202.507 436.162 202.795 435.874 203.137 435.874H203.965V434.614C203.965 434.254 204.235 433.966 204.595 433.966H205.603C205.963 433.966 206.251 434.254 206.251 434.614V435.874H207.547C207.907 435.874 208.195 436.162 208.195 436.522V437.332ZM217.019 436.522C217.019 436.162 217.307 435.874 217.667 435.874H218.657C219.017 435.874 219.305 436.162 219.305 436.522V444.352C219.305 444.712 219.017 445 218.657 445H217.667C217.307 445 217.019 444.712 217.019 444.352V443.92C216.443 444.676 215.525 445.216 214.103 445.216C211.277 445.216 209.657 442.822 209.657 440.446C209.657 438.052 211.277 435.658 214.103 435.658C215.525 435.658 216.443 436.198 217.019 436.954V436.522ZM214.463 443.038C216.029 443.038 216.929 441.85 216.929 440.446C216.929 439.024 216.029 437.854 214.463 437.854C212.897 437.854 211.997 439.042 211.997 440.446C211.997 441.832 212.897 443.038 214.463 443.038ZM221.754 433.048C221.754 432.688 222.042 432.4 222.402 432.4H223.41C223.752 432.4 224.04 432.688 224.04 433.048V444.352C224.04 444.712 223.752 445 223.41 445H222.402C222.042 445 221.754 444.712 221.754 444.352V433.048ZM233.313 436.522C233.313 436.162 233.601 435.874 233.961 435.874H234.951C235.311 435.874 235.599 436.162 235.599 436.522V444.352C235.599 444.712 235.311 445 234.951 445H233.961C233.601 445 233.313 444.712 233.313 444.352V443.92C232.737 444.676 231.819 445.216 230.397 445.216C227.571 445.216 225.951 442.822 225.951 440.446C225.951 438.052 227.571 435.658 230.397 435.658C231.819 435.658 232.737 436.198 233.313 436.954V436.522ZM230.757 443.038C232.323 443.038 233.223 441.85 233.223 440.446C233.223 439.024 232.323 437.854 230.757 437.854C229.191 437.854 228.291 439.042 228.291 440.446C228.291 441.832 229.191 443.038 230.757 443.038ZM242.333 443.038C243.143 443.038 243.773 442.714 244.205 442.192C244.367 442.012 244.619 441.958 244.817 442.084L245.969 442.75C246.221 442.894 246.293 443.218 246.113 443.452C245.249 444.532 243.899 445.216 242.333 445.216C239.597 445.216 237.509 443.11 237.509 440.446C237.509 437.764 239.597 435.658 242.333 435.658C243.899 435.658 245.249 436.342 246.113 437.422C246.293 437.656 246.221 437.98 245.969 438.142L244.817 438.79C244.619 438.916 244.367 438.862 244.205 438.682C243.773 438.178 243.143 437.854 242.333 437.854C240.803 437.854 239.849 439.024 239.849 440.446C239.849 441.85 240.803 443.038 242.333 443.038ZM248.725 445C248.365 445 248.077 444.712 248.077 444.352V436.522C248.077 436.162 248.365 435.874 248.725 435.874H249.715C250.075 435.874 250.363 436.162 250.363 436.522V444.352C250.363 444.712 250.075 445 249.715 445H248.725ZM249.211 434.542C248.545 434.542 248.005 433.984 248.005 433.318C248.005 432.652 248.545 432.094 249.211 432.094C249.895 432.094 250.435 432.652 250.435 433.318C250.435 433.984 249.895 434.542 249.211 434.542ZM257.081 435.658C259.835 435.658 261.905 437.764 261.905 440.446C261.905 443.11 259.835 445.234 257.081 445.234C254.345 445.234 252.275 443.11 252.275 440.446C252.275 437.764 254.345 435.658 257.081 435.658ZM257.081 443.038C258.611 443.038 259.565 441.868 259.565 440.446C259.565 439.024 258.611 437.854 257.081 437.854C255.569 437.854 254.615 439.024 254.615 440.446C254.615 441.868 255.569 443.038 257.081 443.038ZM257.603 431.914H258.989C259.259 431.914 259.403 432.202 259.259 432.418L258.053 434.164C257.927 434.326 257.729 434.434 257.531 434.434H256.523C256.289 434.434 256.127 434.182 256.217 433.984L257.009 432.274C257.117 432.058 257.351 431.914 257.603 431.914ZM268.742 435.658C271.046 435.658 272.09 437.512 272.09 439.456V444.352C272.09 444.712 271.802 445 271.442 445H270.452C270.092 445 269.804 444.712 269.804 444.352V439.924C269.804 438.754 269.318 437.872 268.022 437.872C266.672 437.872 266.078 438.862 266.078 439.924V444.352C266.078 444.712 265.79 445 265.448 445H264.44C264.098 445 263.81 444.712 263.81 444.352V436.522C263.81 436.162 264.098 435.874 264.44 435.874H265.448C265.79 435.874 266.078 436.162 266.078 436.522V436.99C266.582 436.252 267.41 435.658 268.742 435.658ZM31.0225 489.544H35.3105C35.5505 489.544 35.7425 489.736 35.7425 489.96V490.568C35.7425 490.808 35.5505 491 35.3105 491H29.8385C29.6145 491 29.4225 490.808 29.4225 490.568V480.232C29.4225 479.992 29.6145 479.8 29.8385 479.8H35.1665C35.4065 479.8 35.5985 479.992 35.5985 480.232V480.824C35.5985 481.064 35.4065 481.256 35.1665 481.256H31.0225V484.472H34.7985C35.0385 484.472 35.2305 484.664 35.2305 484.904V485.496C35.2305 485.736 35.0385 485.928 34.7985 485.928H31.0225V489.544ZM40.9705 486.296C42.9545 486.712 43.6265 487.336 43.6265 488.568C43.6265 489.992 42.5865 491.192 40.4425 491.192C39.0505 491.192 37.8665 490.712 37.3545 489.816C37.2265 489.576 37.3545 489.288 37.5945 489.208L38.2345 488.984C38.4265 488.92 38.6185 489 38.7305 489.16C38.9545 489.512 39.4505 489.864 40.4745 489.864C41.5305 489.864 42.1225 489.432 42.1225 488.712C42.1225 487.752 40.7625 487.768 39.6265 487.512C38.1225 487.16 37.4505 486.424 37.4505 485.24C37.4505 483.752 38.6825 482.696 40.4585 482.696C41.5785 482.696 42.5865 483.192 43.0345 484.072C43.1625 484.312 43.0345 484.616 42.7785 484.68L42.2025 484.84C42.0265 484.888 41.8345 484.824 41.7385 484.664C41.5145 484.312 41.0505 483.992 40.3145 483.992C39.5145 483.992 38.9385 484.456 38.9385 485.128C38.9385 486.04 40.0425 486.104 40.9705 486.296ZM49.142 483.848C49.142 484.088 48.95 484.28 48.71 484.28H47.254V487.832C47.254 488.984 47.286 489.752 48.534 489.752C48.614 489.752 48.694 489.752 48.758 489.752C48.966 489.736 49.142 489.896 49.142 490.104V490.696C49.142 490.888 48.998 491.032 48.822 491.048C48.678 491.064 48.518 491.08 48.358 491.08C46.582 491.08 45.798 490.136 45.798 488.344V484.28H44.838C44.598 484.28 44.406 484.088 44.406 483.848V483.32C44.406 483.08 44.598 482.888 44.838 482.888H45.798V481.608C45.798 481.384 45.99 481.192 46.23 481.192H46.822C47.062 481.192 47.254 481.384 47.254 481.608V482.888H48.71C48.95 482.888 49.142 483.08 49.142 483.32V483.848ZM57.6148 483.32C57.6148 483.08 57.8068 482.888 58.0468 482.888H58.6548C58.8948 482.888 59.0868 483.08 59.0868 483.32V490.568C59.0868 490.808 58.8948 491 58.6548 491H58.0468C57.8068 491 57.6148 490.808 57.6148 490.568V489.864C57.0228 490.616 56.0788 491.192 54.6708 491.192C52.1428 491.192 50.6388 489.064 50.6388 486.952C50.6388 484.824 52.1428 482.696 54.6708 482.696C56.0788 482.696 57.0228 483.272 57.6148 484.024V483.32ZM54.8148 489.816C56.6068 489.816 57.6148 488.552 57.6148 486.952C57.6148 485.336 56.6068 484.072 54.8148 484.072C53.1348 484.072 52.1268 485.304 52.1268 486.952C52.1268 488.584 53.1348 489.816 54.8148 489.816ZM70.0156 482.696C71.5676 482.696 72.8636 483.928 72.8636 485.64V490.568C72.8636 490.808 72.6716 491 72.4476 491H71.8396C71.5996 491 71.4076 490.808 71.4076 490.568V486.056C71.4076 484.92 70.8476 484.072 69.6796 484.072C68.5276 484.072 67.8876 485.032 67.8876 486.056V490.568C67.8876 490.808 67.6956 491 67.4716 491H66.8636C66.6236 491 66.4316 490.808 66.4316 490.568V486.056C66.4316 484.92 65.8716 484.072 64.7036 484.072C63.5516 484.072 62.9116 485.032 62.9116 486.056V490.568C62.9116 490.808 62.7196 491 62.4956 491H61.8876C61.6476 491 61.4556 490.808 61.4556 490.568V483.32C61.4556 483.08 61.6476 482.888 61.8876 482.888H62.4956C62.7196 482.888 62.9116 483.08 62.9116 483.32V483.848C63.3596 483.208 64.0796 482.696 65.1036 482.696C66.0796 482.696 66.9276 483.208 67.4236 483.992C67.9356 483.272 68.7996 482.696 70.0156 482.696ZM79.006 482.696C81.454 482.696 83.262 484.616 83.262 486.952C83.262 489.288 81.454 491.208 79.006 491.208C76.558 491.208 74.75 489.288 74.75 486.952C74.75 484.616 76.558 482.696 79.006 482.696ZM79.006 489.816C80.606 489.816 81.774 488.6 81.774 486.952C81.774 485.288 80.606 484.072 79.006 484.072C77.406 484.072 76.254 485.288 76.254 486.952C76.254 488.6 77.406 489.816 79.006 489.816ZM88.233 486.296C90.217 486.712 90.889 487.336 90.889 488.568C90.889 489.992 89.849 491.192 87.705 491.192C86.313 491.192 85.129 490.712 84.617 489.816C84.489 489.576 84.617 489.288 84.857 489.208L85.497 488.984C85.689 488.92 85.881 489 85.993 489.16C86.217 489.512 86.713 489.864 87.737 489.864C88.793 489.864 89.385 489.432 89.385 488.712C89.385 487.752 88.025 487.768 86.889 487.512C85.385 487.16 84.713 486.424 84.713 485.24C84.713 483.752 85.945 482.696 87.721 482.696C88.841 482.696 89.849 483.192 90.297 484.072C90.425 484.312 90.297 484.616 90.041 484.68L89.465 484.84C89.289 484.888 89.097 484.824 89.001 484.664C88.777 484.312 88.313 483.992 87.577 483.992C86.777 483.992 86.201 484.456 86.201 485.128C86.201 486.04 87.305 486.104 88.233 486.296ZM101.688 482.696C104.216 482.696 105.736 484.824 105.736 486.952C105.736 489.064 104.216 491.192 101.688 491.192C100.28 491.192 99.3515 490.616 98.7435 489.864V493.656C98.7435 493.896 98.5515 494.088 98.3115 494.088H97.7035C97.4795 494.088 97.2875 493.896 97.2875 493.656V483.32C97.2875 483.08 97.4795 482.888 97.7035 482.888H98.3115C98.5515 482.888 98.7435 483.08 98.7435 483.32V484.024C99.3515 483.272 100.28 482.696 101.688 482.696ZM101.544 489.816C103.224 489.816 104.232 488.584 104.232 486.952C104.232 485.304 103.224 484.072 101.544 484.072C99.7675 484.072 98.7435 485.336 98.7435 486.952C98.7435 488.552 99.7675 489.816 101.544 489.816ZM109.08 484.296C109.576 483.304 110.536 482.792 111.48 482.712C111.656 482.696 111.8 482.824 111.8 482.984V484.024C111.8 484.184 111.656 484.312 111.496 484.312C109.368 484.2 109.08 485.928 109.08 487.368V490.568C109.08 490.808 108.888 491 108.664 491H108.056C107.816 491 107.624 490.808 107.624 490.568V483.32C107.624 483.08 107.816 482.888 108.056 482.888H108.664C108.888 482.888 109.08 483.08 109.08 483.32V484.296ZM116.984 482.696C119.048 482.696 121 484.328 120.92 487.016C120.92 487.32 120.664 487.576 120.36 487.576H114.424C114.664 488.904 115.64 489.816 117.24 489.816C117.976 489.816 118.664 489.56 119.144 489.128C119.288 489 119.496 488.984 119.656 489.096L120.136 489.4C120.376 489.544 120.408 489.864 120.232 490.056C119.496 490.792 118.456 491.192 117.24 491.192C114.552 491.192 112.888 489.288 112.888 486.952C112.888 484.6 114.6 482.696 116.984 482.696ZM114.424 486.312H119.4C119.208 484.952 118.36 484.072 116.984 484.072C115.592 484.072 114.648 484.968 114.424 486.312ZM127.229 482.696C129.757 482.696 131.277 484.824 131.277 486.952C131.277 489.064 129.757 491.192 127.229 491.192C125.821 491.192 124.893 490.616 124.285 489.864V493.656C124.285 493.896 124.093 494.088 123.853 494.088H123.245C123.021 494.088 122.829 493.896 122.829 493.656V483.32C122.829 483.08 123.021 482.888 123.245 482.888H123.853C124.093 482.888 124.285 483.08 124.285 483.32V484.024C124.893 483.272 125.821 482.696 127.229 482.696ZM127.085 489.816C128.765 489.816 129.773 488.584 129.773 486.952C129.773 485.304 128.765 484.072 127.085 484.072C125.309 484.072 124.285 485.336 124.285 486.952C124.285 488.552 125.309 489.816 127.085 489.816ZM139.662 483.32C139.662 483.08 139.854 482.888 140.094 482.888H140.702C140.942 482.888 141.134 483.08 141.134 483.32V490.568C141.134 490.808 140.942 491 140.702 491H140.094C139.854 491 139.662 490.808 139.662 490.568V489.864C139.07 490.616 138.126 491.192 136.718 491.192C134.19 491.192 132.686 489.064 132.686 486.952C132.686 484.824 134.19 482.696 136.718 482.696C138.126 482.696 139.07 483.272 139.662 484.024V483.32ZM136.862 489.816C138.654 489.816 139.662 488.552 139.662 486.952C139.662 485.336 138.654 484.072 136.862 484.072C135.182 484.072 134.174 485.304 134.174 486.952C134.174 488.584 135.182 489.816 136.862 489.816ZM144.959 484.296C145.455 483.304 146.415 482.792 147.359 482.712C147.535 482.696 147.679 482.824 147.679 482.984V484.024C147.679 484.184 147.535 484.312 147.375 484.312C145.247 484.2 144.959 485.928 144.959 487.368V490.568C144.959 490.808 144.767 491 144.543 491H143.935C143.695 491 143.503 490.808 143.503 490.568V483.32C143.503 483.08 143.695 482.888 143.935 482.888H144.543C144.767 482.888 144.959 483.08 144.959 483.32V484.296ZM155.742 483.32C155.742 483.08 155.934 482.888 156.174 482.888H156.782C157.022 482.888 157.214 483.08 157.214 483.32V490.568C157.214 490.808 157.022 491 156.782 491H156.174C155.934 491 155.742 490.808 155.742 490.568V489.864C155.15 490.616 154.206 491.192 152.798 491.192C150.27 491.192 148.766 489.064 148.766 486.952C148.766 484.824 150.27 482.696 152.798 482.696C154.206 482.696 155.15 483.272 155.742 484.024V483.32ZM152.942 489.816C154.734 489.816 155.742 488.552 155.742 486.952C155.742 485.336 154.734 484.072 152.942 484.072C151.262 484.072 150.254 485.304 150.254 486.952C150.254 488.584 151.262 489.816 152.942 489.816ZM163.535 482.696C165.359 482.696 166.655 484.2 166.655 485.928V490.568C166.655 490.808 166.463 491 166.223 491H165.615C165.391 491 165.199 490.808 165.199 490.568V486.344C165.199 485.208 164.703 484.072 163.183 484.072C161.647 484.072 161.039 485.4 161.039 486.344V490.568C161.039 490.808 160.847 491 160.607 491H159.999C159.759 491 159.583 490.808 159.583 490.568V483.32C159.583 483.08 159.759 482.888 159.999 482.888H160.607C160.847 482.888 161.039 483.08 161.039 483.32V484.024C161.519 483.304 162.303 482.696 163.535 482.696ZM175.541 480.232C175.541 479.992 175.733 479.8 175.957 479.8H176.565C176.805 479.8 176.997 479.992 176.997 480.232V490.568C176.997 490.808 176.805 491 176.565 491H175.957C175.733 491 175.541 490.808 175.541 490.568V489.864C174.933 490.616 173.989 491.192 172.581 491.192C170.053 491.192 168.549 489.064 168.549 486.952C168.549 484.824 170.053 482.696 172.581 482.696C173.989 482.696 174.933 483.272 175.541 484.024V480.232ZM172.725 489.816C174.517 489.816 175.541 488.552 175.541 486.952C175.541 485.336 174.517 484.072 172.725 484.072C171.061 484.072 170.037 485.304 170.037 486.952C170.037 488.584 171.061 489.816 172.725 489.816ZM183.142 482.696C185.59 482.696 187.398 484.616 187.398 486.952C187.398 489.288 185.59 491.208 183.142 491.208C180.694 491.208 178.886 489.288 178.886 486.952C178.886 484.616 180.694 482.696 183.142 482.696ZM183.142 489.816C184.742 489.816 185.91 488.6 185.91 486.952C185.91 485.288 184.742 484.072 183.142 484.072C181.542 484.072 180.39 485.288 180.39 486.952C180.39 488.6 181.542 489.816 183.142 489.816ZM197.916 483.848C197.916 484.088 197.724 484.28 197.484 484.28H196.028V487.832C196.028 488.984 196.06 489.752 197.308 489.752C197.388 489.752 197.468 489.752 197.532 489.752C197.74 489.736 197.916 489.896 197.916 490.104V490.696C197.916 490.888 197.772 491.032 197.596 491.048C197.452 491.064 197.292 491.08 197.132 491.08C195.356 491.08 194.572 490.136 194.572 488.344V484.28H193.612C193.372 484.28 193.18 484.088 193.18 483.848V483.32C193.18 483.08 193.372 482.888 193.612 482.888H194.572V481.608C194.572 481.384 194.764 481.192 195.004 481.192H195.596C195.836 481.192 196.028 481.384 196.028 481.608V482.888H197.484C197.724 482.888 197.916 483.08 197.916 483.32V483.848ZM203.669 482.696C206.117 482.696 207.925 484.616 207.925 486.952C207.925 489.288 206.117 491.208 203.669 491.208C201.221 491.208 199.413 489.288 199.413 486.952C199.413 484.616 201.221 482.696 203.669 482.696ZM203.669 489.816C205.269 489.816 206.437 488.6 206.437 486.952C206.437 485.288 205.269 484.072 203.669 484.072C202.069 484.072 200.917 485.288 200.917 486.952C200.917 488.6 202.069 489.816 203.669 489.816ZM216.32 480.232C216.32 479.992 216.512 479.8 216.736 479.8H217.344C217.584 479.8 217.776 479.992 217.776 480.232V490.568C217.776 490.808 217.584 491 217.344 491H216.736C216.512 491 216.32 490.808 216.32 490.568V489.864C215.712 490.616 214.768 491.192 213.36 491.192C210.832 491.192 209.328 489.064 209.328 486.952C209.328 484.824 210.832 482.696 213.36 482.696C214.768 482.696 215.712 483.272 216.32 484.024V480.232ZM213.504 489.816C215.296 489.816 216.32 488.552 216.32 486.952C216.32 485.336 215.296 484.072 213.504 484.072C211.84 484.072 210.816 485.304 210.816 486.952C210.816 488.584 211.84 489.816 213.504 489.816ZM223.92 482.696C226.368 482.696 228.176 484.616 228.176 486.952C228.176 489.288 226.368 491.208 223.92 491.208C221.472 491.208 219.664 489.288 219.664 486.952C219.664 484.616 221.472 482.696 223.92 482.696ZM223.92 489.816C225.52 489.816 226.688 488.6 226.688 486.952C226.688 485.288 225.52 484.072 223.92 484.072C222.32 484.072 221.168 485.288 221.168 486.952C221.168 488.6 222.32 489.816 223.92 489.816ZM239.062 482.696C241.59 482.696 243.11 484.824 243.11 486.952C243.11 489.064 241.59 491.192 239.062 491.192C237.654 491.192 236.726 490.616 236.118 489.864V493.656C236.118 493.896 235.926 494.088 235.686 494.088H235.078C234.854 494.088 234.662 493.896 234.662 493.656V483.32C234.662 483.08 234.854 482.888 235.078 482.888H235.686C235.926 482.888 236.118 483.08 236.118 483.32V484.024C236.726 483.272 237.654 482.696 239.062 482.696ZM238.918 489.816C240.598 489.816 241.606 488.584 241.606 486.952C241.606 485.304 240.598 484.072 238.918 484.072C237.142 484.072 236.118 485.336 236.118 486.952C236.118 488.552 237.142 489.816 238.918 489.816ZM251.495 483.32C251.495 483.08 251.687 482.888 251.927 482.888H252.535C252.775 482.888 252.967 483.08 252.967 483.32V490.568C252.967 490.808 252.775 491 252.535 491H251.927C251.687 491 251.495 490.808 251.495 490.568V489.864C250.903 490.616 249.959 491.192 248.551 491.192C246.023 491.192 244.519 489.064 244.519 486.952C244.519 484.824 246.023 482.696 248.551 482.696C249.959 482.696 250.903 483.272 251.495 484.024V483.32ZM248.695 489.816C250.487 489.816 251.495 488.552 251.495 486.952C251.495 485.336 250.487 484.072 248.695 484.072C247.015 484.072 246.007 485.304 246.007 486.952C246.007 488.584 247.015 489.816 248.695 489.816ZM256.792 484.296C257.288 483.304 258.248 482.792 259.192 482.712C259.368 482.696 259.512 482.824 259.512 482.984V484.024C259.512 484.184 259.368 484.312 259.208 484.312C257.08 484.2 256.792 485.928 256.792 487.368V490.568C256.792 490.808 256.6 491 256.376 491H255.768C255.528 491 255.336 490.808 255.336 490.568V483.32C255.336 483.08 255.528 482.888 255.768 482.888H256.376C256.6 482.888 256.792 483.08 256.792 483.32V484.296ZM267.575 483.32C267.575 483.08 267.767 482.888 268.007 482.888H268.615C268.855 482.888 269.047 483.08 269.047 483.32V490.568C269.047 490.808 268.855 491 268.615 491H268.007C267.767 491 267.575 490.808 267.575 490.568V489.864C266.983 490.616 266.039 491.192 264.631 491.192C262.103 491.192 260.599 489.064 260.599 486.952C260.599 484.824 262.103 482.696 264.631 482.696C266.039 482.696 266.983 483.272 267.575 484.024V483.32ZM264.775 489.816C266.567 489.816 267.575 488.552 267.575 486.952C267.575 485.336 266.567 484.072 264.775 484.072C263.095 484.072 262.087 485.304 262.087 486.952C262.087 488.584 263.095 489.816 264.775 489.816ZM280.418 482.696C282.946 482.696 284.466 484.824 284.466 486.952C284.466 489.064 282.946 491.192 280.418 491.192C279.01 491.192 278.082 490.616 277.474 489.864V490.568C277.474 490.808 277.282 491 277.042 491H276.45C276.21 491 276.018 490.808 276.018 490.568V480.232C276.018 479.992 276.21 479.8 276.45 479.8H277.042C277.282 479.8 277.474 479.992 277.474 480.232V484.024C278.082 483.272 279.01 482.696 280.418 482.696ZM280.274 489.816C281.954 489.816 282.962 488.584 282.962 486.952C282.962 485.304 281.954 484.072 280.274 484.072C278.498 484.072 277.474 485.336 277.474 486.952C277.474 488.552 278.498 489.816 280.274 489.816ZM287.811 484.296C288.307 483.304 289.267 482.792 290.211 482.712C290.387 482.696 290.531 482.824 290.531 482.984V484.024C290.531 484.184 290.387 484.312 290.227 484.312C288.099 484.2 287.811 485.928 287.811 487.368V490.568C287.811 490.808 287.619 491 287.395 491H286.787C286.547 491 286.355 490.808 286.355 490.568V483.32C286.355 483.08 286.547 482.888 286.787 482.888H287.395C287.619 482.888 287.811 483.08 287.811 483.32V484.296ZM292.859 491C292.619 491 292.427 490.808 292.427 490.568V483.32C292.427 483.08 292.619 482.888 292.859 482.888H293.451C293.691 482.888 293.883 483.08 293.883 483.32V490.568C293.883 490.808 293.691 491 293.451 491H292.859ZM293.147 481.448C292.699 481.448 292.315 481.08 292.315 480.616C292.315 480.152 292.699 479.784 293.147 479.784C293.611 479.784 293.979 480.152 293.979 480.616C293.979 481.08 293.611 481.448 293.147 481.448ZM300.2 482.696C302.024 482.696 303.32 484.2 303.32 485.928V490.568C303.32 490.808 303.128 491 302.888 491H302.28C302.056 491 301.864 490.808 301.864 490.568V486.344C301.864 485.208 301.368 484.072 299.848 484.072C298.312 484.072 297.704 485.4 297.704 486.344V490.568C297.704 490.808 297.512 491 297.272 491H296.664C296.424 491 296.248 490.808 296.248 490.568V483.32C296.248 483.08 296.424 482.888 296.664 482.888H297.272C297.512 482.888 297.704 483.08 297.704 483.32V484.024C298.184 483.304 298.968 482.696 300.2 482.696ZM312.206 480.232C312.206 479.992 312.398 479.8 312.622 479.8H313.23C313.47 479.8 313.662 479.992 313.662 480.232V490.568C313.662 490.808 313.47 491 313.23 491H312.622C312.398 491 312.206 490.808 312.206 490.568V489.864C311.598 490.616 310.654 491.192 309.246 491.192C306.718 491.192 305.214 489.064 305.214 486.952C305.214 484.824 306.718 482.696 309.246 482.696C310.654 482.696 311.598 483.272 312.206 484.024V480.232ZM309.39 489.816C311.182 489.816 312.206 488.552 312.206 486.952C312.206 485.336 311.182 484.072 309.39 484.072C307.726 484.072 306.702 485.304 306.702 486.952C306.702 488.584 307.726 489.816 309.39 489.816ZM322.527 483.32C322.527 483.08 322.719 482.888 322.959 482.888H323.567C323.807 482.888 323.999 483.08 323.999 483.32V490.568C323.999 490.808 323.807 491 323.567 491H322.959C322.719 491 322.527 490.808 322.527 490.568V489.864C321.935 490.616 320.991 491.192 319.583 491.192C317.055 491.192 315.551 489.064 315.551 486.952C315.551 484.824 317.055 482.696 319.583 482.696C320.991 482.696 321.935 483.272 322.527 484.024V483.32ZM319.727 489.816C321.519 489.816 322.527 488.552 322.527 486.952C322.527 485.336 321.519 484.072 319.727 484.072C318.047 484.072 317.039 485.304 317.039 486.952C317.039 488.584 318.047 489.816 319.727 489.816ZM327.824 484.296C328.32 483.304 329.28 482.792 330.224 482.712C330.4 482.696 330.544 482.824 330.544 482.984V484.024C330.544 484.184 330.4 484.312 330.24 484.312C328.112 484.2 327.824 485.928 327.824 487.368V490.568C327.824 490.808 327.632 491 327.408 491H326.8C326.56 491 326.368 490.808 326.368 490.568V483.32C326.368 483.08 326.56 482.888 326.8 482.888H327.408C327.632 482.888 327.824 483.08 327.824 483.32V484.296ZM336.299 483.848C336.299 484.088 336.107 484.28 335.867 484.28H334.411V487.832C334.411 488.984 334.443 489.752 335.691 489.752C335.771 489.752 335.851 489.752 335.915 489.752C336.123 489.736 336.299 489.896 336.299 490.104V490.696C336.299 490.888 336.155 491.032 335.979 491.048C335.835 491.064 335.675 491.08 335.515 491.08C333.739 491.08 332.955 490.136 332.955 488.344V484.28H331.995C331.755 484.28 331.563 484.088 331.563 483.848V483.32C331.563 483.08 331.755 482.888 331.995 482.888H332.955V481.608C332.955 481.384 333.147 481.192 333.387 481.192H333.979C334.219 481.192 334.411 481.384 334.411 481.608V482.888H335.867C336.107 482.888 336.299 483.08 336.299 483.32V483.848ZM341.892 482.696C343.956 482.696 345.908 484.328 345.828 487.016C345.828 487.32 345.572 487.576 345.268 487.576H339.332C339.572 488.904 340.548 489.816 342.148 489.816C342.884 489.816 343.572 489.56 344.052 489.128C344.196 489 344.404 488.984 344.564 489.096L345.044 489.4C345.284 489.544 345.316 489.864 345.14 490.056C344.404 490.792 343.364 491.192 342.148 491.192C339.46 491.192 337.796 489.288 337.796 486.952C337.796 484.6 339.508 482.696 341.892 482.696ZM339.332 486.312H344.308C344.116 484.952 343.268 484.072 341.892 484.072C340.5 484.072 339.556 484.968 339.332 486.312ZM33.0647 502.232C33.0647 501.992 33.2567 501.8 33.4967 501.8H34.1047C34.3447 501.8 34.5207 501.992 34.5207 502.232V512.568C34.5207 512.808 34.3447 513 34.1047 513H33.4967C33.2567 513 33.0647 512.808 33.0647 512.568V502.232ZM43.3819 505.32C43.3819 505.08 43.5739 504.888 43.8139 504.888H44.4219C44.6619 504.888 44.8539 505.08 44.8539 505.32V512.568C44.8539 512.808 44.6619 513 44.4219 513H43.8139C43.5739 513 43.3819 512.808 43.3819 512.568V511.864C42.7899 512.616 41.8459 513.192 40.4379 513.192C37.9099 513.192 36.4059 511.064 36.4059 508.952C36.4059 506.824 37.9099 504.696 40.4379 504.696C41.8459 504.696 42.7899 505.272 43.3819 506.024V505.32ZM40.5819 511.816C42.3739 511.816 43.3819 510.552 43.3819 508.952C43.3819 507.336 42.3739 506.072 40.5819 506.072C38.9019 506.072 37.8939 507.304 37.8939 508.952C37.8939 510.584 38.9019 511.816 40.5819 511.816ZM60.3853 504.696C61.9373 504.696 63.2333 505.928 63.2333 507.64V512.568C63.2333 512.808 63.0413 513 62.8173 513H62.2093C61.9693 513 61.7773 512.808 61.7773 512.568V508.056C61.7773 506.92 61.2173 506.072 60.0493 506.072C58.8973 506.072 58.2573 507.032 58.2573 508.056V512.568C58.2573 512.808 58.0653 513 57.8413 513H57.2333C56.9933 513 56.8013 512.808 56.8013 512.568V508.056C56.8013 506.92 56.2413 506.072 55.0733 506.072C53.9213 506.072 53.2813 507.032 53.2813 508.056V512.568C53.2813 512.808 53.0893 513 52.8653 513H52.2573C52.0173 513 51.8253 512.808 51.8253 512.568V505.32C51.8253 505.08 52.0173 504.888 52.2573 504.888H52.8653C53.0893 504.888 53.2813 505.08 53.2813 505.32V505.848C53.7293 505.208 54.4493 504.696 55.4733 504.696C56.4493 504.696 57.2973 505.208 57.7933 505.992C58.3053 505.272 59.1693 504.696 60.3853 504.696ZM69.2157 504.696C71.2797 504.696 73.2317 506.328 73.1517 509.016C73.1517 509.32 72.8957 509.576 72.5917 509.576H66.6557C66.8957 510.904 67.8717 511.816 69.4717 511.816C70.2077 511.816 70.8957 511.56 71.3757 511.128C71.5197 511 71.7277 510.984 71.8877 511.096L72.3677 511.4C72.6077 511.544 72.6397 511.864 72.4637 512.056C71.7277 512.792 70.6877 513.192 69.4717 513.192C66.7837 513.192 65.1197 511.288 65.1197 508.952C65.1197 506.6 66.8317 504.696 69.2157 504.696ZM66.6557 508.312H71.6317C71.4397 506.952 70.5917 506.072 69.2157 506.072C67.8237 506.072 66.8797 506.968 66.6557 508.312ZM75.0776 512.856V505.32C75.0776 505.08 75.2696 504.888 75.5096 504.888H76.1176C76.3416 504.888 76.5336 505.08 76.5336 505.32V513.144C76.5336 514.664 75.7016 515.944 73.7336 515.944C73.6536 515.944 73.5896 515.944 73.5256 515.944C73.3336 515.944 73.1736 515.784 73.1736 515.592V514.984C73.1736 514.792 73.3176 514.632 73.5096 514.632C74.7736 514.552 75.0776 513.864 75.0776 512.856ZM75.8136 503.448C75.3496 503.448 74.9816 503.08 74.9816 502.616C74.9816 502.152 75.3496 501.784 75.8136 501.784C76.2776 501.784 76.6456 502.152 76.6456 502.616C76.6456 503.08 76.2776 503.448 75.8136 503.448ZM82.6744 504.696C85.1224 504.696 86.9304 506.616 86.9304 508.952C86.9304 511.288 85.1224 513.208 82.6744 513.208C80.2264 513.208 78.4184 511.288 78.4184 508.952C78.4184 506.616 80.2264 504.696 82.6744 504.696ZM82.6744 511.816C84.2744 511.816 85.4424 510.6 85.4424 508.952C85.4424 507.288 84.2744 506.072 82.6744 506.072C81.0744 506.072 79.9224 507.288 79.9224 508.952C79.9224 510.6 81.0744 511.816 82.6744 511.816ZM90.2694 506.296C90.7654 505.304 91.7254 504.792 92.6694 504.712C92.8454 504.696 92.9894 504.824 92.9894 504.984V506.024C92.9894 506.184 92.8454 506.312 92.6854 506.312C90.5574 506.2 90.2694 507.928 90.2694 509.368V512.568C90.2694 512.808 90.0774 513 89.8534 513H89.2454C89.0054 513 88.8134 512.808 88.8134 512.568V505.32C88.8134 505.08 89.0054 504.888 89.2454 504.888H89.8534C90.0774 504.888 90.2694 505.08 90.2694 505.32V506.296ZM103.088 504.696C105.152 504.696 107.104 506.328 107.024 509.016C107.024 509.32 106.768 509.576 106.464 509.576H100.528C100.768 510.904 101.744 511.816 103.344 511.816C104.08 511.816 104.768 511.56 105.248 511.128C105.392 511 105.6 510.984 105.76 511.096L106.24 511.4C106.48 511.544 106.512 511.864 106.336 512.056C105.6 512.792 104.56 513.192 103.344 513.192C100.656 513.192 98.9916 511.288 98.9916 508.952C98.9916 506.6 100.704 504.696 103.088 504.696ZM100.528 508.312H105.504C105.312 506.952 104.464 506.072 103.088 506.072C101.696 506.072 100.752 506.968 100.528 508.312ZM115.133 512.552C115.261 512.744 115.133 513 114.893 513H113.965C113.773 513 113.597 512.904 113.485 512.744L111.677 510.072L109.869 512.744C109.757 512.904 109.581 513 109.389 513H108.445C108.221 513 108.093 512.744 108.221 512.552L110.749 508.824L108.349 505.336C108.221 505.144 108.365 504.888 108.589 504.888H109.517C109.709 504.888 109.901 504.984 109.997 505.16L111.661 507.752L113.357 505.144C113.453 504.984 113.629 504.888 113.837 504.888H114.765C114.989 504.888 115.133 505.144 115.005 505.336L112.589 508.824L115.133 512.552ZM121.467 504.696C123.995 504.696 125.515 506.824 125.515 508.952C125.515 511.064 123.995 513.192 121.467 513.192C120.059 513.192 119.131 512.616 118.523 511.864V515.656C118.523 515.896 118.331 516.088 118.091 516.088H117.483C117.259 516.088 117.067 515.896 117.067 515.656V505.32C117.067 505.08 117.259 504.888 117.483 504.888H118.091C118.331 504.888 118.523 505.08 118.523 505.32V506.024C119.131 505.272 120.059 504.696 121.467 504.696ZM121.323 511.816C123.003 511.816 124.011 510.584 124.011 508.952C124.011 507.304 123.003 506.072 121.323 506.072C119.547 506.072 118.523 507.336 118.523 508.952C118.523 510.552 119.547 511.816 121.323 511.816ZM131.02 504.696C133.084 504.696 135.036 506.328 134.956 509.016C134.956 509.32 134.7 509.576 134.396 509.576H128.46C128.7 510.904 129.676 511.816 131.276 511.816C132.012 511.816 132.7 511.56 133.18 511.128C133.324 511 133.532 510.984 133.692 511.096L134.172 511.4C134.412 511.544 134.444 511.864 134.268 512.056C133.532 512.792 132.492 513.192 131.276 513.192C128.588 513.192 126.924 511.288 126.924 508.952C126.924 506.6 128.636 504.696 131.02 504.696ZM128.46 508.312H133.436C133.244 506.952 132.396 506.072 131.02 506.072C129.628 506.072 128.684 506.968 128.46 508.312ZM138.322 506.296C138.818 505.304 139.778 504.792 140.722 504.712C140.898 504.696 141.042 504.824 141.042 504.984V506.024C141.042 506.184 140.898 506.312 140.738 506.312C138.61 506.2 138.322 507.928 138.322 509.368V512.568C138.322 512.808 138.13 513 137.906 513H137.298C137.058 513 136.866 512.808 136.866 512.568V505.32C136.866 505.08 137.058 504.888 137.298 504.888H137.906C138.13 504.888 138.322 505.08 138.322 505.32V506.296ZM143.37 513C143.13 513 142.938 512.808 142.938 512.568V505.32C142.938 505.08 143.13 504.888 143.37 504.888H143.962C144.202 504.888 144.394 505.08 144.394 505.32V512.568C144.394 512.808 144.202 513 143.962 513H143.37ZM143.658 503.448C143.21 503.448 142.826 503.08 142.826 502.616C142.826 502.152 143.21 501.784 143.658 501.784C144.122 501.784 144.49 502.152 144.49 502.616C144.49 503.08 144.122 503.448 143.658 503.448ZM150.374 504.696C152.438 504.696 154.39 506.328 154.31 509.016C154.31 509.32 154.054 509.576 153.75 509.576H147.814C148.054 510.904 149.03 511.816 150.63 511.816C151.366 511.816 152.054 511.56 152.534 511.128C152.678 511 152.886 510.984 153.046 511.096L153.526 511.4C153.766 511.544 153.798 511.864 153.622 512.056C152.886 512.792 151.846 513.192 150.63 513.192C147.942 513.192 146.278 511.288 146.278 508.952C146.278 506.6 147.99 504.696 150.374 504.696ZM147.814 508.312H152.79C152.598 506.952 151.75 506.072 150.374 506.072C148.982 506.072 148.038 506.968 147.814 508.312ZM160.172 504.696C161.996 504.696 163.292 506.2 163.292 507.928V512.568C163.292 512.808 163.1 513 162.86 513H162.252C162.028 513 161.836 512.808 161.836 512.568V508.344C161.836 507.208 161.34 506.072 159.82 506.072C158.284 506.072 157.676 507.4 157.676 508.344V512.568C157.676 512.808 157.484 513 157.244 513H156.636C156.396 513 156.22 512.808 156.22 512.568V505.32C156.22 505.08 156.396 504.888 156.636 504.888H157.244C157.484 504.888 157.676 505.08 157.676 505.32V506.024C158.156 505.304 158.94 504.696 160.172 504.696ZM169.443 511.816C170.339 511.816 171.107 511.432 171.587 510.808C171.715 510.648 171.955 510.6 172.131 510.696L172.627 510.968C172.851 511.096 172.915 511.4 172.755 511.608C172.003 512.568 170.835 513.192 169.443 513.192C166.995 513.192 165.187 511.288 165.187 508.952C165.187 506.6 166.995 504.696 169.443 504.696C170.835 504.696 172.003 505.32 172.755 506.28C172.915 506.488 172.851 506.792 172.627 506.92L172.131 507.192C171.955 507.288 171.715 507.24 171.587 507.08C171.107 506.456 170.339 506.072 169.443 506.072C167.843 506.072 166.691 507.288 166.691 508.952C166.691 510.6 167.843 511.816 169.443 511.816ZM175.139 513C174.899 513 174.707 512.808 174.707 512.568V505.32C174.707 505.08 174.899 504.888 175.139 504.888H175.731C175.971 504.888 176.163 505.08 176.163 505.32V512.568C176.163 512.808 175.971 513 175.731 513H175.139ZM175.427 503.448C174.979 503.448 174.595 503.08 174.595 502.616C174.595 502.152 174.979 501.784 175.427 501.784C175.891 501.784 176.259 502.152 176.259 502.616C176.259 503.08 175.891 503.448 175.427 503.448ZM185.024 505.32C185.024 505.08 185.216 504.888 185.456 504.888H186.064C186.304 504.888 186.496 505.08 186.496 505.32V512.568C186.496 512.808 186.304 513 186.064 513H185.456C185.216 513 185.024 512.808 185.024 512.568V511.864C184.432 512.616 183.488 513.192 182.08 513.192C179.552 513.192 178.048 511.064 178.048 508.952C178.048 506.824 179.552 504.696 182.08 504.696C183.488 504.696 184.432 505.272 185.024 506.024V505.32ZM182.224 511.816C184.016 511.816 185.024 510.552 185.024 508.952C185.024 507.336 184.016 506.072 182.224 506.072C180.544 506.072 179.536 507.304 179.536 508.952C179.536 510.584 180.544 511.816 182.224 511.816ZM189.617 511.208C190.177 511.208 190.625 511.656 190.625 512.2C190.625 512.76 190.177 513.208 189.617 513.208C189.073 513.208 188.625 512.76 188.625 512.2C188.625 511.656 189.073 511.208 189.617 511.208ZM207.095 502.12C207.239 501.912 207.463 501.8 207.687 501.8H208.487C208.727 501.8 208.919 501.992 208.919 502.232V512.568C208.919 512.808 208.727 513 208.487 513H207.735C207.511 513 207.319 512.808 207.319 512.568V504.76L203.575 510.28C203.511 510.376 203.399 510.44 203.271 510.44H203.079C202.951 510.44 202.855 510.376 202.775 510.28L199.031 504.76V512.568C199.031 512.808 198.839 513 198.615 513H197.863C197.623 513 197.431 512.808 197.431 512.568V502.232C197.431 501.992 197.623 501.8 197.863 501.8H198.663C198.903 501.8 199.111 501.912 199.255 502.12L203.175 507.96L207.095 502.12ZM217.423 504.888H218.031C218.255 504.888 218.447 505.08 218.447 505.32V512.568C218.447 512.808 218.255 513 218.031 513H217.423C217.183 513 216.991 512.808 216.991 512.568V511.864C216.511 512.6 215.727 513.192 214.495 513.192C212.671 513.192 211.375 511.688 211.375 509.96V505.32C211.375 505.08 211.567 504.888 211.807 504.888H212.415C212.639 504.888 212.831 505.08 212.831 505.32V509.544C212.831 510.68 213.327 511.816 214.847 511.816C216.383 511.816 216.991 510.504 216.991 509.544V505.32C216.991 505.08 217.183 504.888 217.423 504.888ZM225.981 505.256C226.061 505.032 226.285 504.888 226.509 504.888H227.229C227.469 504.888 227.645 505.144 227.549 505.384C226.925 506.968 224.957 511.96 224.525 513C223.757 514.888 222.989 516.088 221.485 516.088C221.325 516.088 221.213 516.088 221.085 516.072C220.909 516.072 220.765 515.912 220.765 515.72V515.112C220.765 514.92 220.909 514.76 221.101 514.76C221.981 514.728 222.557 514.28 223.181 512.584C223.069 512.296 220.749 507.048 219.997 505.384C219.901 505.16 220.077 504.888 220.333 504.888H221.037C221.261 504.888 221.469 505.032 221.549 505.24L223.901 510.744L225.981 505.256ZM238.395 504.696C240.923 504.696 242.443 506.824 242.443 508.952C242.443 511.064 240.923 513.192 238.395 513.192C236.987 513.192 236.059 512.616 235.451 511.864V515.656C235.451 515.896 235.259 516.088 235.019 516.088H234.411C234.187 516.088 233.995 515.896 233.995 515.656V505.32C233.995 505.08 234.187 504.888 234.411 504.888H235.019C235.259 504.888 235.451 505.08 235.451 505.32V506.024C236.059 505.272 236.987 504.696 238.395 504.696ZM238.251 511.816C239.931 511.816 240.939 510.584 240.939 508.952C240.939 507.304 239.931 506.072 238.251 506.072C236.475 506.072 235.451 507.336 235.451 508.952C235.451 510.552 236.475 511.816 238.251 511.816ZM245.788 506.296C246.284 505.304 247.244 504.792 248.188 504.712C248.364 504.696 248.508 504.824 248.508 504.984V506.024C248.508 506.184 248.364 506.312 248.204 506.312C246.076 506.2 245.788 507.928 245.788 509.368V512.568C245.788 512.808 245.596 513 245.372 513H244.764C244.524 513 244.332 512.808 244.332 512.568V505.32C244.332 505.08 244.524 504.888 244.764 504.888H245.372C245.596 504.888 245.788 505.08 245.788 505.32V506.296ZM253.851 504.696C256.299 504.696 258.107 506.616 258.107 508.952C258.107 511.288 256.299 513.208 253.851 513.208C251.403 513.208 249.595 511.288 249.595 508.952C249.595 506.616 251.403 504.696 253.851 504.696ZM253.851 511.816C255.451 511.816 256.619 510.6 256.619 508.952C256.619 507.288 255.451 506.072 253.851 506.072C252.251 506.072 251.099 507.288 251.099 508.952C251.099 510.6 252.251 511.816 253.851 511.816ZM263.942 504.696C265.766 504.696 267.062 506.2 267.062 507.928V512.568C267.062 512.808 266.87 513 266.63 513H266.022C265.798 513 265.606 512.808 265.606 512.568V508.344C265.606 507.208 265.11 506.072 263.59 506.072C262.054 506.072 261.446 507.4 261.446 508.344V512.568C261.446 512.808 261.254 513 261.014 513H260.406C260.166 513 259.99 512.808 259.99 512.568V505.32C259.99 505.08 260.166 504.888 260.406 504.888H261.014C261.254 504.888 261.446 505.08 261.446 505.32V506.024C261.926 505.304 262.71 504.696 263.942 504.696ZM273.312 505.848C273.312 506.088 273.12 506.28 272.88 506.28H271.424V509.832C271.424 510.984 271.456 511.752 272.704 511.752C272.784 511.752 272.864 511.752 272.928 511.752C273.136 511.736 273.312 511.896 273.312 512.104V512.696C273.312 512.888 273.168 513.032 272.992 513.048C272.848 513.064 272.688 513.08 272.528 513.08C270.752 513.08 269.968 512.136 269.968 510.344V506.28H269.008C268.768 506.28 268.576 506.088 268.576 505.848V505.32C268.576 505.08 268.768 504.888 269.008 504.888H269.968V503.608C269.968 503.384 270.16 503.192 270.4 503.192H270.992C271.232 503.192 271.424 503.384 271.424 503.608V504.888H272.88C273.12 504.888 273.312 505.08 273.312 505.32V505.848ZM279.065 504.696C281.513 504.696 283.321 506.616 283.321 508.952C283.321 511.288 281.513 513.208 279.065 513.208C276.617 513.208 274.809 511.288 274.809 508.952C274.809 506.616 276.617 504.696 279.065 504.696ZM279.065 511.816C280.665 511.816 281.833 510.6 281.833 508.952C281.833 507.288 280.665 506.072 279.065 506.072C277.465 506.072 276.313 507.288 276.313 508.952C276.313 510.6 277.465 511.816 279.065 511.816ZM294.207 504.696C296.735 504.696 298.255 506.824 298.255 508.952C298.255 511.064 296.735 513.192 294.207 513.192C292.799 513.192 291.871 512.616 291.263 511.864V515.656C291.263 515.896 291.071 516.088 290.831 516.088H290.223C289.999 516.088 289.807 515.896 289.807 515.656V505.32C289.807 505.08 289.999 504.888 290.223 504.888H290.831C291.071 504.888 291.263 505.08 291.263 505.32V506.024C291.871 505.272 292.799 504.696 294.207 504.696ZM294.063 511.816C295.743 511.816 296.751 510.584 296.751 508.952C296.751 507.304 295.743 506.072 294.063 506.072C292.287 506.072 291.263 507.336 291.263 508.952C291.263 510.552 292.287 511.816 294.063 511.816ZM303.919 504.696C306.367 504.696 308.175 506.616 308.175 508.952C308.175 511.288 306.367 513.208 303.919 513.208C301.471 513.208 299.663 511.288 299.663 508.952C299.663 506.616 301.471 504.696 303.919 504.696ZM303.919 511.816C305.519 511.816 306.687 510.6 306.687 508.952C306.687 507.288 305.519 506.072 303.919 506.072C302.319 506.072 301.167 507.288 301.167 508.952C301.167 510.6 302.319 511.816 303.919 511.816ZM316.57 502.232C316.57 501.992 316.762 501.8 316.986 501.8H317.594C317.834 501.8 318.026 501.992 318.026 502.232V512.568C318.026 512.808 317.834 513 317.594 513H316.986C316.762 513 316.57 512.808 316.57 512.568V511.864C315.962 512.616 315.018 513.192 313.61 513.192C311.082 513.192 309.578 511.064 309.578 508.952C309.578 506.824 311.082 504.696 313.61 504.696C315.018 504.696 315.962 505.272 316.57 506.024V502.232ZM313.754 511.816C315.546 511.816 316.57 510.552 316.57 508.952C316.57 507.336 315.546 506.072 313.754 506.072C312.09 506.072 311.066 507.304 311.066 508.952C311.066 510.584 312.09 511.816 313.754 511.816ZM321.851 506.296C322.347 505.304 323.307 504.792 324.251 504.712C324.427 504.696 324.571 504.824 324.571 504.984V506.024C324.571 506.184 324.427 506.312 324.267 506.312C322.139 506.2 321.851 507.928 321.851 509.368V512.568C321.851 512.808 321.659 513 321.435 513H320.827C320.587 513 320.395 512.808 320.395 512.568V505.32C320.395 505.08 320.587 504.888 320.827 504.888H321.435C321.659 504.888 321.851 505.08 321.851 505.32V506.296ZM332.634 505.32C332.634 505.08 332.826 504.888 333.066 504.888H333.674C333.914 504.888 334.106 505.08 334.106 505.32V512.568C334.106 512.808 333.914 513 333.674 513H333.066C332.826 513 332.634 512.808 332.634 512.568V511.864C332.042 512.616 331.098 513.192 329.69 513.192C327.162 513.192 325.658 511.064 325.658 508.952C325.658 506.824 327.162 504.696 329.69 504.696C331.098 504.696 332.042 505.272 332.634 506.024V505.32ZM329.834 511.816C331.626 511.816 332.634 510.552 332.634 508.952C332.634 507.336 331.626 506.072 329.834 506.072C328.154 506.072 327.146 507.304 327.146 508.952C327.146 510.584 328.154 511.816 329.834 511.816ZM330.858 501.368H331.53C331.77 501.368 331.898 501.624 331.77 501.816L330.65 503.416C330.57 503.544 330.442 503.608 330.298 503.608H329.786C329.642 503.608 329.53 503.448 329.594 503.304L330.346 501.688C330.442 501.496 330.65 501.368 330.858 501.368ZM339.563 508.296C341.547 508.712 342.219 509.336 342.219 510.568C342.219 511.992 341.179 513.192 339.035 513.192C337.643 513.192 336.459 512.712 335.947 511.816C335.819 511.576 335.947 511.288 336.187 511.208L336.827 510.984C337.019 510.92 337.211 511 337.323 511.16C337.547 511.512 338.043 511.864 339.067 511.864C340.123 511.864 340.715 511.432 340.715 510.712C340.715 509.752 339.355 509.768 338.219 509.512C336.715 509.16 336.043 508.424 336.043 507.24C336.043 505.752 337.275 504.696 339.051 504.696C340.171 504.696 341.179 505.192 341.627 506.072C341.755 506.312 341.627 506.616 341.371 506.68L340.795 506.84C340.619 506.888 340.427 506.824 340.331 506.664C340.107 506.312 339.643 505.992 338.907 505.992C338.107 505.992 337.531 506.456 337.531 507.128C337.531 508.04 338.635 508.104 339.563 508.296ZM102.463 524.232C102.463 523.992 102.655 523.8 102.879 523.8H103.487C103.727 523.8 103.919 523.992 103.919 524.232V534.568C103.919 534.808 103.727 535 103.487 535H102.879C102.655 535 102.463 534.808 102.463 534.568V533.864C101.855 534.616 100.911 535.192 99.5026 535.192C96.9746 535.192 95.4706 533.064 95.4706 530.952C95.4706 528.824 96.9746 526.696 99.5026 526.696C100.911 526.696 101.855 527.272 102.463 528.024V524.232ZM99.6466 533.816C101.439 533.816 102.463 532.552 102.463 530.952C102.463 529.336 101.439 528.072 99.6466 528.072C97.9826 528.072 96.9586 529.304 96.9586 530.952C96.9586 532.584 97.9826 533.816 99.6466 533.816ZM106.735 535C106.495 535 106.303 534.808 106.303 534.568V527.32C106.303 527.08 106.495 526.888 106.735 526.888H107.327C107.567 526.888 107.759 527.08 107.759 527.32V534.568C107.759 534.808 107.567 535 107.327 535H106.735ZM107.023 525.448C106.575 525.448 106.191 525.08 106.191 524.616C106.191 524.152 106.575 523.784 107.023 523.784C107.487 523.784 107.855 524.152 107.855 524.616C107.855 525.08 107.487 525.448 107.023 525.448ZM113.369 530.296C115.353 530.712 116.025 531.336 116.025 532.568C116.025 533.992 114.985 535.192 112.841 535.192C111.449 535.192 110.265 534.712 109.753 533.816C109.625 533.576 109.753 533.288 109.993 533.208L110.633 532.984C110.825 532.92 111.017 533 111.129 533.16C111.353 533.512 111.849 533.864 112.873 533.864C113.929 533.864 114.521 533.432 114.521 532.712C114.521 531.752 113.161 531.768 112.025 531.512C110.521 531.16 109.849 530.424 109.849 529.24C109.849 527.752 111.081 526.696 112.857 526.696C113.977 526.696 114.985 527.192 115.433 528.072C115.561 528.312 115.433 528.616 115.177 528.68L114.601 528.84C114.425 528.888 114.233 528.824 114.137 528.664C113.913 528.312 113.449 527.992 112.713 527.992C111.913 527.992 111.337 528.456 111.337 529.128C111.337 530.04 112.441 530.104 113.369 530.296ZM121.408 524.824C120.112 524.824 119.936 525.656 119.92 526.888H121.376C121.616 526.888 121.808 527.08 121.808 527.32V527.848C121.808 528.088 121.616 528.28 121.376 528.28H119.92V534.568C119.92 534.808 119.728 535 119.504 535H118.896C118.656 535 118.464 534.808 118.464 534.568V528.28H117.6C117.376 528.28 117.184 528.088 117.184 527.848V527.32C117.184 527.08 117.376 526.888 117.6 526.888H118.464C118.464 525.176 119.024 523.592 121.248 523.592C121.328 523.592 121.392 523.608 121.456 523.608C121.648 523.608 121.808 523.768 121.808 523.96V524.456C121.808 524.664 121.648 524.824 121.44 524.824H121.408ZM125.067 528.296C125.563 527.304 126.523 526.792 127.467 526.712C127.643 526.696 127.787 526.824 127.787 526.984V528.024C127.787 528.184 127.643 528.312 127.483 528.312C125.355 528.2 125.067 529.928 125.067 531.368V534.568C125.067 534.808 124.875 535 124.651 535H124.043C123.803 535 123.611 534.808 123.611 534.568V527.32C123.611 527.08 123.803 526.888 124.043 526.888H124.651C124.875 526.888 125.067 527.08 125.067 527.32V528.296ZM135.714 526.888H136.322C136.546 526.888 136.738 527.08 136.738 527.32V534.568C136.738 534.808 136.546 535 136.322 535H135.714C135.474 535 135.282 534.808 135.282 534.568V533.864C134.802 534.6 134.018 535.192 132.786 535.192C130.962 535.192 129.666 533.688 129.666 531.96V527.32C129.666 527.08 129.858 526.888 130.098 526.888H130.706C130.93 526.888 131.122 527.08 131.122 527.32V531.544C131.122 532.68 131.618 533.816 133.138 533.816C134.674 533.816 135.282 532.504 135.282 531.544V527.32C135.282 527.08 135.474 526.888 135.714 526.888ZM142.832 527.848C142.832 528.088 142.64 528.28 142.4 528.28H140.944V531.832C140.944 532.984 140.976 533.752 142.224 533.752C142.304 533.752 142.384 533.752 142.448 533.752C142.656 533.736 142.832 533.896 142.832 534.104V534.696C142.832 534.888 142.688 535.032 142.512 535.048C142.368 535.064 142.208 535.08 142.048 535.08C140.272 535.08 139.488 534.136 139.488 532.344V528.28H138.528C138.288 528.28 138.096 528.088 138.096 527.848V527.32C138.096 527.08 138.288 526.888 138.528 526.888H139.488V525.608C139.488 525.384 139.68 525.192 139.92 525.192H140.512C140.752 525.192 140.944 525.384 140.944 525.608V526.888H142.4C142.64 526.888 142.832 527.08 142.832 527.32V527.848ZM151.305 527.32C151.305 527.08 151.497 526.888 151.737 526.888H152.345C152.585 526.888 152.777 527.08 152.777 527.32V534.568C152.777 534.808 152.585 535 152.345 535H151.737C151.497 535 151.305 534.808 151.305 534.568V533.864C150.713 534.616 149.769 535.192 148.361 535.192C145.833 535.192 144.329 533.064 144.329 530.952C144.329 528.824 145.833 526.696 148.361 526.696C149.769 526.696 150.713 527.272 151.305 528.024V527.32ZM148.505 533.816C150.297 533.816 151.305 532.552 151.305 530.952C151.305 529.336 150.297 528.072 148.505 528.072C146.825 528.072 145.817 529.304 145.817 530.952C145.817 532.584 146.825 533.816 148.505 533.816ZM156.602 528.296C157.098 527.304 158.058 526.792 159.002 526.712C159.178 526.696 159.322 526.824 159.322 526.984V528.024C159.322 528.184 159.178 528.312 159.018 528.312C156.89 528.2 156.602 529.928 156.602 531.368V534.568C156.602 534.808 156.41 535 156.186 535H155.578C155.338 535 155.146 534.808 155.146 534.568V527.32C155.146 527.08 155.338 526.888 155.578 526.888H156.186C156.41 526.888 156.602 527.08 156.602 527.32V528.296ZM169.836 527.848C169.836 528.088 169.644 528.28 169.404 528.28H167.948V531.832C167.948 532.984 167.98 533.752 169.228 533.752C169.308 533.752 169.388 533.752 169.452 533.752C169.66 533.736 169.836 533.896 169.836 534.104V534.696C169.836 534.888 169.692 535.032 169.516 535.048C169.372 535.064 169.212 535.08 169.052 535.08C167.276 535.08 166.492 534.136 166.492 532.344V528.28H165.532C165.292 528.28 165.1 528.088 165.1 527.848V527.32C165.1 527.08 165.292 526.888 165.532 526.888H166.492V525.608C166.492 525.384 166.684 525.192 166.924 525.192H167.516C167.756 525.192 167.948 525.384 167.948 525.608V526.888H169.404C169.644 526.888 169.836 527.08 169.836 527.32V527.848ZM178.017 526.888H178.625C178.849 526.888 179.041 527.08 179.041 527.32V534.568C179.041 534.808 178.849 535 178.625 535H178.017C177.777 535 177.585 534.808 177.585 534.568V533.864C177.105 534.6 176.321 535.192 175.089 535.192C173.265 535.192 171.969 533.688 171.969 531.96V527.32C171.969 527.08 172.161 526.888 172.401 526.888H173.009C173.233 526.888 173.425 527.08 173.425 527.32V531.544C173.425 532.68 173.921 533.816 175.441 533.816C176.977 533.816 177.585 532.504 177.585 531.544V527.32C177.585 527.08 177.777 526.888 178.017 526.888ZM189.105 530.296C191.089 530.712 191.761 531.336 191.761 532.568C191.761 533.992 190.721 535.192 188.577 535.192C187.185 535.192 186.001 534.712 185.489 533.816C185.361 533.576 185.489 533.288 185.729 533.208L186.369 532.984C186.561 532.92 186.753 533 186.865 533.16C187.089 533.512 187.585 533.864 188.609 533.864C189.665 533.864 190.257 533.432 190.257 532.712C190.257 531.752 188.897 531.768 187.761 531.512C186.257 531.16 185.585 530.424 185.585 529.24C185.585 527.752 186.817 526.696 188.593 526.696C189.713 526.696 190.721 527.192 191.169 528.072C191.297 528.312 191.169 528.616 190.913 528.68L190.337 528.84C190.161 528.888 189.969 528.824 189.873 528.664C189.649 528.312 189.185 527.992 188.449 527.992C187.649 527.992 187.073 528.456 187.073 529.128C187.073 530.04 188.177 530.104 189.105 530.296ZM197.173 526.696C199.237 526.696 201.189 528.328 201.109 531.016C201.109 531.32 200.853 531.576 200.549 531.576H194.613C194.853 532.904 195.829 533.816 197.429 533.816C198.165 533.816 198.853 533.56 199.333 533.128C199.477 533 199.685 532.984 199.845 533.096L200.325 533.4C200.565 533.544 200.597 533.864 200.421 534.056C199.685 534.792 198.645 535.192 197.429 535.192C194.741 535.192 193.077 533.288 193.077 530.952C193.077 528.6 194.789 526.696 197.173 526.696ZM194.613 530.312H199.589C199.397 528.952 198.549 528.072 197.173 528.072C195.781 528.072 194.837 528.968 194.613 530.312ZM204.475 528.296C204.971 527.304 205.931 526.792 206.875 526.712C207.051 526.696 207.195 526.824 207.195 526.984V528.024C207.195 528.184 207.051 528.312 206.891 528.312C204.763 528.2 204.475 529.928 204.475 531.368V534.568C204.475 534.808 204.283 535 204.059 535H203.451C203.211 535 203.019 534.808 203.019 534.568V527.32C203.019 527.08 203.211 526.888 203.451 526.888H204.059C204.283 526.888 204.475 527.08 204.475 527.32V528.296ZM214.563 527.256C214.659 527.032 214.867 526.888 215.107 526.888H215.811C216.067 526.888 216.227 527.144 216.147 527.368L213.315 534.632C213.235 534.856 213.027 535 212.787 535H211.907C211.667 535 211.459 534.856 211.379 534.632L208.563 527.368C208.467 527.144 208.643 526.888 208.883 526.888H209.603C209.827 526.888 210.051 527.032 210.131 527.256L212.355 533.24L214.563 527.256ZM218.422 535C218.182 535 217.99 534.808 217.99 534.568V527.32C217.99 527.08 218.182 526.888 218.422 526.888H219.014C219.254 526.888 219.446 527.08 219.446 527.32V534.568C219.446 534.808 219.254 535 219.014 535H218.422ZM218.71 525.448C218.262 525.448 217.878 525.08 217.878 524.616C217.878 524.152 218.262 523.784 218.71 523.784C219.174 523.784 219.542 524.152 219.542 524.616C219.542 525.08 219.174 525.448 218.71 525.448ZM225.587 533.816C226.483 533.816 227.251 533.432 227.731 532.808C227.859 532.648 228.099 532.6 228.275 532.696L228.771 532.968C228.995 533.096 229.059 533.4 228.899 533.608C228.147 534.568 226.979 535.192 225.587 535.192C223.139 535.192 221.331 533.288 221.331 530.952C221.331 528.6 223.139 526.696 225.587 526.696C226.979 526.696 228.147 527.32 228.899 528.28C229.059 528.488 228.995 528.792 228.771 528.92L228.275 529.192C228.099 529.288 227.859 529.24 227.731 529.08C227.251 528.456 226.483 528.072 225.587 528.072C223.987 528.072 222.835 529.288 222.835 530.952C222.835 532.6 223.987 533.816 225.587 533.816ZM231.284 535C231.044 535 230.852 534.808 230.852 534.568V527.32C230.852 527.08 231.044 526.888 231.284 526.888H231.876C232.116 526.888 232.308 527.08 232.308 527.32V534.568C232.308 534.808 232.116 535 231.876 535H231.284ZM231.572 525.448C231.124 525.448 230.74 525.08 230.74 524.616C230.74 524.152 231.124 523.784 231.572 523.784C232.036 523.784 232.404 524.152 232.404 524.616C232.404 525.08 232.036 525.448 231.572 525.448ZM238.449 526.696C240.897 526.696 242.705 528.616 242.705 530.952C242.705 533.288 240.897 535.208 238.449 535.208C236.001 535.208 234.193 533.288 234.193 530.952C234.193 528.616 236.001 526.696 238.449 526.696ZM238.449 533.816C240.049 533.816 241.217 532.6 241.217 530.952C241.217 529.288 240.049 528.072 238.449 528.072C236.849 528.072 235.697 529.288 235.697 530.952C235.697 532.6 236.849 533.816 238.449 533.816Z" fill="#26292E"/>
<path d="M261.382 524.296C261.478 524.008 261.75 523.8 262.07 523.8H263.254C263.542 523.8 263.75 524.088 263.67 524.36L260.39 534.504C260.31 534.792 260.022 535 259.718 535H258.822C258.502 535 258.23 534.792 258.134 534.488L256.118 527.64L254.086 534.488C254.006 534.792 253.734 535 253.414 535H252.518C252.198 535 251.926 534.792 251.83 534.504L248.566 524.36C248.486 524.088 248.694 523.8 248.982 523.8H250.166C250.47 523.8 250.758 524.008 250.838 524.296L253.03 531.48L255.126 524.312C255.222 524.008 255.494 523.8 255.814 523.8H256.422C256.726 523.8 257.014 524.008 257.094 524.312L259.206 531.48L261.382 524.296ZM265.418 524.376C265.418 524.056 265.674 523.8 265.978 523.8H267.018C267.338 523.8 267.594 524.056 267.594 524.376V534.424C267.594 534.744 267.338 535 267.018 535H265.978C265.674 535 265.418 534.744 265.418 534.424V524.376ZM276.87 524.376C276.87 524.056 277.126 523.8 277.446 523.8H278.47C278.79 523.8 279.046 524.056 279.046 524.376V534.424C279.046 534.744 278.79 535 278.47 535H277.542C277.254 535 276.982 534.856 276.822 534.616L272.118 527.592V534.424C272.118 534.744 271.862 535 271.542 535H270.518C270.198 535 269.942 534.744 269.942 534.424V524.376C269.942 524.056 270.198 523.8 270.518 523.8H271.462C271.734 523.8 272.006 523.944 272.166 524.184L276.87 531.208V524.376Z" fill="#FF5A0A"/>
<g opacity="0.8">
<rect x="24" y="725" width="327" height="48" rx="24" fill="#FF5A0A"/>
<path d="M120.788 748.372C123.112 748.904 123.952 749.576 123.952 751.144C123.952 752.684 122.874 754.168 120.298 754.168C118.688 754.168 117.218 753.594 116.574 752.348C116.434 752.068 116.574 751.732 116.868 751.648L117.75 751.368C117.974 751.298 118.212 751.382 118.324 751.578C118.604 752.054 119.192 752.516 120.284 752.516C121.264 752.516 122.048 752.138 122.048 751.284C122.048 750.318 120.942 750.248 119.388 749.856C117.414 749.366 116.756 748.386 116.756 747.028C116.756 745.18 118.17 744.018 120.214 744.018C121.628 744.018 122.79 744.634 123.35 745.768C123.49 746.048 123.322 746.384 123.014 746.468L122.132 746.678C121.922 746.734 121.698 746.636 121.586 746.44C121.362 746.034 120.886 745.684 120.116 745.684C119.318 745.684 118.632 746.104 118.632 746.902C118.632 747.994 119.878 748.162 120.788 748.372ZM128.772 746.734C130.788 746.734 132.426 748.148 132.328 750.654C132.328 750.92 132.104 751.144 131.838 751.144H127.036C127.288 752.082 128.072 752.586 129.052 752.586C129.696 752.586 130.172 752.32 130.452 752.082C130.578 751.97 130.746 751.956 130.886 752.04L131.684 752.516C131.894 752.642 131.922 752.922 131.754 753.104C131.138 753.72 130.186 754.168 129.052 754.168C126.7 754.168 125.146 752.614 125.146 750.458C125.146 748.232 126.812 746.734 128.772 746.734ZM127.036 749.772H130.564C130.382 748.834 129.752 748.316 128.8 748.316C127.932 748.316 127.246 748.862 127.036 749.772ZM139.159 747.406C139.159 747.126 139.383 746.902 139.649 746.902H140.433C140.713 746.902 140.937 747.126 140.937 747.406V753.23C140.937 755.218 139.607 756.828 137.087 756.828C135.855 756.828 134.721 756.394 134.049 755.764C133.867 755.596 133.895 755.302 134.105 755.176L134.917 754.7C135.057 754.616 135.239 754.63 135.351 754.742C135.687 755.008 136.247 755.246 137.031 755.246C138.403 755.246 139.159 754.476 139.159 753.104V752.572C138.725 753.202 138.025 753.678 136.919 753.678C134.777 753.678 133.475 752.026 133.475 750.206C133.475 748.372 134.777 746.734 136.919 746.734C138.025 746.734 138.725 747.21 139.159 747.826V747.406ZM137.185 752.096C138.375 752.096 139.075 751.228 139.075 750.206C139.075 749.17 138.375 748.316 137.185 748.316C136.037 748.316 135.295 749.142 135.295 750.206C135.295 751.256 136.037 752.096 137.185 752.096ZM148.059 746.902H148.843C149.123 746.902 149.347 747.126 149.347 747.406V753.496C149.347 753.776 149.123 754 148.843 754H148.059C147.793 754 147.569 753.776 147.569 753.496V753.132C147.177 753.706 146.533 754.168 145.511 754.168C143.719 754.168 142.907 752.726 142.907 751.228V747.406C142.907 747.126 143.131 746.902 143.397 746.902H144.181C144.447 746.902 144.671 747.126 144.671 747.406V750.85C144.671 751.76 145.063 752.446 146.057 752.446C147.107 752.446 147.569 751.676 147.569 750.85V747.406C147.569 747.126 147.793 746.902 148.059 746.902ZM151.822 754C151.542 754 151.318 753.776 151.318 753.496V747.406C151.318 747.126 151.542 746.902 151.822 746.902H152.592C152.872 746.902 153.096 747.126 153.096 747.406V753.496C153.096 753.776 152.872 754 152.592 754H151.822ZM152.2 745.866C151.682 745.866 151.262 745.432 151.262 744.914C151.262 744.396 151.682 743.962 152.2 743.962C152.732 743.962 153.152 744.396 153.152 744.914C153.152 745.432 152.732 745.866 152.2 745.866ZM156.845 748.05C157.293 747.322 158.049 746.888 158.791 746.762C159.015 746.734 159.211 746.902 159.211 747.14V748.26C159.211 748.47 159.043 748.638 158.833 748.638C157.083 748.582 156.845 749.842 156.845 751.074V753.496C156.845 753.776 156.621 754 156.355 754H155.571C155.291 754 155.067 753.776 155.067 753.496V747.406C155.067 747.126 155.291 746.902 155.571 746.902H156.355C156.621 746.902 156.845 747.126 156.845 747.406V748.05ZM172.44 746.734C174.078 746.734 174.918 748.05 174.918 749.562V753.496C174.918 753.776 174.694 754 174.428 754H173.644C173.364 754 173.14 753.776 173.14 753.496V749.926C173.14 749.044 172.776 748.456 171.95 748.456C171.124 748.456 170.69 749.114 170.69 749.926V753.496C170.69 753.776 170.466 754 170.186 754H169.416C169.136 754 168.912 753.776 168.912 753.496V749.926C168.912 749.044 168.548 748.456 167.722 748.456C166.896 748.456 166.462 749.114 166.462 749.926V753.496C166.462 753.776 166.238 754 165.958 754H165.188C164.908 754 164.684 753.776 164.684 753.496V747.406C164.684 747.126 164.908 746.902 165.188 746.902H165.958C166.238 746.902 166.462 747.126 166.462 747.406V747.658C166.826 747.14 167.4 746.734 168.338 746.734C169.304 746.734 169.934 747.182 170.298 747.84C170.732 747.224 171.446 746.734 172.44 746.734ZM177.387 754C177.107 754 176.883 753.776 176.883 753.496V747.406C176.883 747.126 177.107 746.902 177.387 746.902H178.157C178.437 746.902 178.661 747.126 178.661 747.406V753.496C178.661 753.776 178.437 754 178.157 754H177.387ZM177.765 745.866C177.247 745.866 176.827 745.432 176.827 744.914C176.827 744.396 177.247 743.962 177.765 743.962C178.297 743.962 178.717 744.396 178.717 744.914C178.717 745.432 178.297 745.866 177.765 745.866ZM185.062 754C184.782 754 184.558 753.776 184.558 753.496V747.406C184.558 747.126 184.782 746.902 185.062 746.902H185.832C186.112 746.902 186.336 747.126 186.336 747.406V753.496C186.336 753.776 186.112 754 185.832 754H185.062ZM185.44 745.866C184.922 745.866 184.502 745.432 184.502 744.914C184.502 744.396 184.922 743.962 185.44 743.962C185.972 743.962 186.392 744.396 186.392 744.914C186.392 745.432 185.972 745.866 185.44 745.866ZM192.143 746.734C193.935 746.734 194.747 748.176 194.747 749.688V753.496C194.747 753.776 194.523 754 194.243 754H193.473C193.193 754 192.969 753.776 192.969 753.496V750.052C192.969 749.142 192.591 748.456 191.583 748.456C190.533 748.456 190.071 749.226 190.071 750.052V753.496C190.071 753.776 189.847 754 189.581 754H188.797C188.531 754 188.307 753.776 188.307 753.496V747.406C188.307 747.126 188.531 746.902 188.797 746.902H189.581C189.847 746.902 190.071 747.126 190.071 747.406V747.77C190.463 747.196 191.107 746.734 192.143 746.734ZM199.644 749.758C201.394 750.136 202.15 750.612 202.15 751.816C202.15 753.202 201.142 754.168 199.14 754.168C197.95 754.168 196.76 753.762 196.256 752.852C196.144 752.656 196.242 752.39 196.48 752.32L197.474 752.012C197.642 751.956 197.81 752.026 197.908 752.18C198.062 752.432 198.426 752.684 199.168 752.684C199.91 752.684 200.33 752.404 200.33 751.928C200.33 751.27 199.308 751.284 198.468 751.116C197.096 750.836 196.396 750.164 196.396 748.96C196.396 747.616 197.53 746.734 199.182 746.734C200.26 746.734 201.31 747.196 201.758 748.134C201.856 748.344 201.73 748.596 201.506 748.652L200.596 748.876C200.442 748.918 200.274 748.848 200.19 748.708C200.022 748.442 199.7 748.232 199.182 748.232C198.664 748.232 198.132 748.414 198.132 748.946C198.132 749.576 199.084 749.632 199.644 749.758ZM207.23 748.036C207.23 748.302 207.006 748.526 206.726 748.526H205.718V751.116C205.718 751.928 205.83 752.404 206.81 752.404C206.824 752.404 206.824 752.404 206.838 752.404C207.048 752.404 207.23 752.572 207.23 752.782V753.706C207.23 753.902 207.09 754.056 206.908 754.084C206.782 754.098 206.656 754.098 206.488 754.098C204.668 754.098 203.94 752.88 203.94 751.41V748.526H203.296C203.03 748.526 202.806 748.302 202.806 748.036V747.406C202.806 747.126 203.03 746.902 203.296 746.902H203.94V745.922C203.94 745.642 204.15 745.418 204.43 745.418H205.214C205.494 745.418 205.718 745.642 205.718 745.922V746.902H206.726C207.006 746.902 207.23 747.126 207.23 747.406V748.036ZM214.157 747.406C214.157 747.126 214.381 746.902 214.661 746.902H215.431C215.711 746.902 215.935 747.126 215.935 747.406V753.496C215.935 753.776 215.711 754 215.431 754H214.661C214.381 754 214.157 753.776 214.157 753.496V753.16C213.709 753.748 212.995 754.168 211.889 754.168C209.691 754.168 208.431 752.306 208.431 750.458C208.431 748.596 209.691 746.734 211.889 746.734C212.995 746.734 213.709 747.154 214.157 747.742V747.406ZM212.169 752.474C213.387 752.474 214.087 751.55 214.087 750.458C214.087 749.352 213.387 748.442 212.169 748.442C210.951 748.442 210.251 749.366 210.251 750.458C210.251 751.536 210.951 752.474 212.169 752.474ZM217.905 744.704C217.905 744.424 218.129 744.2 218.409 744.2H219.193C219.459 744.2 219.683 744.424 219.683 744.704V753.496C219.683 753.776 219.459 754 219.193 754H218.409C218.129 754 217.905 753.776 217.905 753.496V744.704ZM226.96 747.406C226.96 747.126 227.184 746.902 227.464 746.902H228.234C228.514 746.902 228.738 747.126 228.738 747.406V753.496C228.738 753.776 228.514 754 228.234 754H227.464C227.184 754 226.96 753.776 226.96 753.496V753.16C226.512 753.748 225.798 754.168 224.692 754.168C222.494 754.168 221.234 752.306 221.234 750.458C221.234 748.596 222.494 746.734 224.692 746.734C225.798 746.734 226.512 747.154 226.96 747.742V747.406ZM224.972 752.474C226.19 752.474 226.89 751.55 226.89 750.458C226.89 749.352 226.19 748.442 224.972 748.442C223.754 748.442 223.054 749.366 223.054 750.458C223.054 751.536 223.754 752.474 224.972 752.474ZM234.04 752.474C234.67 752.474 235.16 752.222 235.496 751.816C235.622 751.676 235.818 751.634 235.972 751.732L236.868 752.25C237.064 752.362 237.12 752.614 236.98 752.796C236.308 753.636 235.258 754.168 234.04 754.168C231.912 754.168 230.288 752.53 230.288 750.458C230.288 748.372 231.912 746.734 234.04 746.734C235.258 746.734 236.308 747.266 236.98 748.106C237.12 748.288 237.064 748.54 236.868 748.666L235.972 749.17C235.818 749.268 235.622 749.226 235.496 749.086C235.16 748.694 234.67 748.442 234.04 748.442C232.85 748.442 232.108 749.352 232.108 750.458C232.108 751.55 232.85 752.474 234.04 752.474ZM239.076 754C238.796 754 238.572 753.776 238.572 753.496V747.406C238.572 747.126 238.796 746.902 239.076 746.902H239.846C240.126 746.902 240.35 747.126 240.35 747.406V753.496C240.35 753.776 240.126 754 239.846 754H239.076ZM239.454 745.866C238.936 745.866 238.516 745.432 238.516 744.914C238.516 744.396 238.936 743.962 239.454 743.962C239.986 743.962 240.406 744.396 240.406 744.914C240.406 745.432 239.986 745.866 239.454 745.866ZM245.639 746.734C247.781 746.734 249.391 748.372 249.391 750.458C249.391 752.53 247.781 754.182 245.639 754.182C243.511 754.182 241.901 752.53 241.901 750.458C241.901 748.372 243.511 746.734 245.639 746.734ZM245.639 752.474C246.829 752.474 247.571 751.564 247.571 750.458C247.571 749.352 246.829 748.442 245.639 748.442C244.463 748.442 243.721 749.352 243.721 750.458C243.721 751.564 244.463 752.474 245.639 752.474ZM246.045 743.822H247.123C247.333 743.822 247.445 744.046 247.333 744.214L246.395 745.572C246.297 745.698 246.143 745.782 245.989 745.782H245.205C245.023 745.782 244.897 745.586 244.967 745.432L245.583 744.102C245.667 743.934 245.849 743.822 246.045 743.822ZM254.773 746.734C256.565 746.734 257.377 748.176 257.377 749.688V753.496C257.377 753.776 257.153 754 256.873 754H256.103C255.823 754 255.599 753.776 255.599 753.496V750.052C255.599 749.142 255.221 748.456 254.213 748.456C253.163 748.456 252.701 749.226 252.701 750.052V753.496C252.701 753.776 252.477 754 252.211 754H251.427C251.161 754 250.937 753.776 250.937 753.496V747.406C250.937 747.126 251.161 746.902 251.427 746.902H252.211C252.477 746.902 252.701 747.126 252.701 747.406V747.77C253.093 747.196 253.737 746.734 254.773 746.734Z" fill="white"/>
</g>
<rect x="55.666" y="593" width="24" height="24" rx="12" fill="#FF5A0A"/>
<path d="M71.6662 598.072C72.8728 598.769 73.8765 599.768 74.5781 600.972C75.2796 602.176 75.6545 603.542 75.6658 604.935C75.677 606.329 75.3242 607.701 74.6422 608.916C73.9602 610.131 72.9728 611.146 71.7776 611.863C70.5823 612.579 69.2208 612.97 67.8278 612.998C66.4348 613.027 65.0585 612.69 63.8353 612.023C62.6121 611.356 61.5843 610.381 60.8538 609.195C60.1232 608.008 59.7151 606.652 59.67 605.259L59.666 605L59.67 604.741C59.7148 603.359 60.1169 602.013 60.8369 600.833C61.557 599.653 62.5706 598.679 63.7788 598.008C64.987 597.336 66.3486 596.989 67.7309 597C69.1132 597.011 70.469 597.381 71.6662 598.072ZM70.6318 602.834C70.494 602.697 70.3107 602.614 70.1163 602.602C69.9219 602.589 69.7297 602.649 69.5757 602.768L69.5005 602.834L66.8661 605.468L65.8317 604.434L65.7565 604.368C65.6026 604.249 65.4104 604.19 65.216 604.202C65.0216 604.214 64.8384 604.297 64.7007 604.435C64.563 604.572 64.4802 604.755 64.468 604.95C64.4557 605.144 64.5148 605.336 64.6341 605.49L64.7005 605.566L66.3005 607.166L66.3757 607.232C66.516 607.341 66.6885 607.4 66.8661 607.4C67.0437 607.4 67.2162 607.341 67.3565 607.232L67.4317 607.166L70.6318 603.966L70.6982 603.89C70.8176 603.736 70.8767 603.544 70.8645 603.35C70.8522 603.155 70.7695 602.972 70.6318 602.834Z" fill="white"/>
<path d="M38.9789 636H37.2914L40.3638 627.273H42.3156L45.3923 636H43.7048L41.3738 629.062H41.3056L38.9789 636ZM39.0343 632.578H43.6366V633.848H39.0343V632.578ZM49.4109 638.591C48.857 638.591 48.3811 638.516 47.9834 638.365C47.5857 638.217 47.2661 638.018 47.0246 637.768C46.7831 637.518 46.6155 637.241 46.5217 636.938L47.9109 636.601C47.9734 636.729 48.0644 636.855 48.1837 636.98C48.303 637.108 48.4635 637.213 48.6652 637.295C48.8698 637.381 49.1269 637.423 49.4365 637.423C49.874 637.423 50.2362 637.317 50.5232 637.104C50.8101 636.893 50.9536 636.547 50.9536 636.064V634.824H50.8769C50.7973 634.983 50.6808 635.146 50.5274 635.314C50.3769 635.482 50.1766 635.622 49.9266 635.736C49.6794 635.849 49.3683 635.906 48.9933 635.906C48.4905 635.906 48.0345 635.788 47.6254 635.553C47.2192 635.314 46.8953 634.959 46.6538 634.487C46.4152 634.013 46.2959 633.419 46.2959 632.706C46.2959 631.987 46.4152 631.381 46.6538 630.886C46.8953 630.389 47.2206 630.013 47.6297 629.757C48.0388 629.499 48.4948 629.369 48.9976 629.369C49.3811 629.369 49.6965 629.435 49.9436 629.565C50.1936 629.693 50.3925 629.848 50.5402 630.03C50.6879 630.209 50.8002 630.378 50.8769 630.537H50.9621V629.455H52.4834V636.107C52.4834 636.666 52.3499 637.129 52.0828 637.496C51.8158 637.862 51.4507 638.136 50.9877 638.318C50.5246 638.5 49.999 638.591 49.4109 638.591ZM49.4237 634.696C49.7504 634.696 50.0288 634.616 50.259 634.457C50.4891 634.298 50.6638 634.07 50.7831 633.771C50.9024 633.473 50.9621 633.115 50.9621 632.697C50.9621 632.286 50.9024 631.925 50.7831 631.615C50.6666 631.305 50.4933 631.065 50.2632 630.895C50.0359 630.722 49.7561 630.635 49.4237 630.635C49.08 630.635 48.7931 630.724 48.5629 630.903C48.3328 631.082 48.1595 631.328 48.0431 631.641C47.9266 631.95 47.8683 632.303 47.8683 632.697C47.8683 633.098 47.9266 633.449 48.0431 633.75C48.1624 634.048 48.3371 634.281 48.5672 634.449C48.8002 634.614 49.0857 634.696 49.4237 634.696ZM57.2521 636.128C56.5958 636.128 56.0291 635.991 55.5518 635.719C55.0774 635.443 54.7123 635.054 54.4566 634.551C54.2009 634.045 54.0731 633.45 54.0731 632.766C54.0731 632.092 54.2009 631.501 54.4566 630.993C54.7152 630.482 55.0759 630.084 55.539 629.8C56.0021 629.513 56.5461 629.369 57.1711 629.369C57.5745 629.369 57.9552 629.435 58.3132 629.565C58.674 629.693 58.9921 629.892 59.2677 630.162C59.5461 630.432 59.7649 630.776 59.924 631.193C60.0831 631.608 60.1626 632.102 60.1626 632.676V633.149H54.7975V632.109H58.6839C58.6811 631.814 58.6171 631.551 58.4921 631.321C58.3671 631.088 58.1924 630.905 57.968 630.771C57.7464 630.638 57.4879 630.571 57.1924 630.571C56.8771 630.571 56.6001 630.648 56.3615 630.801C56.1228 630.952 55.9367 631.151 55.8032 631.398C55.6725 631.642 55.6058 631.911 55.6029 632.203V633.111C55.6029 633.491 55.6725 633.818 55.8117 634.091C55.9509 634.361 56.1456 634.568 56.3956 634.713C56.6456 634.855 56.9382 634.926 57.2734 634.926C57.4978 634.926 57.7009 634.895 57.8828 634.832C58.0646 634.767 58.2223 634.672 58.3558 634.547C58.4893 634.422 58.5902 634.267 58.6583 634.082L60.0987 634.244C60.0078 634.625 59.8345 634.957 59.5788 635.241C59.3259 635.523 59.0021 635.741 58.6072 635.898C58.2123 636.051 57.7606 636.128 57.2521 636.128ZM63.3003 632.165V636H61.7576V629.455H63.2321V630.567H63.3088C63.4593 630.2 63.6994 629.909 64.0289 629.693C64.3613 629.477 64.7718 629.369 65.2605 629.369C65.7122 629.369 66.1057 629.466 66.4409 629.659C66.7789 629.852 67.0403 630.132 67.225 630.499C67.4125 630.865 67.5048 631.31 67.502 631.832V636H65.9593V632.071C65.9593 631.634 65.8457 631.291 65.6184 631.044C65.394 630.797 65.0829 630.673 64.6852 630.673C64.4153 630.673 64.1753 630.733 63.965 630.852C63.7576 630.969 63.5943 631.138 63.475 631.359C63.3585 631.581 63.3003 631.849 63.3003 632.165ZM71.7891 636.115C71.2749 636.115 70.8147 635.983 70.4084 635.719C70.0022 635.455 69.6812 635.071 69.4454 634.568C69.2096 634.065 69.0917 633.455 69.0917 632.736C69.0917 632.009 69.211 631.395 69.4496 630.895C69.6911 630.392 70.0164 630.013 70.4255 629.757C70.8346 629.499 71.2905 629.369 71.7934 629.369C72.1769 629.369 72.4922 629.435 72.7394 629.565C72.9866 629.693 73.1826 629.848 73.3275 630.03C73.4724 630.209 73.5846 630.378 73.6641 630.537H73.728V627.273H75.2749V636H73.7579V634.969H73.6641C73.5846 635.128 73.4695 635.297 73.3189 635.476C73.1684 635.652 72.9695 635.803 72.7224 635.928C72.4752 636.053 72.1641 636.115 71.7891 636.115ZM72.2195 634.849C72.5462 634.849 72.8246 634.761 73.0547 634.585C73.2849 634.406 73.4596 634.158 73.5789 633.839C73.6982 633.521 73.7579 633.151 73.7579 632.727C73.7579 632.304 73.6982 631.936 73.5789 631.624C73.4624 631.311 73.2891 631.068 73.059 630.895C72.8317 630.722 72.5519 630.635 72.2195 630.635C71.8758 630.635 71.5888 630.724 71.3587 630.903C71.1286 631.082 70.9553 631.33 70.8388 631.645C70.7224 631.96 70.6641 632.321 70.6641 632.727C70.6641 633.136 70.7224 633.501 70.8388 633.822C70.9582 634.141 71.1329 634.392 71.363 634.577C71.5959 634.759 71.8814 634.849 72.2195 634.849ZM79.0923 636.132C78.6775 636.132 78.3039 636.058 77.9715 635.911C77.642 635.76 77.3806 635.538 77.1874 635.246C76.9971 634.953 76.9019 634.592 76.9019 634.163C76.9019 633.794 76.9701 633.489 77.1065 633.247C77.2428 633.006 77.4289 632.812 77.6647 632.668C77.9005 632.523 78.1661 632.413 78.4616 632.339C78.7599 632.263 79.0681 632.207 79.3863 632.173C79.7698 632.134 80.0809 632.098 80.3195 632.067C80.5582 632.033 80.7315 631.982 80.8394 631.913C80.9502 631.842 81.0056 631.733 81.0056 631.585V631.56C81.0056 631.239 80.9104 630.99 80.7201 630.814C80.5298 630.638 80.2556 630.55 79.8977 630.55C79.5198 630.55 79.2201 630.632 78.9985 630.797C78.7798 630.962 78.632 631.156 78.5553 631.381L77.115 631.176C77.2286 630.778 77.4161 630.446 77.6775 630.179C77.9388 629.909 78.2585 629.707 78.6363 629.574C79.0141 629.438 79.4317 629.369 79.8891 629.369C80.2045 629.369 80.5184 629.406 80.8309 629.48C81.1434 629.554 81.4289 629.676 81.6874 629.847C81.946 630.014 82.1533 630.243 82.3096 630.533C82.4687 630.822 82.5482 631.185 82.5482 631.619V636H81.0653V635.101H81.0141C80.9204 635.283 80.7883 635.453 80.6178 635.612C80.4502 635.768 80.2386 635.895 79.9829 635.991C79.73 636.085 79.4332 636.132 79.0923 636.132ZM79.4928 634.999C79.8025 634.999 80.071 634.937 80.2982 634.815C80.5255 634.69 80.7002 634.526 80.8224 634.321C80.9474 634.116 81.0099 633.893 81.0099 633.652V632.881C80.9616 632.92 80.8792 632.957 80.7627 632.991C80.6491 633.026 80.5212 633.055 80.3792 633.081C80.2371 633.107 80.0965 633.129 79.9573 633.149C79.8181 633.169 79.6974 633.186 79.5951 633.2C79.365 633.232 79.159 633.283 78.9772 633.354C78.7954 633.425 78.6519 633.524 78.5468 633.652C78.4417 633.777 78.3891 633.939 78.3891 634.138C78.3891 634.422 78.4928 634.636 78.7002 634.781C78.9076 634.926 79.1718 634.999 79.4928 634.999ZM86.8183 636.115C86.3041 636.115 85.8439 635.983 85.4377 635.719C85.0314 635.455 84.7104 635.071 84.4746 634.568C84.2388 634.065 84.1209 633.455 84.1209 632.736C84.1209 632.009 84.2402 631.395 84.4789 630.895C84.7203 630.392 85.0456 630.013 85.4547 629.757C85.8638 629.499 86.3198 629.369 86.8226 629.369C87.2061 629.369 87.5215 629.435 87.7686 629.565C88.0158 629.693 88.2118 629.848 88.3567 630.03C88.5016 630.209 88.6138 630.378 88.6933 630.537H88.7573V627.273H90.3041V636H88.7871V634.969H88.6933C88.6138 635.128 88.4987 635.297 88.3482 635.476C88.1976 635.652 87.9987 635.803 87.7516 635.928C87.5044 636.053 87.1933 636.115 86.8183 636.115ZM87.2487 634.849C87.5754 634.849 87.8539 634.761 88.084 634.585C88.3141 634.406 88.4888 634.158 88.6081 633.839C88.7274 633.521 88.7871 633.151 88.7871 632.727C88.7871 632.304 88.7274 631.936 88.6081 631.624C88.4916 631.311 88.3183 631.068 88.0882 630.895C87.861 630.722 87.5811 630.635 87.2487 630.635C86.905 630.635 86.6181 630.724 86.3879 630.903C86.1578 631.082 85.9845 631.33 85.8681 631.645C85.7516 631.96 85.6933 632.321 85.6933 632.727C85.6933 633.136 85.7516 633.501 85.8681 633.822C85.9874 634.141 86.1621 634.392 86.3922 634.577C86.6252 634.759 86.9107 634.849 87.2487 634.849ZM94.1215 636.132C93.7067 636.132 93.3331 636.058 93.0007 635.911C92.6712 635.76 92.4098 635.538 92.2166 635.246C92.0263 634.953 91.9311 634.592 91.9311 634.163C91.9311 633.794 91.9993 633.489 92.1357 633.247C92.272 633.006 92.4581 632.812 92.6939 632.668C92.9297 632.523 93.1953 632.413 93.4908 632.339C93.7891 632.263 94.0973 632.207 94.4155 632.173C94.799 632.134 95.1101 632.098 95.3487 632.067C95.5874 632.033 95.7607 631.982 95.8686 631.913C95.9794 631.842 96.0348 631.733 96.0348 631.585V631.56C96.0348 631.239 95.9397 630.99 95.7493 630.814C95.559 630.638 95.2848 630.55 94.9269 630.55C94.549 630.55 94.2493 630.632 94.0277 630.797C93.809 630.962 93.6612 631.156 93.5845 631.381L92.1442 631.176C92.2578 630.778 92.4453 630.446 92.7067 630.179C92.9681 629.909 93.2877 629.707 93.6655 629.574C94.0433 629.438 94.461 629.369 94.9183 629.369C95.2337 629.369 95.5476 629.406 95.8601 629.48C96.1726 629.554 96.4581 629.676 96.7166 629.847C96.9752 630.014 97.1826 630.243 97.3388 630.533C97.4979 630.822 97.5774 631.185 97.5774 631.619V636H96.0945V635.101H96.0433C95.9496 635.283 95.8175 635.453 95.647 635.612C95.4794 635.768 95.2678 635.895 95.0121 635.991C94.7593 636.085 94.4624 636.132 94.1215 636.132ZM94.522 634.999C94.8317 634.999 95.1002 634.937 95.3274 634.815C95.5547 634.69 95.7294 634.526 95.8516 634.321C95.9766 634.116 96.0391 633.893 96.0391 633.652V632.881C95.9908 632.92 95.9084 632.957 95.7919 632.991C95.6783 633.026 95.5504 633.055 95.4084 633.081C95.2664 633.107 95.1257 633.129 94.9865 633.149C94.8473 633.169 94.7266 633.186 94.6243 633.2C94.3942 633.232 94.1882 633.283 94.0064 633.354C93.8246 633.425 93.6811 633.524 93.576 633.652C93.4709 633.777 93.4183 633.939 93.4183 634.138C93.4183 634.422 93.522 634.636 93.7294 634.781C93.9368 634.926 94.201 634.999 94.522 634.999Z" fill="#26292E"/>
<line x1="100.334" y1="604" x2="154.334" y2="604" stroke="#D9D9D9" stroke-width="2" stroke-linecap="round"/>
<rect x="175" y="593" width="24" height="24" rx="12" fill="#FF5A0A"/>
<path d="M191 598.072C192.207 598.769 193.211 599.768 193.912 600.972C194.614 602.176 194.988 603.542 195 604.935C195.011 606.329 194.658 607.701 193.976 608.916C193.294 610.131 192.307 611.146 191.112 611.863C189.916 612.579 188.555 612.97 187.162 612.998C185.769 613.027 184.393 612.69 183.169 612.023C181.946 611.356 180.918 610.381 180.188 609.195C179.457 608.008 179.049 606.652 179.004 605.259L179 605L179.004 604.741C179.049 603.359 179.451 602.013 180.171 600.833C180.891 599.653 181.905 598.679 183.113 598.008C184.321 597.336 185.683 596.989 187.065 597C188.447 597.011 189.803 597.381 191 598.072ZM189.966 602.834C189.828 602.697 189.645 602.614 189.45 602.602C189.256 602.589 189.064 602.649 188.91 602.768L188.835 602.834L186.2 605.468L185.166 604.434L185.09 604.368C184.937 604.249 184.744 604.19 184.55 604.202C184.356 604.214 184.172 604.297 184.035 604.435C183.897 604.572 183.814 604.755 183.802 604.95C183.79 605.144 183.849 605.336 183.968 605.49L184.034 605.566L185.634 607.166L185.71 607.232C185.85 607.341 186.023 607.4 186.2 607.4C186.378 607.4 186.55 607.341 186.69 607.232L186.766 607.166L189.966 603.966L190.032 603.89C190.152 603.736 190.211 603.544 190.198 603.35C190.186 603.155 190.103 602.972 189.966 602.834Z" fill="white"/>
<path d="M180.271 636V627.273H185.947V628.598H181.852V630.967H185.653V632.293H181.852V634.675H185.981V636H180.271ZM189.324 632.165V636H187.782V629.455H189.256V630.567H189.333C189.483 630.2 189.723 629.909 190.053 629.693C190.385 629.477 190.796 629.369 191.284 629.369C191.736 629.369 192.13 629.466 192.465 629.659C192.803 629.852 193.064 630.132 193.249 630.499C193.436 630.865 193.529 631.31 193.526 631.832V636H191.983V632.071C191.983 631.634 191.87 631.291 191.642 631.044C191.418 630.797 191.107 630.673 190.709 630.673C190.439 630.673 190.199 630.733 189.989 630.852C189.782 630.969 189.618 631.138 189.499 631.359C189.382 631.581 189.324 631.849 189.324 632.165ZM172.446 644.217H170.853C170.807 643.956 170.723 643.724 170.601 643.523C170.479 643.318 170.327 643.145 170.145 643.003C169.964 642.861 169.756 642.754 169.523 642.683C169.293 642.609 169.044 642.572 168.777 642.572C168.303 642.572 167.883 642.692 167.516 642.93C167.15 643.166 166.863 643.513 166.655 643.97C166.448 644.425 166.344 644.98 166.344 645.636C166.344 646.304 166.448 646.866 166.655 647.324C166.865 647.778 167.152 648.122 167.516 648.355C167.883 648.585 168.302 648.7 168.773 648.7C169.035 648.7 169.279 648.666 169.506 648.598C169.736 648.527 169.942 648.423 170.124 648.287C170.309 648.151 170.464 647.983 170.589 647.784C170.716 647.585 170.804 647.358 170.853 647.102L172.446 647.111C172.387 647.526 172.258 647.915 172.059 648.278C171.863 648.642 171.606 648.963 171.287 649.241C170.969 649.517 170.597 649.733 170.171 649.889C169.745 650.043 169.272 650.119 168.752 650.119C167.985 650.119 167.3 649.942 166.698 649.587C166.096 649.232 165.621 648.719 165.275 648.048C164.928 647.378 164.755 646.574 164.755 645.636C164.755 644.696 164.929 643.892 165.279 643.224C165.628 642.554 166.104 642.041 166.706 641.686C167.309 641.331 167.99 641.153 168.752 641.153C169.238 641.153 169.689 641.222 170.107 641.358C170.525 641.494 170.897 641.695 171.223 641.959C171.55 642.22 171.819 642.541 172.029 642.922C172.242 643.3 172.381 643.732 172.446 644.217ZM176 650.132C175.585 650.132 175.211 650.058 174.879 649.911C174.549 649.76 174.288 649.538 174.095 649.246C173.904 648.953 173.809 648.592 173.809 648.163C173.809 647.794 173.877 647.489 174.014 647.247C174.15 647.006 174.336 646.812 174.572 646.668C174.808 646.523 175.073 646.413 175.369 646.339C175.667 646.263 175.975 646.207 176.294 646.173C176.677 646.134 176.988 646.098 177.227 646.067C177.466 646.033 177.639 645.982 177.747 645.913C177.858 645.842 177.913 645.733 177.913 645.585V645.56C177.913 645.239 177.818 644.99 177.627 644.814C177.437 644.638 177.163 644.55 176.805 644.55C176.427 644.55 176.127 644.632 175.906 644.797C175.687 644.962 175.539 645.156 175.463 645.381L174.022 645.176C174.136 644.778 174.323 644.446 174.585 644.179C174.846 643.909 175.166 643.707 175.544 643.574C175.921 643.438 176.339 643.369 176.796 643.369C177.112 643.369 177.426 643.406 177.738 643.48C178.051 643.554 178.336 643.676 178.595 643.847C178.853 644.014 179.061 644.243 179.217 644.533C179.376 644.822 179.456 645.185 179.456 645.619V650H177.973V649.101H177.921C177.828 649.283 177.696 649.453 177.525 649.612C177.358 649.768 177.146 649.895 176.89 649.991C176.637 650.085 176.341 650.132 176 650.132ZM176.4 648.999C176.71 648.999 176.978 648.937 177.206 648.815C177.433 648.69 177.608 648.526 177.73 648.321C177.855 648.116 177.917 647.893 177.917 647.652V646.881C177.869 646.92 177.787 646.957 177.67 646.991C177.556 647.026 177.429 647.055 177.287 647.081C177.144 647.107 177.004 647.129 176.865 647.149C176.725 647.169 176.605 647.186 176.502 647.2C176.272 647.232 176.066 647.283 175.885 647.354C175.703 647.425 175.559 647.524 175.454 647.652C175.349 647.777 175.296 647.939 175.296 648.138C175.296 648.422 175.4 648.636 175.608 648.781C175.815 648.926 176.079 648.999 176.4 648.999ZM181.297 650V643.455H182.771V644.567H182.848C182.984 644.192 183.21 643.899 183.525 643.689C183.841 643.476 184.217 643.369 184.655 643.369C185.098 643.369 185.471 643.477 185.775 643.693C186.082 643.906 186.298 644.197 186.423 644.567H186.491C186.636 644.203 186.881 643.913 187.224 643.697C187.571 643.479 187.981 643.369 188.456 643.369C189.058 643.369 189.55 643.56 189.93 643.94C190.311 644.321 190.501 644.876 190.501 645.607V650H188.954V645.845C188.954 645.439 188.846 645.142 188.631 644.955C188.415 644.764 188.15 644.669 187.838 644.669C187.466 644.669 187.175 644.786 186.964 645.018C186.757 645.249 186.653 645.548 186.653 645.918V650H185.14V645.781C185.14 645.443 185.038 645.173 184.834 644.972C184.632 644.77 184.368 644.669 184.041 644.669C183.819 644.669 183.618 644.726 183.436 644.839C183.254 644.95 183.109 645.108 183.001 645.312C182.893 645.514 182.839 645.75 182.839 646.02V650H181.297ZM192.356 650V643.455H193.899V650H192.356ZM193.132 642.526C192.887 642.526 192.677 642.445 192.501 642.283C192.325 642.118 192.237 641.92 192.237 641.69C192.237 641.457 192.325 641.26 192.501 641.098C192.677 640.933 192.887 640.851 193.132 640.851C193.379 640.851 193.589 640.933 193.762 641.098C193.939 641.26 194.027 641.457 194.027 641.69C194.027 641.92 193.939 642.118 193.762 642.283C193.589 642.445 193.379 642.526 193.132 642.526ZM197.318 646.165V650H195.775V643.455H197.25V644.567H197.326C197.477 644.2 197.717 643.909 198.046 643.693C198.379 643.477 198.789 643.369 199.278 643.369C199.73 643.369 200.123 643.466 200.458 643.659C200.796 643.852 201.058 644.132 201.242 644.499C201.43 644.865 201.522 645.31 201.519 645.832V650H199.977V646.071C199.977 645.634 199.863 645.291 199.636 645.044C199.412 644.797 199.1 644.673 198.703 644.673C198.433 644.673 198.193 644.733 197.983 644.852C197.775 644.969 197.612 645.138 197.492 645.359C197.376 645.581 197.318 645.849 197.318 646.165ZM206.233 650.128C205.594 650.128 205.04 649.987 204.571 649.706C204.102 649.425 203.738 649.031 203.48 648.526C203.224 648.02 203.096 647.429 203.096 646.753C203.096 646.077 203.224 645.484 203.48 644.976C203.738 644.467 204.102 644.072 204.571 643.791C205.04 643.51 205.594 643.369 206.233 643.369C206.872 643.369 207.426 643.51 207.895 643.791C208.363 644.072 208.726 644.467 208.981 644.976C209.24 645.484 209.369 646.077 209.369 646.753C209.369 647.429 209.24 648.02 208.981 648.526C208.726 649.031 208.363 649.425 207.895 649.706C207.426 649.987 206.872 650.128 206.233 650.128ZM206.241 648.892C206.588 648.892 206.878 648.797 207.111 648.607C207.344 648.413 207.517 648.155 207.63 647.831C207.747 647.507 207.805 647.146 207.805 646.749C207.805 646.348 207.747 645.986 207.63 645.662C207.517 645.335 207.344 645.075 207.111 644.882C206.878 644.689 206.588 644.592 206.241 644.592C205.886 644.592 205.591 644.689 205.355 644.882C205.122 645.075 204.947 645.335 204.831 645.662C204.717 645.986 204.66 646.348 204.66 646.749C204.66 647.146 204.717 647.507 204.831 647.831C204.947 648.155 205.122 648.413 205.355 648.607C205.591 648.797 205.886 648.892 206.241 648.892Z" fill="#26292E"/>
<line x1="219.666" y1="604" x2="273.666" y2="604" stroke="#D9D9D9" stroke-width="2" stroke-linecap="round"/>
<rect x="294.332" y="593" width="24" height="24" rx="12" fill="#FF5A0A"/>
<path d="M310.332 598.072C311.539 598.769 312.543 599.768 313.244 600.972C313.946 602.176 314.321 603.542 314.332 604.935C314.343 606.329 313.99 607.701 313.308 608.916C312.626 610.131 311.639 611.146 310.444 611.863C309.248 612.579 307.887 612.97 306.494 612.998C305.101 613.027 303.725 612.69 302.501 612.023C301.278 611.356 300.25 610.381 299.52 609.195C298.789 608.008 298.381 606.652 298.336 605.259L298.332 605L298.336 604.741C298.381 603.359 298.783 602.013 299.503 600.833C300.223 599.653 301.237 598.679 302.445 598.008C303.653 597.336 305.015 596.989 306.397 597C307.779 597.011 309.135 597.381 310.332 598.072ZM309.298 602.834C309.16 602.697 308.977 602.614 308.782 602.602C308.588 602.589 308.396 602.649 308.242 602.768L308.167 602.834L305.532 605.468L304.498 604.434L304.423 604.368C304.269 604.249 304.076 604.19 303.882 604.202C303.688 604.214 303.504 604.297 303.367 604.435C303.229 604.572 303.146 604.755 303.134 604.95C303.122 605.144 303.181 605.336 303.3 605.49L303.366 605.566L304.967 607.166L305.042 607.232C305.182 607.341 305.355 607.4 305.532 607.4C305.71 607.4 305.882 607.341 306.023 607.232L306.098 607.166L309.298 603.966L309.364 603.89C309.484 603.736 309.543 603.544 309.53 603.35C309.518 603.155 309.436 602.972 309.298 602.834Z" fill="white"/>
<path d="M285.195 627.273V636H283.614V627.273H285.195ZM288.671 632.165V636H287.129V629.455H288.603V630.567H288.68C288.831 630.2 289.071 629.909 289.4 629.693C289.733 629.477 290.143 629.369 290.632 629.369C291.083 629.369 291.477 629.466 291.812 629.659C292.15 629.852 292.411 630.132 292.596 630.499C292.784 630.865 292.876 631.31 292.873 631.832V636H291.331V632.071C291.331 631.634 291.217 631.291 290.99 631.044C290.765 630.797 290.454 630.673 290.056 630.673C289.786 630.673 289.546 630.733 289.336 630.852C289.129 630.969 288.965 631.138 288.846 631.359C288.73 631.581 288.671 631.849 288.671 632.165ZM294.731 636V629.455H296.274V636H294.731ZM295.507 628.526C295.263 628.526 295.052 628.445 294.876 628.283C294.7 628.118 294.612 627.92 294.612 627.69C294.612 627.457 294.7 627.26 294.876 627.098C295.052 626.933 295.263 626.851 295.507 626.851C295.754 626.851 295.964 626.933 296.138 627.098C296.314 627.26 296.402 627.457 296.402 627.69C296.402 627.92 296.314 628.118 296.138 628.283C295.964 628.445 295.754 628.526 295.507 628.526ZM301.005 636.128C300.352 636.128 299.791 635.984 299.322 635.697C298.856 635.411 298.497 635.014 298.244 634.509C297.994 634 297.869 633.415 297.869 632.753C297.869 632.088 297.997 631.501 298.252 630.993C298.508 630.482 298.869 630.084 299.335 629.8C299.804 629.513 300.358 629.369 300.997 629.369C301.528 629.369 301.998 629.467 302.407 629.663C302.819 629.857 303.147 630.131 303.392 630.486C303.636 630.838 303.775 631.25 303.809 631.722H302.335C302.275 631.406 302.133 631.143 301.909 630.933C301.687 630.72 301.39 630.614 301.018 630.614C300.703 630.614 300.426 630.699 300.187 630.869C299.949 631.037 299.762 631.278 299.629 631.594C299.498 631.909 299.433 632.287 299.433 632.727C299.433 633.173 299.498 633.557 299.629 633.878C299.76 634.196 299.943 634.442 300.179 634.615C300.417 634.786 300.697 634.871 301.018 634.871C301.245 634.871 301.449 634.828 301.627 634.743C301.809 634.655 301.961 634.528 302.083 634.364C302.206 634.199 302.289 633.999 302.335 633.763H303.809C303.772 634.226 303.636 634.636 303.4 634.994C303.164 635.349 302.843 635.628 302.437 635.83C302.031 636.028 301.554 636.128 301.005 636.128ZM305.366 636V629.455H306.909V636H305.366ZM306.142 628.526C305.897 628.526 305.687 628.445 305.511 628.283C305.335 628.118 305.247 627.92 305.247 627.69C305.247 627.457 305.335 627.26 305.511 627.098C305.687 626.933 305.897 626.851 306.142 626.851C306.389 626.851 306.599 626.933 306.772 627.098C306.948 627.26 307.036 627.457 307.036 627.69C307.036 627.92 306.948 628.118 306.772 628.283C306.599 628.445 306.389 628.526 306.142 628.526ZM310.668 636.132C310.254 636.132 309.88 636.058 309.548 635.911C309.218 635.76 308.957 635.538 308.764 635.246C308.573 634.953 308.478 634.592 308.478 634.163C308.478 633.794 308.546 633.489 308.683 633.247C308.819 633.006 309.005 632.812 309.241 632.668C309.477 632.523 309.742 632.413 310.038 632.339C310.336 632.263 310.644 632.207 310.962 632.173C311.346 632.134 311.657 632.098 311.896 632.067C312.134 632.033 312.308 631.982 312.416 631.913C312.526 631.842 312.582 631.733 312.582 631.585V631.56C312.582 631.239 312.487 630.99 312.296 630.814C312.106 630.638 311.832 630.55 311.474 630.55C311.096 630.55 310.796 630.632 310.575 630.797C310.356 630.962 310.208 631.156 310.131 631.381L308.691 631.176C308.805 630.778 308.992 630.446 309.254 630.179C309.515 629.909 309.835 629.707 310.212 629.574C310.59 629.438 311.008 629.369 311.465 629.369C311.781 629.369 312.095 629.406 312.407 629.48C312.72 629.554 313.005 629.676 313.264 629.847C313.522 630.014 313.73 630.243 313.886 630.533C314.045 630.822 314.124 631.185 314.124 631.619V636H312.641V635.101H312.59C312.497 635.283 312.364 635.453 312.194 635.612C312.026 635.768 311.815 635.895 311.559 635.991C311.306 636.085 311.009 636.132 310.668 636.132ZM311.069 634.999C311.379 634.999 311.647 634.937 311.874 634.815C312.102 634.69 312.276 634.526 312.399 634.321C312.524 634.116 312.586 633.893 312.586 633.652V632.881C312.538 632.92 312.455 632.957 312.339 632.991C312.225 633.026 312.097 633.055 311.955 633.081C311.813 633.107 311.673 633.129 311.533 633.149C311.394 633.169 311.274 633.186 311.171 633.2C310.941 633.232 310.735 633.283 310.553 633.354C310.372 633.425 310.228 633.524 310.123 633.652C310.018 633.777 309.965 633.939 309.965 634.138C309.965 634.422 310.069 634.636 310.276 634.781C310.484 634.926 310.748 634.999 311.069 634.999ZM318.395 636.115C317.88 636.115 317.42 635.983 317.014 635.719C316.608 635.455 316.287 635.071 316.051 634.568C315.815 634.065 315.697 633.455 315.697 632.736C315.697 632.009 315.816 631.395 316.055 630.895C316.296 630.392 316.622 630.013 317.031 629.757C317.44 629.499 317.896 629.369 318.399 629.369C318.782 629.369 319.098 629.435 319.345 629.565C319.592 629.693 319.788 629.848 319.933 630.03C320.078 630.209 320.19 630.378 320.27 630.537H320.333V627.273H321.88V636H320.363V634.969H320.27C320.19 635.128 320.075 635.297 319.924 635.476C319.774 635.652 319.575 635.803 319.328 635.928C319.081 636.053 318.77 636.115 318.395 636.115ZM318.825 634.849C319.152 634.849 319.43 634.761 319.66 634.585C319.89 634.406 320.065 634.158 320.184 633.839C320.304 633.521 320.363 633.151 320.363 632.727C320.363 632.304 320.304 631.936 320.184 631.624C320.068 631.311 319.895 631.068 319.664 630.895C319.437 630.722 319.157 630.635 318.825 630.635C318.481 630.635 318.194 630.724 317.964 630.903C317.734 631.082 317.561 631.33 317.444 631.645C317.328 631.96 317.27 632.321 317.27 632.727C317.27 633.136 317.328 633.501 317.444 633.822C317.564 634.141 317.738 634.392 317.968 634.577C318.201 634.759 318.487 634.849 318.825 634.849ZM325.698 636.132C325.283 636.132 324.909 636.058 324.577 635.911C324.247 635.76 323.986 635.538 323.793 635.246C323.602 634.953 323.507 634.592 323.507 634.163C323.507 633.794 323.575 633.489 323.712 633.247C323.848 633.006 324.034 632.812 324.27 632.668C324.506 632.523 324.772 632.413 325.067 632.339C325.365 632.263 325.673 632.207 325.992 632.173C326.375 632.134 326.686 632.098 326.925 632.067C327.164 632.033 327.337 631.982 327.445 631.913C327.556 631.842 327.611 631.733 327.611 631.585V631.56C327.611 631.239 327.516 630.99 327.325 630.814C327.135 630.638 326.861 630.55 326.503 630.55C326.125 630.55 325.825 630.632 325.604 630.797C325.385 630.962 325.237 631.156 325.161 631.381L323.72 631.176C323.834 630.778 324.022 630.446 324.283 630.179C324.544 629.909 324.864 629.707 325.242 629.574C325.62 629.438 326.037 629.369 326.495 629.369C326.81 629.369 327.124 629.406 327.436 629.48C327.749 629.554 328.034 629.676 328.293 629.847C328.551 630.014 328.759 630.243 328.915 630.533C329.074 630.822 329.154 631.185 329.154 631.619V636H327.671V635.101H327.62C327.526 635.283 327.394 635.453 327.223 635.612C327.056 635.768 326.844 635.895 326.588 635.991C326.335 636.085 326.039 636.132 325.698 636.132ZM326.098 634.999C326.408 634.999 326.676 634.937 326.904 634.815C327.131 634.69 327.306 634.526 327.428 634.321C327.553 634.116 327.615 633.893 327.615 633.652V632.881C327.567 632.92 327.485 632.957 327.368 632.991C327.254 633.026 327.127 633.055 326.985 633.081C326.843 633.107 326.702 633.129 326.563 633.149C326.423 633.169 326.303 633.186 326.2 633.2C325.97 633.232 325.764 633.283 325.583 633.354C325.401 633.425 325.257 633.524 325.152 633.652C325.047 633.777 324.995 633.939 324.995 634.138C324.995 634.422 325.098 634.636 325.306 634.781C325.513 634.926 325.777 634.999 326.098 634.999Z" fill="#26292E"/>
<path d="M197.556 89.6006C195.707 89.6006 194.195 91.028 194.195 92.7728V111.812C194.195 113.556 195.707 114.984 197.556 114.984H197.614C199.462 114.984 200.973 113.556 200.973 111.812V92.7728C200.973 91.028 199.462 89.6006 197.614 89.6006H197.556Z" fill="#FF5A0A"/>
<path d="M206.018 102.223C206.017 102.25 206.016 102.276 206.016 102.303V111.981C206.016 113.726 207.528 115.154 209.376 115.154H209.434C211.282 115.154 212.794 113.726 212.794 111.981C212.794 111.981 212.791 102.038 212.791 101.896C212.914 98.9125 214.802 96.0512 219.507 96.0512C224.241 96.0512 226.121 98.9482 226.222 101.952C226.222 102.084 226.223 111.981 226.223 111.981C226.223 113.726 227.736 115.154 229.584 115.154H229.642C231.49 115.154 233.002 113.726 233.002 111.981V102.349L233.001 102.267C232.979 97.9868 230.324 89.663 219.478 89.6291C208.669 89.6624 206.058 97.9292 206.018 102.223Z" fill="#FF5A0A"/>
<path d="M185.725 89.7095C183.878 89.7095 182.366 91.1367 182.366 92.8818V108.851H175.736V108.848H175.735C170.912 108.848 168.973 105.805 168.961 102.724V92.8818C168.961 91.1367 167.415 89.7095 165.567 89.7095C163.719 89.7095 162.184 91.1367 162.184 92.8818V103.069C162.036 106.028 160.128 108.848 155.484 108.848C150.661 108.848 148.789 105.805 148.776 102.724H148.776C148.777 102.689 148.778 92.8818 148.778 92.8818C148.778 91.1367 147.239 89.7095 145.391 89.7095C143.543 89.7095 142 91.1367 142 92.8818V102.622C142 102.894 141.996 103.147 142.036 103.413C142.353 107.848 145.295 115.239 155.456 115.27C160.295 115.256 163.493 113.57 165.551 111.33C165.551 111.33 165.562 111.315 165.596 111.315C165.625 111.315 165.632 111.324 165.635 111.329C167.679 113.57 170.865 115.256 175.705 115.27L175.736 115.269V115.25H185.789C187.637 115.25 189.149 113.822 189.149 112.078V112.023C189.149 111.97 189.147 111.916 189.144 111.864V92.8818C189.144 91.1367 187.632 89.7095 185.783 89.7095H185.725Z" fill="#FF5A0A"/>
<path d="M194.32 83.2003C194.32 83.8358 194.469 84.4009 194.799 84.8523L194.8 84.8561C195.21 85.4475 197.276 87.3706 197.498 87.5804C197.721 87.7909 197.721 87.7909 197.949 87.5804C198.186 87.3252 200.393 85.246 200.684 84.7829L200.685 84.7586C200.97 84.3242 201.097 83.7923 201.097 83.2003C201.097 81.4324 199.581 80.0008 197.71 80.0008C195.837 80.0008 194.32 81.4324 194.32 83.2003Z" fill="#FF5A0A"/>
<rect x="121" y="800" width="134" height="5" rx="2.5" fill="#141414"/>
<path d="M252.84 192.643C255.214 193.754 257.063 195.744 257.996 198.194C257.996 198.194 257.582 191.944 260.476 189.457C260.476 189.457 257.856 191.53 257.303 194.57C256.048 193.485 254.49 192.812 252.84 192.643Z" fill="#263238"/>
<path d="M239.969 176.977C239.969 176.977 244.772 180.71 246.085 184.151C246.085 184.151 246.821 180.46 250.299 179.354C249.475 179.342 248.662 179.53 247.927 179.903C247.193 180.276 246.561 180.822 246.085 181.494C244.584 179.371 242.439 177.787 239.969 176.977Z" fill="#263238"/>
<path d="M234.838 193.215C234.838 193.215 238.772 192.607 240.656 195.003C240.656 195.003 239.489 191.428 240.656 189.008C240.656 189.008 239.1 190.005 239.641 193.598C239.641 193.598 238.145 192.054 234.838 193.215Z" fill="#263238"/>
<path d="M161.203 208.562H109.596V309.278H161.203V208.562Z" fill="#E6E6E6"/>
<path d="M151.821 208.562H109.596V309.278H151.821V208.562Z" fill="#F0F0F0"/>
<path d="M161.81 208.562H108.482V210.204H161.81V208.562Z" fill="#E0E0E0"/>
<path d="M161.81 205.273H108.482V206.915H161.81V205.273Z" fill="#E0E0E0"/>
<path d="M160.692 206.914H109.596V208.556H160.692V206.914Z" fill="#F0F0F0"/>
<path d="M121.53 214.49H113.602V222.419H121.53V214.49Z" fill="#E6E6E6"/>
<path d="M121.53 214.49H114.301V222.419H121.53V214.49Z" fill="#F5F5F5"/>
<path d="M133.544 214.49H125.615V222.419H133.544V214.49Z" fill="#E6E6E6"/>
<path d="M133.546 214.49H126.316V222.419H133.546V214.49Z" fill="#F5F5F5"/>
<path d="M145.551 214.49H137.623V222.419H145.551V214.49Z" fill="#E6E6E6"/>
<path d="M145.553 214.49H138.324V222.419H145.553V214.49Z" fill="#F5F5F5"/>
<path d="M121.53 226.17H113.602V234.098H121.53V226.17Z" fill="#E6E6E6"/>
<path d="M121.53 226.17H114.301V234.098H121.53V226.17Z" fill="#F5F5F5"/>
<path d="M133.544 226.17H125.615V234.098H133.544V226.17Z" fill="#E6E6E6"/>
<path d="M133.546 226.17H126.316V234.098H133.546V226.17Z" fill="#F5F5F5"/>
<path d="M145.551 226.17H137.623V234.098H145.551V226.17Z" fill="#E6E6E6"/>
<path d="M145.553 226.17H138.324V234.098H145.553V226.17Z" fill="#F5F5F5"/>
<path d="M121.53 247.555H113.602V255.483H121.53V247.555Z" fill="#E6E6E6"/>
<path d="M121.53 247.555H114.301V255.483H121.53V247.555Z" fill="#F5F5F5"/>
<path d="M133.544 247.555H125.615V255.483H133.544V247.555Z" fill="#E6E6E6"/>
<path d="M133.546 247.555H126.316V255.483H133.546V247.555Z" fill="#F5F5F5"/>
<path d="M145.551 247.555H137.623V255.483H145.551V247.555Z" fill="#E6E6E6"/>
<path d="M145.553 247.555H138.324V255.483H145.553V247.555Z" fill="#F5F5F5"/>
<path d="M121.53 259.232H113.602V267.161H121.53V259.232Z" fill="#E6E6E6"/>
<path d="M121.53 259.232H114.301V267.161H121.53V259.232Z" fill="#F5F5F5"/>
<path d="M133.544 259.232H125.615V267.161H133.544V259.232Z" fill="#E6E6E6"/>
<path d="M133.546 259.232H126.316V267.161H133.546V259.232Z" fill="#F5F5F5"/>
<path d="M145.551 259.232H137.623V267.161H145.551V259.232Z" fill="#E6E6E6"/>
<path d="M145.553 259.232H138.324V267.161H145.553V259.232Z" fill="#F5F5F5"/>
<path d="M121.53 283H113.602V290.928H121.53V283Z" fill="#E6E6E6"/>
<path d="M121.53 283H114.301V290.928H121.53V283Z" fill="#F5F5F5"/>
<path d="M133.544 283H125.615V290.928H133.544V283Z" fill="#E6E6E6"/>
<path d="M133.546 283H126.316V290.928H133.546V283Z" fill="#F5F5F5"/>
<path d="M145.551 283H137.623V290.928H145.551V283Z" fill="#E6E6E6"/>
<path d="M145.553 283H138.324V290.928H145.553V283Z" fill="#F5F5F5"/>
<path d="M121.53 294.68H113.602V302.608H121.53V294.68Z" fill="#E6E6E6"/>
<path d="M121.53 294.68H114.301V302.608H121.53V294.68Z" fill="#F5F5F5"/>
<path d="M133.544 294.68H125.615V302.608H133.544V294.68Z" fill="#E6E6E6"/>
<path d="M133.546 294.68H126.316V302.608H133.546V294.68Z" fill="#F5F5F5"/>
<path d="M145.551 294.68H137.623V302.608H145.551V294.68Z" fill="#E6E6E6"/>
<path d="M145.553 294.68H138.324V302.608H145.553V294.68Z" fill="#F5F5F5"/>
<path d="M161.203 239.674H109.596V240.41H161.203V239.674Z" fill="#E0E0E0"/>
<path d="M161.203 276.234H109.596V276.97H161.203V276.234Z" fill="#E0E0E0"/>
<path d="M100.881 238.719H65.1855V325.578H100.881V238.719Z" fill="#E0E0E0"/>
<path d="M90.7155 238.719H65.1855V325.578H90.7155V238.719Z" fill="#F0F0F0"/>
<path d="M77.3155 245.857H67.8125V250.472H77.3155V245.857Z" fill="#E6E6E6"/>
<path d="M77.318 245.857H68.4473V250.472H77.318V245.857Z" fill="#F5F5F5"/>
<path d="M88.3097 245.857H78.8066V250.472H88.3097V245.857Z" fill="#E6E6E6"/>
<path d="M88.3041 245.857H79.4395V250.472H88.3041V245.857Z" fill="#F5F5F5"/>
<path d="M77.3155 254.539H67.8125V259.154H77.3155V254.539Z" fill="#E6E6E6"/>
<path d="M77.318 254.539H68.4473V259.154H77.318V254.539Z" fill="#F5F5F5"/>
<path d="M88.3097 254.539H78.8066V259.154H88.3097V254.539Z" fill="#E6E6E6"/>
<path d="M88.3041 254.539H79.4395V259.154H88.3041V254.539Z" fill="#F5F5F5"/>
<path d="M77.3155 265.637H67.8125V270.251H77.3155V265.637Z" fill="#E6E6E6"/>
<path d="M77.318 265.637H68.4473V270.251H77.318V265.637Z" fill="#F5F5F5"/>
<path d="M88.3097 265.637H78.8066V270.251H88.3097V265.637Z" fill="#E6E6E6"/>
<path d="M88.3041 265.637H79.4395V270.251H88.3041V265.637Z" fill="#F5F5F5"/>
<path d="M77.3155 272.008H67.8125V276.623H77.3155V272.008Z" fill="#E6E6E6"/>
<path d="M77.318 272.008H68.4473V276.623H77.318V272.008Z" fill="#F5F5F5"/>
<path d="M88.3097 272.008H78.8066V276.623H88.3097V272.008Z" fill="#E6E6E6"/>
<path d="M88.3041 272.008H79.4395V276.623H88.3041V272.008Z" fill="#F5F5F5"/>
<path d="M77.3155 282.482H67.8125V287.097H77.3155V282.482Z" fill="#E6E6E6"/>
<path d="M77.318 282.482H68.4473V287.097H77.318V282.482Z" fill="#F5F5F5"/>
<path d="M88.3097 282.482H78.8066V287.097H88.3097V282.482Z" fill="#E6E6E6"/>
<path d="M88.3041 282.482H79.4395V287.097H88.3041V282.482Z" fill="#F5F5F5"/>
<path d="M77.3155 288.855H67.8125V293.47H77.3155V288.855Z" fill="#E6E6E6"/>
<path d="M77.318 288.855H68.4473V293.47H77.318V288.855Z" fill="#F5F5F5"/>
<path d="M88.3097 288.855H78.8066V293.47H88.3097V288.855Z" fill="#E6E6E6"/>
<path d="M88.3041 288.855H79.4395V293.47H88.3041V288.855Z" fill="#F5F5F5"/>
<path d="M77.3155 300.256H67.8125V304.871H77.3155V300.256Z" fill="#E6E6E6"/>
<path d="M77.318 300.256H68.4473V304.871H77.318V300.256Z" fill="#F5F5F5"/>
<path d="M88.3097 300.256H78.8066V304.871H88.3097V300.256Z" fill="#E6E6E6"/>
<path d="M88.3041 300.256H79.4395V304.871H88.3041V300.256Z" fill="#F5F5F5"/>
<path d="M77.3155 308.67H67.8125V313.285H77.3155V308.67Z" fill="#E6E6E6"/>
<path d="M77.318 308.67H68.4473V313.285H77.318V308.67Z" fill="#F5F5F5"/>
<path d="M88.3097 308.67H78.8066V313.285H88.3097V308.67Z" fill="#E6E6E6"/>
<path d="M88.3041 308.67H79.4395V313.285H88.3041V308.67Z" fill="#F5F5F5"/>
<path opacity="0.05" d="M100.881 261.994H65.1855V262.791H100.881V261.994Z" fill="black"/>
<path opacity="0.05" d="M100.881 279.152H65.1855V279.949H100.881V279.152Z" fill="black"/>
<path opacity="0.05" d="M100.881 296.461H65.1855V297.251H100.881V296.461Z" fill="black"/>
<path d="M100.878 236.146H63.5039V238.919H100.878V236.146Z" fill="#E0E0E0"/>
<path opacity="0.05" d="M100.882 236.146H92.3398V238.919H100.882V236.146Z" fill="black"/>
<path d="M224.447 193.479H182.531V302.414H224.447V193.479Z" fill="#E6E6E6"/>
<path d="M208.929 193.479H167.014V302.414H208.929V193.479Z" fill="#F0F0F0"/>
<path d="M205.277 200.871H170.676V206.422H205.277V200.871Z" fill="#E6E6E6"/>
<path d="M205.269 200.871H172.012V206.422H205.269V200.871Z" fill="#F5F5F5"/>
<path d="M205.277 210.217H170.676V215.768H205.277V210.217Z" fill="#E6E6E6"/>
<path d="M205.269 210.217H172.012V215.768H205.269V210.217Z" fill="#F5F5F5"/>
<path d="M205.277 219.92H170.676V225.471H205.277V219.92Z" fill="#E6E6E6"/>
<path d="M205.269 219.92H172.012V225.471H205.269V219.92Z" fill="#F5F5F5"/>
<path d="M205.277 229.629H170.676V235.18H205.277V229.629Z" fill="#E6E6E6"/>
<path d="M205.269 229.629H172.012V235.18H205.269V229.629Z" fill="#F5F5F5"/>
<path d="M205.277 239.332H170.676V244.883H205.277V239.332Z" fill="#E6E6E6"/>
<path d="M205.269 239.332H172.012V244.883H205.269V239.332Z" fill="#F5F5F5"/>
<path d="M205.277 249.043H170.676V254.594H205.277V249.043Z" fill="#E6E6E6"/>
<path d="M205.269 249.043H172.012V254.594H205.269V249.043Z" fill="#F5F5F5"/>
<path d="M205.277 259.738H170.676V265.289H205.277V259.738Z" fill="#E6E6E6"/>
<path d="M205.269 259.738H172.012V265.289H205.269V259.738Z" fill="#F5F5F5"/>
<path d="M205.277 270.439H170.676V275.99H205.277V270.439Z" fill="#E6E6E6"/>
<path d="M205.269 270.439H172.012V275.99H205.269V270.439Z" fill="#F5F5F5"/>
<path d="M205.277 281.139H170.676V286.69H205.277V281.139Z" fill="#E6E6E6"/>
<path d="M205.269 281.139H172.012V286.69H205.269V281.139Z" fill="#F5F5F5"/>
<path d="M205.277 291.834H170.676V297.385H205.277V291.834Z" fill="#E6E6E6"/>
<path d="M205.269 291.834H172.012V297.385H205.269V291.834Z" fill="#F5F5F5"/>
<path d="M225.536 192.385H165.83V195.042H225.536V192.385Z" fill="#E0E0E0"/>
<path d="M225.536 187.588H165.83V190.245H225.536V187.588Z" fill="#E0E0E0"/>
<path d="M223.552 189.721H167.014V192.378H223.552V189.721Z" fill="#F0F0F0"/>
<path d="M224.447 200.871H212.768V206.422H224.447V200.871Z" fill="#E0E0E0"/>
<path d="M224.447 210.004H212.768V215.555H224.447V210.004Z" fill="#E0E0E0"/>
<path d="M224.447 219.143H212.768V224.694H224.447V219.143Z" fill="#E0E0E0"/>
<path d="M224.447 229.625H212.768V235.176H224.447V229.625Z" fill="#E0E0E0"/>
<path d="M224.447 239.332H212.768V244.883H224.447V239.332Z" fill="#E0E0E0"/>
<path d="M224.447 249.043H212.768V254.594H224.447V249.043Z" fill="#E0E0E0"/>
<path d="M224.447 259.738H212.768V265.289H224.447V259.738Z" fill="#E0E0E0"/>
<path d="M224.447 270.439H212.768V275.99H224.447V270.439Z" fill="#E0E0E0"/>
<path d="M224.447 281.133H212.768V286.684H224.447V281.133Z" fill="#E0E0E0"/>
<path d="M224.447 291.834H212.768V297.385H224.447V291.834Z" fill="#E0E0E0"/>
<path d="M319.319 277.035H315.957V282.294H319.319V277.035Z" fill="#E0E0E0"/>
<path d="M319.319 285.645H315.957V290.904H319.319V285.645Z" fill="#E0E0E0"/>
<path d="M319.319 294.004H315.957V299.263H319.319V294.004Z" fill="#E0E0E0"/>
<path d="M319.319 302.852H315.957V308.111H319.319V302.852Z" fill="#E0E0E0"/>
<path d="M319.319 311.455H315.957V316.714H319.319V311.455Z" fill="#E0E0E0"/>
<path d="M319.319 271.752H283.951V325.542H319.319V271.752Z" fill="#E6E6E6"/>
<path d="M313.348 271.752H283.957V325.542H313.348V271.752Z" fill="#F0F0F0"/>
<path d="M310.502 277.035H286.602V282.294H310.502V277.035Z" fill="#EBEBEB"/>
<path d="M310.502 285.645H286.602V290.904H310.502V285.645Z" fill="#EBEBEB"/>
<path d="M310.502 294.248H286.602V299.507H310.502V294.248Z" fill="#EBEBEB"/>
<path d="M310.502 302.852H286.602V308.111H310.502V302.852Z" fill="#EBEBEB"/>
<path d="M310.502 311.455H286.602V316.714H310.502V311.455Z" fill="#EBEBEB"/>
<path d="M310.497 277.035H287.479V282.294H310.497V277.035Z" fill="#F5F5F5"/>
<path d="M310.497 285.645H287.479V290.904H310.497V285.645Z" fill="#F5F5F5"/>
<path d="M310.497 294.248H287.479V299.507H310.497V294.248Z" fill="#F5F5F5"/>
<path d="M310.497 302.852H287.479V308.111H310.497V302.852Z" fill="#F5F5F5"/>
<path d="M310.497 311.455H287.479V316.714H310.497V311.455Z" fill="#F5F5F5"/>
<path d="M169.728 226.467H109.518V343.969H169.728V226.467Z" fill="#FF5A0A"/>
<path opacity="0.4" d="M158.784 226.467H109.518V343.969H158.784V226.467Z" fill="#FF5A0A"/>
<path d="M170.439 226.467H108.223V228.382H170.439V226.467Z" fill="#FF5A0A"/>
<path d="M170.439 222.631H108.223V224.552H170.439V222.631Z" fill="#FF5A0A"/>
<path d="M169.132 224.553H109.518V226.468H169.132V224.553Z" fill="#F0F0F0"/>
<path d="M123.445 233.387H114.191V242.64H123.445V233.387Z" fill="#FF5A0A"/>
<path opacity="0.2" d="M123.445 233.387H115.006V242.64H123.445V233.387Z" fill="white"/>
<path d="M137.461 233.387H128.207V242.64H137.461V233.387Z" fill="#FF5A0A"/>
<path opacity="0.2" d="M137.461 233.387H129.021V242.64H137.461V233.387Z" fill="white"/>
<path d="M151.469 233.387H142.215V242.64H151.469V233.387Z" fill="#FF5A0A"/>
<path opacity="0.2" d="M151.468 233.387H143.029V242.64H151.468V233.387Z" fill="white"/>
<path d="M123.445 247.012H114.191V256.265H123.445V247.012Z" fill="#FF5A0A"/>
<path opacity="0.2" d="M123.445 247.012H115.006V256.265H123.445V247.012Z" fill="white"/>
<path d="M137.461 247.012H128.207V256.265H137.461V247.012Z" fill="#FF5A0A"/>
<path opacity="0.2" d="M137.461 247.012H129.021V256.265H137.461V247.012Z" fill="white"/>
<path d="M151.469 247.012H142.215V256.265H151.469V247.012Z" fill="#FF5A0A"/>
<path opacity="0.2" d="M151.468 247.012H143.029V256.265H151.468V247.012Z" fill="white"/>
<path d="M123.445 271.959H114.191V281.213H123.445V271.959Z" fill="#FF5A0A"/>
<path opacity="0.2" d="M123.445 271.959H115.006V281.213H123.445V271.959Z" fill="white"/>
<path d="M137.461 271.959H128.207V281.213H137.461V271.959Z" fill="#FF5A0A"/>
<path opacity="0.2" d="M137.461 271.959H129.021V281.213H137.461V271.959Z" fill="white"/>
<path d="M151.469 271.959H142.215V281.213H151.469V271.959Z" fill="#FF5A0A"/>
<path opacity="0.2" d="M151.468 271.959H143.029V281.213H151.468V271.959Z" fill="white"/>
<path d="M123.445 285.584H114.191V294.838H123.445V285.584Z" fill="#FF5A0A"/>
<path opacity="0.2" d="M123.445 285.584H115.006V294.838H123.445V285.584Z" fill="white"/>
<path d="M137.461 285.584H128.207V294.838H137.461V285.584Z" fill="#FF5A0A"/>
<path opacity="0.2" d="M137.461 285.584H129.021V294.838H137.461V285.584Z" fill="white"/>
<path d="M151.469 285.584H142.215V294.838H151.469V285.584Z" fill="#FF5A0A"/>
<path opacity="0.2" d="M151.468 285.584H143.029V294.838H151.468V285.584Z" fill="white"/>
<path d="M123.445 313.314H114.191V322.568H123.445V313.314Z" fill="#FF5A0A"/>
<path opacity="0.2" d="M123.445 313.314H115.006V322.568H123.445V313.314Z" fill="white"/>
<path d="M137.461 313.314H128.207V322.568H137.461V313.314Z" fill="#FF5A0A"/>
<path opacity="0.2" d="M137.461 313.314H129.021V322.568H137.461V313.314Z" fill="white"/>
<path d="M151.469 313.314H142.215V322.568H151.469V313.314Z" fill="#FF5A0A"/>
<path opacity="0.2" d="M151.468 313.314H143.029V322.568H151.468V313.314Z" fill="white"/>
<path d="M123.445 326.941H114.191V336.195H123.445V326.941Z" fill="#FF5A0A"/>
<path opacity="0.2" d="M123.445 326.941H115.006V336.195H123.445V326.941Z" fill="white"/>
<path d="M137.461 326.941H128.207V336.195H137.461V326.941Z" fill="#FF5A0A"/>
<path opacity="0.2" d="M137.461 326.941H129.021V336.195H137.461V326.941Z" fill="white"/>
<path d="M151.469 326.941H142.215V336.195H151.469V326.941Z" fill="#FF5A0A"/>
<path opacity="0.2" d="M151.468 326.941H143.029V336.195H151.468V326.941Z" fill="white"/>
<path opacity="0.2" d="M169.728 262.77H109.518V263.627H169.728V262.77Z" fill="white"/>
<path opacity="0.2" d="M169.728 305.418H109.518V306.275H169.728V305.418Z" fill="white"/>
<path d="M252.628 242.641H210.986V343.97H252.628V242.641Z" fill="#FF5A0A"/>
<path opacity="0.4" d="M242.663 242.641H210.986V343.97H242.663V242.641Z" fill="white"/>
<path d="M225.14 250.965H214.057V256.346H225.14V250.965Z" fill="#FF5A0A"/>
<path opacity="0.2" d="M225.139 250.965H214.791V256.346H225.139V250.965Z" fill="white"/>
<path d="M237.963 250.965H226.879V256.346H237.963V250.965Z" fill="#FF5A0A"/>
<path opacity="0.2" d="M237.963 250.965H227.615V256.346H237.963V250.965Z" fill="white"/>
<path d="M225.14 261.094H214.057V266.475H225.14V261.094Z" fill="#FF5A0A"/>
<path opacity="0.2" d="M225.139 261.094H214.791V266.475H225.139V261.094Z" fill="white"/>
<path d="M237.963 261.094H226.879V266.475H237.963V261.094Z" fill="#FF5A0A"/>
<path opacity="0.2" d="M237.963 261.094H227.615V266.475H237.963V261.094Z" fill="white"/>
<path d="M225.14 274.037H214.057V279.418H225.14V274.037Z" fill="#FF5A0A"/>
<path opacity="0.2" d="M225.139 274.037H214.791V279.418H225.139V274.037Z" fill="white"/>
<path d="M237.963 274.037H226.879V279.418H237.963V274.037Z" fill="#FF5A0A"/>
<path opacity="0.2" d="M237.963 274.037H227.615V279.418H237.963V274.037Z" fill="white"/>
<path d="M225.14 281.473H214.057V286.853H225.14V281.473Z" fill="#FF5A0A"/>
<path opacity="0.2" d="M225.139 281.473H214.791V286.853H225.139V281.473Z" fill="white"/>
<path d="M237.963 281.473H226.879V286.853H237.963V281.473Z" fill="#FF5A0A"/>
<path opacity="0.2" d="M237.963 281.473H227.615V286.853H237.963V281.473Z" fill="white"/>
<path d="M225.14 293.695H214.057V299.076H225.14V293.695Z" fill="#FF5A0A"/>
<path opacity="0.2" d="M225.139 293.695H214.791V299.076H225.139V293.695Z" fill="white"/>
<path d="M237.963 293.695H226.879V299.076H237.963V293.695Z" fill="#FF5A0A"/>
<path opacity="0.2" d="M237.963 293.695H227.615V299.076H237.963V293.695Z" fill="white"/>
<path d="M225.14 301.131H214.057V306.512H225.14V301.131Z" fill="#FF5A0A"/>
<path opacity="0.2" d="M225.139 301.131H214.791V306.512H225.139V301.131Z" fill="white"/>
<path d="M237.963 301.131H226.879V306.512H237.963V301.131Z" fill="#FF5A0A"/>
<path opacity="0.2" d="M237.963 301.131H227.615V306.512H237.963V301.131Z" fill="white"/>
<path d="M225.14 314.426H214.057V319.807H225.14V314.426Z" fill="#FF5A0A"/>
<path opacity="0.2" d="M225.139 314.426H214.791V319.807H225.139V314.426Z" fill="white"/>
<path d="M237.963 314.426H226.879V319.807H237.963V314.426Z" fill="#FF5A0A"/>
<path opacity="0.2" d="M237.963 314.426H227.615V319.807H237.963V314.426Z" fill="white"/>
<path d="M225.14 324.254H214.057V329.635H225.14V324.254Z" fill="#FF5A0A"/>
<path opacity="0.2" d="M225.139 324.254H214.791V329.635H225.139V324.254Z" fill="white"/>
<path d="M237.963 324.254H226.879V329.635H237.963V324.254Z" fill="#FF5A0A"/>
<path opacity="0.2" d="M237.963 324.254H227.615V329.635H237.963V324.254Z" fill="white"/>
<path d="M252.633 239.645H209.027V242.879H252.633V239.645Z" fill="#FF5A0A"/>
<path opacity="0.2" d="M252.633 239.645H242.668V242.879H252.633V239.645Z" fill="black"/>
<path d="M210.986 287.383H207.064V293.518H210.986V287.383Z" fill="#E0E0E0"/>
<path d="M210.986 297.42H207.064V303.555H210.986V297.42Z" fill="#E0E0E0"/>
<path d="M210.986 307.18H207.064V313.314H210.986V307.18Z" fill="#E0E0E0"/>
<path d="M210.986 317.498H207.064V323.633H210.986V317.498Z" fill="#E0E0E0"/>
<path d="M210.986 327.535H207.064V333.67H210.986V327.535Z" fill="#E0E0E0"/>
<path d="M210.985 281.219H169.727V343.97H210.985V281.219Z" fill="#FF5A0A"/>
<path opacity="0.3" d="M204.018 281.211H169.727V343.969H204.018V281.211Z" fill="white"/>
<path d="M200.691 287.383H172.809V293.518H200.691V287.383Z" fill="#FF5A0A"/>
<path d="M200.691 297.42H172.809V303.555H200.691V297.42Z" fill="#FF5A0A"/>
<path d="M200.691 307.459H172.809V313.594H200.691V307.459Z" fill="#FF5A0A"/>
<path d="M200.691 317.498H172.809V323.633H200.691V317.498Z" fill="#FF5A0A"/>
<path d="M200.691 327.535H172.809V333.67H200.691V327.535Z" fill="#FF5A0A"/>
<g opacity="0.1">
<path d="M200.693 287.383H173.838V293.518H200.693V287.383Z" fill="white"/>
<path d="M200.693 297.42H173.838V303.555H200.693V297.42Z" fill="white"/>
<path d="M200.693 307.459H173.838V313.594H200.693V307.459Z" fill="white"/>
<path d="M200.693 317.496H173.838V323.631H200.693V317.496Z" fill="white"/>
<path d="M200.693 327.535H173.838V333.67H200.693V327.535Z" fill="white"/>
</g>
<path d="M84.7779 300.491H57.0957V343.969H101.273V300.491V281.211L84.7779 300.491Z" fill="#FF5A0A"/>
<path d="M109.516 281.211H101.271V343.969H109.516V281.211Z" fill="#FF5A0A"/>
<path opacity="0.7" d="M109.516 281.211H101.271V343.969H109.516V281.211Z" fill="white"/>
<path opacity="0.7" d="M169.727 228.383H158.777V343.97H169.727V228.383Z" fill="#FF5A0A"/>
<path opacity="0.6" d="M210.987 281.211H204.02V343.969H210.987V281.211Z" fill="white"/>
<path opacity="0.7" d="M252.633 242.879H242.668V343.971H252.633V242.879Z" fill="white"/>
<path opacity="0.5" d="M258.463 225.508H256.895V231.983H258.463V225.508Z" fill="white"/>
<path opacity="0.5" d="M258.463 236.402H256.895V242.878H258.463V236.402Z" fill="white"/>
<path opacity="0.5" d="M258.463 247.73H256.895V254.206H258.463V247.73Z" fill="white"/>
<path opacity="0.5" d="M258.463 259.057H256.895V265.532H258.463V259.057Z" fill="white"/>
<path opacity="0.5" d="M258.463 270.379H256.895V276.854H258.463V270.379Z" fill="white"/>
<path opacity="0.5" d="M258.463 281.705H256.895V288.18H258.463V281.705Z" fill="white"/>
<path opacity="0.5" d="M258.463 294.188H256.895V300.663H258.463V294.188Z" fill="white"/>
<path opacity="0.5" d="M258.463 306.668H256.895V313.143H258.463V306.668Z" fill="white"/>
<path opacity="0.5" d="M258.463 319.145H256.895V325.62H258.463V319.145Z" fill="white"/>
<path opacity="0.5" d="M258.463 331.627H256.895V338.102H258.463V331.627Z" fill="white"/>
<path d="M319.636 216.879H270.734V343.969H319.636V216.879Z" fill="#FF5A0A"/>
<path d="M301.53 216.879H252.629V343.969H301.53V216.879Z" fill="#FF5A0A"/>
<path opacity="0.7" d="M319.635 218.705H301.535V343.971H319.635V218.705Z" fill="white"/>
<path d="M319.637 225.508H306.012V231.983H319.637V225.508Z" fill="#FF5A0A"/>
<path d="M319.637 236.16H306.012V242.635H319.637V236.16Z" fill="#FF5A0A"/>
<path d="M319.637 246.818H306.012V253.294H319.637V246.818Z" fill="#FF5A0A"/>
<path d="M319.637 259.051H306.012V265.526H319.637V259.051Z" fill="#FF5A0A"/>
<path d="M319.637 270.379H306.012V276.854H319.637V270.379Z" fill="#FF5A0A"/>
<path d="M319.637 281.705H306.012V288.18H319.637V281.705Z" fill="#FF5A0A"/>
<path d="M319.637 294.18H306.012V300.655H319.637V294.18Z" fill="#FF5A0A"/>
<path d="M319.637 306.664H306.012V313.139H319.637V306.664Z" fill="#FF5A0A"/>
<path d="M319.637 319.145H306.012V325.62H319.637V319.145Z" fill="#FF5A0A"/>
<path d="M319.637 331.627H306.012V338.102H319.637V331.627Z" fill="#FF5A0A"/>
<path opacity="0.3" d="M319.637 225.508H306.012V231.983H319.637V225.508Z" fill="white"/>
<path opacity="0.3" d="M319.637 236.16H306.012V242.635H319.637V236.16Z" fill="white"/>
<path opacity="0.3" d="M319.637 246.818H306.012V253.294H319.637V246.818Z" fill="white"/>
<path opacity="0.3" d="M319.637 259.051H306.012V265.526H319.637V259.051Z" fill="white"/>
<path opacity="0.3" d="M319.637 270.379H306.012V276.854H319.637V270.379Z" fill="white"/>
<path opacity="0.3" d="M319.637 281.705H306.012V288.18H319.637V281.705Z" fill="white"/>
<path opacity="0.3" d="M319.637 294.18H306.012V300.655H319.637V294.18Z" fill="white"/>
<path opacity="0.3" d="M319.637 306.664H306.012V313.139H319.637V306.664Z" fill="white"/>
<path opacity="0.3" d="M319.637 319.145H306.012V325.62H319.637V319.145Z" fill="white"/>
<path opacity="0.3" d="M319.637 331.627H306.012V338.102H319.637V331.627Z" fill="white"/>
<path opacity="0.4" d="M301.53 216.879H252.629V343.969H301.53V216.879Z" fill="white"/>
<path d="M297.266 225.508H256.895V231.983H297.266V225.508Z" fill="#FF5A0A"/>
<path opacity="0.2" d="M297.267 225.508H258.465V231.983H297.267V225.508Z" fill="white"/>
<path d="M297.266 236.402H256.895V242.878H297.266V236.402Z" fill="#FF5A0A"/>
<path opacity="0.2" d="M297.267 236.402H258.465V242.878H297.267V236.402Z" fill="white"/>
<path d="M297.266 247.73H256.895V254.206H297.266V247.73Z" fill="#FF5A0A"/>
<path opacity="0.2" d="M297.267 247.73H258.465V254.206H297.267V247.73Z" fill="white"/>
<path d="M297.266 259.057H256.895V265.532H297.266V259.057Z" fill="#FF5A0A"/>
<path opacity="0.2" d="M297.267 259.057H258.465V265.532H297.267V259.057Z" fill="white"/>
<path d="M297.266 270.379H256.895V276.854H297.266V270.379Z" fill="#FF5A0A"/>
<path opacity="0.2" d="M297.267 270.379H258.465V276.854H297.267V270.379Z" fill="white"/>
<path d="M297.266 281.705H256.895V288.18H297.266V281.705Z" fill="#FF5A0A"/>
<path opacity="0.2" d="M297.267 281.705H258.465V288.18H297.267V281.705Z" fill="white"/>
<path d="M297.266 294.188H256.895V300.663H297.266V294.188Z" fill="#FF5A0A"/>
<path opacity="0.2" d="M297.267 294.188H258.465V300.663H297.267V294.188Z" fill="white"/>
<path d="M297.266 306.668H256.895V313.143H297.266V306.668Z" fill="#FF5A0A"/>
<path opacity="0.2" d="M297.267 306.668H258.465V313.143H297.267V306.668Z" fill="white"/>
<path d="M297.266 319.145H256.895V325.62H297.266V319.145Z" fill="#FF5A0A"/>
<path opacity="0.2" d="M297.267 319.145H258.465V325.62H297.267V319.145Z" fill="white"/>
<path d="M297.266 331.627H256.895V338.102H297.266V331.627Z" fill="#FF5A0A"/>
<path opacity="0.2" d="M297.267 331.627H258.465V338.102H297.267V331.627Z" fill="white"/>
<path d="M318.59 213.104H301.535V215.596H318.59V213.104Z" fill="#FF5A0A"/>
<path d="M318.591 212.496H252.629V215.597H318.591V212.496Z" fill="#F0F0F0"/>
<path d="M320.905 215.604H251.246V218.704H320.905V215.604Z" fill="#FF5A0A"/>
<path d="M320.905 210.004H251.246V213.105H320.905V210.004Z" fill="#FF5A0A"/>
<path opacity="0.05" d="M320.905 215.604H251.246V218.704H320.905V215.604Z" fill="black"/>
<path opacity="0.05" d="M320.905 210.004H251.246V213.105H320.905V210.004Z" fill="black"/>
<path opacity="0.2" d="M252.628 269.643H210.986V270.567H252.628V269.643Z" fill="white"/>
<path opacity="0.2" d="M252.628 289.662H210.986V290.586H252.628V289.662Z" fill="white"/>
<path opacity="0.2" d="M252.628 309.855H210.986V310.78H252.628V309.855Z" fill="white"/>
<path opacity="0.2" d="M170.433 226.467H158.777V228.382H170.433V226.467Z" fill="black"/>
<path opacity="0.2" d="M170.433 222.631H158.777V224.546H170.433V222.631Z" fill="black"/>
<path opacity="0.2" d="M320.906 215.604H301.535V218.704H320.906V215.604Z" fill="black"/>
<path opacity="0.2" d="M320.906 210.004H301.535V213.105H320.906V210.004Z" fill="black"/>
<path opacity="0.4" d="M84.7779 300.491H57.0957V343.969H101.273V300.491V281.211L84.7779 300.491Z" fill="white"/>
<path d="M67.674 309.309H61.1016V315.881H67.674V309.309Z" fill="#FF5A0A"/>
<path d="M81.051 309.309H74.4785V315.881H81.051V309.309Z" fill="#FF5A0A"/>
<path d="M94.426 309.309H87.8535V315.881H94.426V309.309Z" fill="#FF5A0A"/>
<path d="M67.674 320.367H61.1016V326.94H67.674V320.367Z" fill="#FF5A0A"/>
<path d="M81.051 320.367H74.4785V326.94H81.051V320.367Z" fill="#FF5A0A"/>
<path d="M94.426 320.367H87.8535V326.94H94.426V320.367Z" fill="#FF5A0A"/>
<path d="M67.674 331.428H61.1016V338H67.674V331.428Z" fill="#FF5A0A"/>
<path d="M81.051 331.428H74.4785V338H81.051V331.428Z" fill="#FF5A0A"/>
<path d="M94.426 331.428H87.8535V338H94.426V331.428Z" fill="#FF5A0A"/>
<path opacity="0.2" d="M68.4045 309.309H61.832V315.881H68.4045V309.309Z" fill="white"/>
<path opacity="0.2" d="M81.7717 309.309H75.1992V315.881H81.7717V309.309Z" fill="white"/>
<path opacity="0.2" d="M95.1487 309.309H88.5762V315.881H95.1487V309.309Z" fill="white"/>
<path opacity="0.2" d="M68.4045 320.367H61.832V326.94H68.4045V320.367Z" fill="white"/>
<path opacity="0.2" d="M81.7717 320.367H75.1992V326.94H81.7717V320.367Z" fill="white"/>
<path opacity="0.2" d="M95.1487 320.367H88.5762V326.94H95.1487V320.367Z" fill="white"/>
<path opacity="0.2" d="M68.4045 331.428H61.832V338H68.4045V331.428Z" fill="white"/>
<path opacity="0.2" d="M81.7717 331.428H75.1992V338H81.7717V331.428Z" fill="white"/>
<path opacity="0.2" d="M95.1487 331.428H88.5762V338H95.1487V331.428Z" fill="white"/>
<path d="M185.412 349.012L181.605 368.322H194.38L193.085 349.012H185.412Z" fill="#FF5A0A"/>
<path d="M197.355 349.012L202.827 368.322H211.388L204.372 349.012H197.355Z" fill="#FF5A0A"/>
<path d="M209.186 349.012L220.446 368.322H230.162L215.527 349.012H209.186Z" fill="#FF5A0A"/>
<path d="M220.609 349.012L239.269 368.322H250.888L227.571 349.012H220.609Z" fill="#FF5A0A"/>
<path d="M180.646 349.012L175.174 368.322H166.613L173.63 349.012H180.646Z" fill="#FF5A0A"/>
<path d="M168.816 349.012L157.556 368.322H147.84L162.474 349.012H168.816Z" fill="#FF5A0A"/>
<path d="M157.392 349.012L138.732 368.322H127.113L150.43 349.012H157.392Z" fill="#FF5A0A"/>
<path opacity="0.4" d="M185.412 349.012L181.605 368.322H194.38L193.085 349.012H185.412Z" fill="white"/>
<path opacity="0.4" d="M197.355 349.012L202.827 368.322H211.388L204.372 349.012H197.355Z" fill="white"/>
<path opacity="0.4" d="M209.186 349.012L220.446 368.322H230.162L215.527 349.012H209.186Z" fill="white"/>
<path opacity="0.4" d="M220.609 349.012L239.269 368.322H250.888L227.571 349.012H220.609Z" fill="white"/>
<path opacity="0.4" d="M180.646 349.012L175.174 368.322H166.613L173.63 349.012H180.646Z" fill="white"/>
<path opacity="0.4" d="M168.816 349.012L157.556 368.322H147.84L162.474 349.012H168.816Z" fill="white"/>
<path opacity="0.4" d="M157.392 349.012L138.732 368.322H127.113L150.43 349.012H157.392Z" fill="white"/>
<path d="M98.2022 341.739C100.44 341.659 102.636 341.115 104.651 340.139C106.666 339.163 108.455 337.778 109.905 336.072C111.355 334.366 112.433 332.377 113.071 330.231C113.708 328.084 113.892 325.829 113.609 323.608C113.208 320.44 111.882 317.48 110.946 314.427C109.177 308.657 108.611 302.146 104.55 297.677C103.296 296.303 101.77 295.205 100.068 294.454C98.3665 293.702 96.5268 293.314 94.6667 293.314C92.8065 293.314 90.9669 293.702 89.2651 294.454C87.5634 295.205 86.0371 296.303 84.7836 297.677C82.151 300.565 80.9046 304.468 80.3635 308.341C79.8224 312.214 79.8953 316.136 79.5609 320.009C79.2569 323.237 78.6428 326.46 78.7766 329.7C78.9104 332.941 79.8832 336.315 82.2604 338.522C83.4741 339.557 84.8295 340.413 86.2854 341.064C87.6871 341.844 89.2068 342.391 90.7846 342.681C91.5753 342.821 92.3873 342.782 93.1608 342.566C93.9342 342.35 94.6494 341.964 95.2534 341.435C96.2163 341.679 97.2097 341.781 98.2022 341.739Z" fill="#FF5A0A"/>
<path opacity="0.7" d="M98.2022 341.739C100.44 341.659 102.636 341.115 104.651 340.139C106.666 339.163 108.455 337.778 109.905 336.072C111.355 334.366 112.433 332.377 113.071 330.231C113.708 328.084 113.892 325.829 113.609 323.608C113.208 320.44 111.882 317.48 110.946 314.427C109.177 308.657 108.611 302.146 104.55 297.677C103.296 296.303 101.77 295.205 100.068 294.454C98.3665 293.702 96.5268 293.314 94.6667 293.314C92.8065 293.314 90.9669 293.702 89.2651 294.454C87.5634 295.205 86.0371 296.303 84.7836 297.677C82.151 300.565 80.9046 304.468 80.3635 308.341C79.8224 312.214 79.8953 316.136 79.5609 320.009C79.2569 323.237 78.6428 326.46 78.7766 329.7C78.9104 332.941 79.8832 336.315 82.2604 338.522C83.4741 339.557 84.8295 340.413 86.2854 341.064C87.6871 341.844 89.2068 342.391 90.7846 342.681C91.5753 342.821 92.3873 342.782 93.1608 342.566C93.9342 342.35 94.6494 341.964 95.2534 341.435C96.2163 341.679 97.2097 341.781 98.2022 341.739Z" fill="#76FD15"/>
<path d="M90.7656 353.527V352.718L92.1093 351.581C92.1093 351.581 93.7144 335.165 93.988 330.411C94.2616 325.656 94.596 318.166 92.845 312.73C94.3962 316.436 95.5005 320.314 96.1343 324.282C96.1343 324.282 98.2136 316.804 101.904 312.043C101.904 312.043 97.405 323.534 98.013 334.223C98.3161 340.297 99.0783 346.339 100.293 352.299L101.096 352.834L101.162 353.509L90.7656 353.527Z" fill="#FF5A0A"/>
<path d="M94.8693 327.154C94.8693 327.154 93.702 321.974 90.5586 319.408C90.5586 319.408 93.1912 323.056 94.0546 329.185C94.918 335.313 95.836 331.422 95.836 331.422L94.8693 327.154Z" fill="#FF5A0A"/>
<path d="M93.4953 341.167C93.121 339.896 92.2836 338.811 91.1484 338.127C91.1484 338.127 92.3644 339.294 92.9238 343.033C93.4832 346.773 94.8816 344.712 94.8816 344.712L94.991 342.65L93.4953 341.167Z" fill="#FF5A0A"/>
<path opacity="0.2" d="M92.9374 343.028C92.3294 339.289 91.162 338.122 91.162 338.122C92.0268 338.656 92.7257 339.42 93.1806 340.329C93.5454 336.346 93.8859 332.376 94.0014 330.412C94.0014 330.023 94.0439 329.61 94.0622 329.196C93.1988 323.043 90.5723 319.42 90.5723 319.42C92.3963 320.909 93.5575 323.286 94.2203 325.013C94.275 320.964 94.0379 316.392 92.8705 312.744C94.4218 316.45 95.526 320.328 96.1598 324.296C96.1598 324.296 98.2391 316.817 101.93 312.057C101.93 312.057 97.4305 323.548 98.0385 334.236C98.3416 340.311 99.1038 346.353 100.319 352.312L101.121 352.847L101.188 353.522H90.7668V352.714L92.1105 351.577C92.1105 351.577 92.4935 347.619 92.9374 343.028Z" fill="#76FD15"/>
<path d="M277.294 344.342C274.768 344.252 272.289 343.636 270.014 342.534C267.739 341.432 265.719 339.868 264.083 337.942C262.446 336.016 261.229 333.77 260.508 331.347C259.788 328.925 259.58 326.378 259.899 323.871C260.355 320.296 261.851 316.952 262.908 313.535C264.909 307.017 265.547 299.667 270.131 294.626C271.545 293.074 273.267 291.833 275.188 290.984C277.109 290.136 279.185 289.697 281.285 289.697C283.385 289.697 285.462 290.136 287.382 290.984C289.303 291.833 291.025 293.074 292.439 294.626C295.412 297.879 296.823 302.293 297.437 306.659C298.051 311.024 297.954 315.456 298.361 319.852C298.701 323.5 299.395 327.148 299.249 330.796C299.103 334.444 297.996 338.262 295.315 340.761C293.936 341.933 292.396 342.902 290.743 343.637C289.159 344.519 287.442 345.135 285.66 345.461C284.767 345.62 283.849 345.575 282.976 345.331C282.102 345.087 281.295 344.649 280.613 344.051C279.527 344.309 278.409 344.407 277.294 344.342Z" fill="#FF5A0A"/>
<path opacity="0.7" d="M277.294 344.342C274.768 344.252 272.289 343.636 270.014 342.534C267.739 341.432 265.719 339.868 264.083 337.942C262.446 336.016 261.229 333.77 260.508 331.347C259.788 328.925 259.58 326.378 259.899 323.871C260.355 320.296 261.851 316.952 262.908 313.535C264.909 307.017 265.547 299.667 270.131 294.626C271.545 293.074 273.267 291.833 275.188 290.984C277.109 290.136 279.185 289.697 281.285 289.697C283.385 289.697 285.462 290.136 287.382 290.984C289.303 291.833 291.025 293.074 292.439 294.626C295.412 297.879 296.823 302.293 297.437 306.659C298.051 311.024 297.954 315.456 298.361 319.852C298.701 323.5 299.395 327.148 299.249 330.796C299.103 334.444 297.996 338.262 295.315 340.761C293.936 341.933 292.396 342.902 290.743 343.637C289.159 344.519 287.442 345.135 285.66 345.461C284.767 345.62 283.849 345.575 282.976 345.331C282.102 345.087 281.295 344.649 280.613 344.051C279.527 344.309 278.409 344.407 277.294 344.342Z" fill="#76FD15"/>
<path d="M285.673 357.644V356.738L284.159 355.449C284.159 355.449 282.335 336.899 282.037 331.555C281.739 326.211 281.356 317.729 283.326 311.594C281.575 315.782 280.332 320.165 279.623 324.648C279.623 324.648 277.276 316.209 273.111 310.828C273.111 310.828 278.188 323.803 277.507 335.872C277.16 342.724 276.298 349.541 274.929 356.264L274.023 356.872L273.944 357.626L285.673 357.644Z" fill="#FF5A0A"/>
<path d="M281.05 327.876C281.05 327.876 282.363 322.027 285.914 319.127C285.914 319.127 282.941 323.219 281.968 330.168C280.995 337.118 279.949 332.685 279.949 332.685L281.05 327.876Z" fill="#FF5A0A"/>
<path d="M282.633 343.695C283.055 342.256 284.001 341.028 285.284 340.254C285.284 340.254 283.928 341.573 283.284 345.793C282.639 350.012 281.065 347.665 281.065 347.665L280.949 345.343L282.633 343.695Z" fill="#FF5A0A"/>
<path opacity="0.2" d="M283.241 345.794C283.885 341.575 285.241 340.255 285.241 340.255C284.26 340.855 283.467 341.719 282.955 342.748C282.547 338.255 282.164 333.768 282.037 331.555C282.037 331.111 281.988 330.643 281.964 330.163C282.937 323.219 285.91 319.127 285.91 319.127C283.843 320.811 282.535 323.493 281.8 325.444C281.739 320.872 282.006 315.716 283.326 311.594C281.575 315.782 280.332 320.165 279.623 324.648C279.623 324.648 277.276 316.209 273.111 310.828C273.111 310.828 278.188 323.803 277.507 335.872C277.16 342.724 276.298 349.541 274.929 356.264L274.023 356.872L273.944 357.626H285.673V356.72L284.159 355.431C284.159 355.431 283.733 350.98 283.241 345.794Z" fill="#76FD15"/>
<path d="M163 382.439C163 382.473 198.08 382.498 241.339 382.498C284.598 382.498 319.678 382.473 319.678 382.439C319.678 382.404 284.604 382.379 241.327 382.379C198.05 382.379 163 382.406 163 382.439Z" fill="#263238"/>
<path d="M202.334 352.117H304.352V362.313H202.334V352.117Z" fill="#263238"/>
<g opacity="0.4">
<path d="M202.356 352.102H304.357V362.21H202.356V352.102Z" fill="#263238"/>
</g>
<path d="M224.435 363.6H254.549V373.042H224.435V363.6Z" fill="#455A64"/>
<path d="M275.594 359.328V371.81H265.311L261.189 365.836H186.11V359.328H275.594Z" fill="#263238"/>
<path d="M276.234 319.806C276.245 319.606 276.334 319.417 276.483 319.282C276.632 319.147 276.828 319.075 277.028 319.083C281.092 319.25 300.385 320.135 304.353 322.042C307.39 323.503 310.716 328.956 313.062 332.63C314.744 335.263 318.458 341.107 319.21 344.096C319.846 346.623 320.23 351.879 320.186 354.487L319.125 368.284H301.64L299.889 363.727C299.331 362.275 298.345 361.026 297.063 360.146C295.78 359.265 294.261 358.794 292.705 358.794H275.331V335.897L276.234 319.806Z" fill="white"/>
<path d="M306.427 323.57C308.834 325.868 311.251 329.773 313.064 332.631C314.621 335.068 317.92 340.258 318.998 343.387C319.018 343.445 319.034 343.5 319.053 343.557C318.52 343.41 317.7 343.109 317.445 342.604C317.061 341.839 316.569 339.217 310.491 329.323C308.644 326.306 306.842 324.542 306.427 323.57Z" fill="#455A64"/>
<path d="M285.216 322.546C289.687 322.801 299.379 323.465 302.476 324.517C306.51 325.896 311.038 336.576 311.252 337.045L314.303 344.856C314.32 344.907 314.325 344.961 314.317 345.014C314.308 345.068 314.288 345.118 314.257 345.162C314.225 345.206 314.184 345.241 314.136 345.266C314.088 345.291 314.035 345.304 313.981 345.304H306.094C305.796 345.304 305.499 345.251 305.219 345.147L284.476 337.415C284.018 337.244 283.624 336.937 283.345 336.535C283.066 336.134 282.917 335.657 282.917 335.168V324.722C282.916 324.426 282.977 324.132 283.094 323.86C283.211 323.588 283.382 323.342 283.598 323.139C283.813 322.935 284.068 322.778 284.346 322.676C284.624 322.574 284.92 322.53 285.216 322.546Z" fill="#263238"/>
<path d="M313.422 344.538C313.422 344.538 310.5 337.983 309.516 335.835C308.032 332.591 304.566 325.957 302.225 325.242C300.072 324.597 293.883 323.811 285.172 323.312H285.089C284.715 323.314 284.356 323.463 284.092 323.728C283.828 323.993 283.679 324.351 283.678 324.725V335.408C283.679 335.671 283.76 335.928 283.91 336.144C284.06 336.36 284.273 336.526 284.519 336.619L299.845 338.509C300.459 338.585 301.049 338.794 301.575 339.121C302.101 339.448 302.549 339.885 302.889 340.402L305.544 344.453C305.7 344.51 305.865 344.54 306.031 344.54L313.422 344.538Z" fill="#455A64"/>
<path d="M300.401 338.627L305.611 344.43L302.728 325.162L302.007 324.914L303.427 339.187C303.433 339.259 303.421 339.331 303.392 339.397C303.363 339.463 303.317 339.52 303.26 339.563C303.202 339.606 303.134 339.634 303.063 339.643C302.992 339.653 302.919 339.644 302.852 339.617L300.401 338.627Z" fill="#263238"/>
<path d="M320.529 355.827C320.547 355.577 320.462 355.368 320.333 355.368L317.54 355.11C317.31 355.087 317.097 355.521 317.069 356.029L316.943 358.173C316.922 358.517 317.025 358.809 317.172 358.834L320.021 359.326C320.15 359.349 320.274 359.158 320.292 358.905L320.529 355.827Z" fill="#EBEBEB"/>
<path d="M300.402 365.84H320.531V373.91H300.402V365.84Z" fill="#263238"/>
<path d="M286.966 382.34C280.888 382.106 276.15 376.99 276.383 370.912C276.617 364.834 281.733 360.096 287.811 360.329C293.889 360.563 298.627 365.679 298.394 371.757C298.16 377.835 293.044 382.573 286.966 382.34Z" fill="#263238"/>
<path d="M298.392 371.145C298.39 371.154 298.39 371.164 298.392 371.174C298.43 374.093 297.309 376.907 295.274 378.999C293.238 381.091 290.456 382.29 287.538 382.332C284.619 382.374 281.804 381.256 279.709 379.223C277.615 377.191 276.413 374.41 276.367 371.491C276.367 371.491 276.367 371.473 276.367 371.464L298.392 371.145Z" fill="#263238"/>
<path d="M295.114 371.22C295.137 372.75 294.705 374.251 293.874 375.535C293.044 376.82 291.85 377.828 290.446 378.434C289.042 379.04 287.489 379.216 285.985 378.94C284.48 378.663 283.092 377.947 281.995 376.881C280.898 375.816 280.141 374.449 279.821 372.953C279.501 371.457 279.631 369.9 280.196 368.479C280.761 367.057 281.735 365.835 282.994 364.967C284.253 364.099 285.742 363.624 287.271 363.602C289.321 363.573 291.299 364.359 292.77 365.787C294.241 367.216 295.084 369.17 295.114 371.22Z" fill="#FAFAFA"/>
<path d="M287.272 363.602C289.322 363.573 291.3 364.359 292.771 365.787C294.242 367.216 295.085 369.17 295.115 371.22L279.652 371.45C279.622 369.399 280.408 367.42 281.837 365.948C283.266 364.476 285.221 363.633 287.272 363.602Z" fill="#E0E0E0"/>
<path d="M292.091 371.264C292.105 372.196 291.842 373.11 291.336 373.892C290.829 374.674 290.103 375.288 289.247 375.657C288.392 376.026 287.446 376.133 286.53 375.964C285.614 375.796 284.768 375.359 284.1 374.71C283.432 374.061 282.972 373.228 282.777 372.318C282.582 371.407 282.662 370.458 283.006 369.593C283.35 368.727 283.943 367.983 284.71 367.455C285.477 366.926 286.384 366.637 287.315 366.624C288.564 366.606 289.768 367.085 290.664 367.955C291.56 368.825 292.073 370.015 292.091 371.264Z" fill="#263238"/>
<path d="M308.745 329.543H309.643C310.656 329.543 311.477 330.364 311.477 331.376V338.666C311.477 339.678 310.656 340.499 309.643 340.499H308.745C307.733 340.499 306.912 339.678 306.912 338.666V331.376C306.912 330.364 307.733 329.543 308.745 329.543Z" fill="#263238"/>
<path d="M313.364 347.271H313.594V335.685C313.593 335.133 313.373 334.603 312.983 334.213C312.592 333.822 312.063 333.602 311.51 333.602H310.959V333.831H311.51C312.002 333.832 312.473 334.027 312.82 334.375C313.168 334.723 313.363 335.194 313.364 335.685V347.271Z" fill="#263238"/>
<path d="M311.797 347.285L312.436 336.453C312.445 336.268 312.416 336.083 312.352 335.909C312.288 335.735 312.189 335.575 312.062 335.441C311.935 335.306 311.782 335.198 311.612 335.123C311.442 335.049 311.259 335.01 311.074 335.008V335.238C311.228 335.238 311.381 335.269 311.523 335.331C311.665 335.392 311.793 335.481 311.899 335.594C312.005 335.706 312.087 335.839 312.14 335.985C312.193 336.13 312.215 336.285 312.206 336.439L311.567 347.273L311.797 347.285Z" fill="#263238"/>
<path d="M311.075 346.227H314.172V349.813H311.075V346.227Z" fill="#263238"/>
<path d="M312.22 339.422H313.479V339.652H312.22V339.422Z" fill="#263238"/>
<path d="M301.708 322.857L301.434 322.82L300.628 322.726L297.504 322.365L285.856 321.039C285.236 320.973 284.604 320.89 283.949 320.833C283.615 320.807 283.279 320.829 282.95 320.897C282.616 320.975 282.294 321.097 281.992 321.26C281.369 321.606 280.865 322.131 280.542 322.767C280.376 323.092 280.263 323.442 280.209 323.803C280.18 323.986 280.164 324.17 280.161 324.354V324.908C280.161 327.874 280.161 331.058 280.161 334.433C280.161 341.182 280.161 348.69 280.161 356.717V356.777H292.261C292.952 356.754 293.643 356.787 294.329 356.875C295.743 357.079 297.077 357.656 298.193 358.547C299.309 359.439 300.167 360.612 300.679 361.946C300.778 362.19 300.861 362.441 300.929 362.697C301.004 362.95 301.063 363.207 301.106 363.466L301.166 363.857L301.193 364.052L301.205 364.248L301.223 364.64V364.838V364.861C301.172 364.81 301.294 364.939 301.285 364.925H316.629V364.861C316.629 361.399 316.629 358.061 316.629 354.872C316.629 353.278 316.629 351.721 316.629 350.202V347.955C316.629 347.585 316.629 347.22 316.629 346.854C316.621 346.491 316.595 346.128 316.551 345.768C316.376 344.378 315.934 343.035 315.251 341.812C314.618 340.622 314.005 339.473 313.413 338.366L310.155 332.262L307.511 327.306C307.318 326.947 307.133 326.598 306.955 326.261C306.863 326.096 306.783 325.928 306.686 325.772C306.591 325.619 306.487 325.472 306.376 325.331C305.978 324.834 305.508 324.398 304.984 324.037C304.261 323.547 303.453 323.195 302.601 323.001C302.309 322.931 302.012 322.883 301.712 322.857L301.942 322.891C302.091 322.914 302.312 322.953 302.601 323.02C303.448 323.22 304.25 323.575 304.968 324.067C305.488 324.429 305.952 324.864 306.346 325.361C306.457 325.499 306.559 325.645 306.652 325.797C306.746 325.949 306.826 326.119 306.918 326.286L307.472 327.334L310.093 332.294C311.076 334.146 312.161 336.188 313.332 338.403L315.17 341.849C315.847 343.062 316.283 344.395 316.454 345.775C316.498 346.132 316.523 346.492 316.53 346.852C316.53 347.213 316.53 347.583 316.53 347.95V350.197C316.53 351.715 316.53 353.272 316.53 354.868C316.53 358.056 316.53 361.394 316.53 364.856L316.588 364.801H301.303C301.287 364.79 301.414 364.911 301.361 364.856V364.831V364.633L301.34 364.234V364.036L301.31 363.839L301.251 363.441C301.207 363.177 301.147 362.917 301.071 362.66C301.003 362.401 300.917 362.146 300.816 361.897C300.297 360.544 299.426 359.354 298.293 358.449C297.16 357.545 295.807 356.959 294.372 356.751C293.687 356.664 292.996 356.631 292.305 356.653H280.26L280.32 356.71C280.32 348.692 280.32 341.185 280.32 334.426C280.32 331.051 280.32 327.867 280.32 324.901C280.305 324.537 280.32 324.172 280.366 323.81C280.418 323.457 280.527 323.115 280.689 322.797C281.001 322.175 281.494 321.663 282.102 321.327C282.396 321.166 282.709 321.046 283.035 320.97C283.356 320.903 283.684 320.88 284.011 320.904C284.662 320.959 285.298 321.042 285.916 321.108L297.561 322.397L300.688 322.739L301.494 322.824L301.708 322.857Z" fill="#263238"/>
<path d="M283.827 348.246C283.827 348.246 283.763 348.246 283.648 348.218C283.479 348.188 283.318 348.124 283.175 348.03C282.949 347.882 282.78 347.662 282.695 347.405C282.643 347.245 282.622 347.077 282.633 346.909C282.638 346.723 282.686 346.54 282.773 346.376C282.873 346.188 283.021 346.03 283.203 345.919C283.385 345.807 283.593 345.747 283.807 345.744H285.323H288.796C289.086 345.745 289.365 345.851 289.58 346.044C289.796 346.237 289.933 346.502 289.966 346.789C290.002 347.062 289.951 347.34 289.821 347.582C289.692 347.811 289.49 347.991 289.247 348.092C289.006 348.175 288.751 348.207 288.498 348.184H287.763H286.442L284.528 348.202H284.006C283.946 348.201 283.886 348.206 283.827 348.216C283.887 348.223 283.946 348.227 284.006 348.228H284.528L286.442 348.246H287.763H288.498C288.626 348.246 288.75 348.246 288.886 348.246C289.024 348.236 289.159 348.205 289.288 348.154C289.554 348.044 289.775 347.848 289.917 347.598C290.06 347.335 290.116 347.033 290.078 346.737C290.043 346.421 289.892 346.13 289.656 345.918C289.42 345.706 289.114 345.589 288.796 345.588H285.323H283.807C283.475 345.594 283.159 345.73 282.926 345.965C282.693 346.201 282.56 346.518 282.557 346.849C282.549 347.025 282.575 347.2 282.633 347.366C282.727 347.633 282.909 347.86 283.149 348.009C283.299 348.103 283.468 348.161 283.643 348.182C283.702 348.21 283.764 348.232 283.827 348.246Z" fill="#263238"/>
<path d="M284.248 345.362C284.902 345.419 285.56 345.439 286.216 345.419C286.874 345.439 287.532 345.419 288.188 345.362C287.532 345.303 286.874 345.283 286.216 345.302C285.56 345.283 284.902 345.303 284.248 345.362Z" fill="white"/>
<path d="M299.486 373.978L301.324 373.845C300.844 367.263 300.141 363.325 299.174 361.807C297.318 358.889 295.473 358.361 293.431 358.014C291.528 357.69 289.61 357.766 287.754 357.841L287.294 357.86C283.462 358.009 275.436 357.876 275.348 357.876L275.318 359.714C275.399 359.714 283.476 359.849 287.359 359.698L287.818 359.679C289.58 359.61 291.4 359.535 293.114 359.829C294.94 360.139 296.155 360.495 297.621 362.797C298.064 363.484 298.896 365.871 299.486 373.978Z" fill="#263238"/>
<path d="M183.859 299H274.369V359.264H183.859V299Z" fill="#FDFDFD"/>
<path d="M184.942 358.071C184.942 357.683 184.961 335.58 184.991 300.362L184.942 300.408L273.389 300.422L273.33 300.362C273.33 320.875 273.33 340.4 273.33 358.071L273.385 358.016L184.938 358.071L273.385 358.126H273.449V358.071C273.449 340.4 273.449 320.875 273.449 300.362V300.305H273.383L184.935 300.316H184.887V300.364C184.924 335.58 184.942 357.685 184.942 358.071Z" fill="#263238"/>
<path d="M205.514 315.381L191.966 312.208L192.502 310.766L205.514 315.381Z" fill="#FAFAFA"/>
<path d="M266.174 325.52L256.755 323.314L257.127 322.312L266.174 325.52Z" fill="#FAFAFA"/>
<path d="M233.928 348.215L220.38 345.04L220.913 343.6L233.928 348.215Z" fill="#FAFAFA"/>
<path d="M215.968 308.165C215.968 308.197 223.2 309.927 232.134 312.026C241.068 314.126 248.321 315.805 248.33 315.773C248.339 315.741 241.1 314.011 232.161 311.911C223.223 309.812 215.974 308.132 215.968 308.165Z" fill="#FAFAFA"/>
<path d="M248.256 328.923C248.256 328.955 251.357 329.612 255.199 330.384C259.04 331.156 262.157 331.763 262.164 331.73C262.171 331.698 259.063 331.041 255.222 330.267C251.38 329.493 248.263 328.891 248.256 328.923Z" fill="#FAFAFA"/>
<path d="M248.134 327.562C248.144 327.522 248.149 327.481 248.148 327.44C248.148 327.346 248.148 327.231 248.159 327.093C248.159 326.774 248.159 326.342 248.177 325.816C248.177 324.72 248.196 323.238 248.205 321.6C248.214 319.962 248.237 318.478 248.249 317.385C248.249 316.859 248.262 316.427 248.267 316.107V315.758C248.273 315.719 248.273 315.678 248.267 315.639C248.256 315.678 248.251 315.718 248.251 315.758C248.251 315.852 248.237 315.965 248.228 316.105C248.21 316.406 248.191 316.842 248.173 317.382C248.134 318.46 248.104 319.951 248.092 321.598C248.081 323.245 248.092 324.736 248.092 325.814C248.092 326.342 248.106 326.774 248.111 327.093C248.111 327.231 248.111 327.346 248.122 327.44C248.123 327.481 248.127 327.522 248.134 327.562Z" fill="#FAFAFA"/>
<path d="M287.233 327.539C287.233 327.539 287.261 327.567 287.318 327.61L287.571 327.792C287.8 327.95 288.115 328.171 288.515 328.444C289.317 328.986 290.433 329.726 291.678 330.523C292.923 331.32 294.061 332.026 294.895 332.529C295.308 332.779 295.646 332.988 295.88 333.117L296.151 333.269C296.182 333.289 296.215 333.305 296.25 333.317C296.25 333.317 296.222 333.289 296.165 333.25L295.905 333.076L294.938 332.458L291.747 330.422L288.568 328.373L287.601 327.755L287.334 327.59C287.302 327.569 287.268 327.552 287.233 327.539Z" fill="#FAFAFA"/>
<path d="M291.161 328.578C291.161 328.578 291.188 328.606 291.246 328.649L291.498 328.831C291.728 328.987 292.043 329.21 292.445 329.481C293.247 330.025 294.363 330.763 295.606 331.549C296.849 332.334 297.988 333.053 298.822 333.556C299.236 333.807 299.574 334.016 299.808 334.142L300.079 334.296C300.109 334.317 300.143 334.332 300.178 334.342C300.152 334.317 300.123 334.294 300.093 334.276L299.833 334.103L298.868 333.483L295.675 331.45L292.495 329.401L291.528 328.78L291.264 328.617C291.232 328.6 291.197 328.587 291.161 328.578Z" fill="#FAFAFA"/>
<path d="M310.502 335.264C310.537 335.201 310.561 335.133 310.573 335.062C310.61 334.931 310.66 334.738 310.717 334.499C310.869 333.875 310.946 333.235 310.947 332.592C310.95 331.943 310.801 331.303 310.511 330.722C310.42 330.549 310.311 330.385 310.185 330.235C310.142 330.178 310.091 330.128 310.033 330.086C310.18 330.304 310.314 330.529 310.437 330.761C310.699 331.339 310.833 331.965 310.83 332.599C310.823 333.234 310.755 333.866 310.626 334.488C310.568 334.744 310.527 335.003 310.502 335.264Z" fill="#FAFAFA"/>
<path d="M319.855 351.553C319.863 351.472 319.863 351.389 319.855 351.307C319.855 351.142 319.855 350.903 319.841 350.618C319.823 350.028 319.779 349.212 319.708 348.321C319.637 347.43 319.552 346.612 319.478 346.024C319.442 345.73 319.409 345.493 319.384 345.334C319.375 345.249 319.358 345.165 319.331 345.084C319.32 345.169 319.32 345.256 319.331 345.341L319.391 346.03C319.442 346.646 319.51 347.443 319.586 348.328C319.662 349.212 319.708 350.007 319.752 350.625C319.772 350.901 319.791 351.133 319.805 351.314C319.812 351.396 319.829 351.476 319.855 351.553Z" fill="#FAFAFA"/>
<path d="M294.68 356.012C294.68 356.037 295.124 356.099 295.81 356.322C296.212 356.452 296.605 356.611 296.984 356.797C297.914 357.259 298.756 357.881 299.47 358.635C299.762 358.941 300.031 359.267 300.276 359.612C300.692 360.202 300.888 360.609 300.908 360.597C300.874 360.497 300.831 360.4 300.78 360.308C300.728 360.195 300.67 360.087 300.605 359.982C300.531 359.857 300.451 359.713 300.345 359.563C300.108 359.208 299.842 358.872 299.55 358.559C299.19 358.177 298.797 357.826 298.377 357.51C297.952 357.202 297.502 356.932 297.03 356.703C296.645 356.518 296.246 356.365 295.836 356.244C295.663 356.186 295.5 356.154 295.36 356.12C295.24 356.09 295.118 356.067 294.995 356.051C294.891 356.028 294.786 356.015 294.68 356.012Z" fill="#FAFAFA"/>
<path d="M272.055 342.142C272.058 342.109 272.058 342.076 272.055 342.043C272.055 341.973 272.055 341.876 272.055 341.754C272.055 341.492 272.055 341.117 272.071 340.64C272.085 339.666 272.104 338.266 272.129 336.541C272.191 333.075 272.276 328.298 272.37 323.021C272.464 317.744 272.545 312.959 272.577 309.499C272.593 307.769 272.597 306.368 272.595 305.401C272.595 304.921 272.595 304.546 272.595 304.287V303.997C272.595 303.931 272.595 303.898 272.595 303.898C272.592 303.931 272.592 303.964 272.595 303.997C272.595 304.066 272.595 304.163 272.595 304.287C272.595 304.546 272.595 304.921 272.579 305.401C272.565 306.375 272.547 307.772 272.522 309.497C272.46 312.964 272.375 317.74 272.28 323.019C272.186 328.298 272.104 333.079 272.074 336.539C272.058 338.271 272.051 339.67 272.053 340.637C272.053 341.117 272.053 341.492 272.053 341.754C272.053 341.876 272.053 341.972 272.053 342.043C272.052 342.076 272.053 342.109 272.055 342.142Z" fill="#FAFAFA"/>
<path d="M205.588 382.327C199.51 382.084 194.78 376.96 195.023 370.882C195.266 364.805 200.39 360.075 206.468 360.318C212.546 360.561 217.276 365.685 217.033 371.762C216.79 377.84 211.666 382.57 205.588 382.327Z" fill="#263238"/>
<path d="M217.044 371.145C217.044 371.145 217.044 371.165 217.044 371.174C217.086 374.095 215.966 376.912 213.931 379.007C211.896 381.102 209.112 382.302 206.191 382.344C203.271 382.386 200.453 381.266 198.359 379.231C196.264 377.196 195.064 374.412 195.022 371.491V371.464L217.044 371.145Z" fill="#263238"/>
<path d="M213.765 371.22C213.787 372.749 213.355 374.25 212.524 375.533C211.693 376.817 210.501 377.825 209.097 378.43C207.693 379.036 206.141 379.212 204.637 378.935C203.134 378.659 201.746 377.943 200.649 376.877C199.552 375.812 198.796 374.446 198.476 372.951C198.156 371.456 198.286 369.899 198.851 368.478C199.415 367.057 200.388 365.836 201.647 364.968C202.905 364.1 204.393 363.625 205.922 363.602C207.972 363.573 209.95 364.359 211.421 365.787C212.891 367.216 213.735 369.17 213.765 371.22Z" fill="#FAFAFA"/>
<path d="M205.923 363.602C206.938 363.588 207.946 363.773 208.89 364.148C209.833 364.522 210.694 365.079 211.422 365.787C212.15 366.494 212.732 367.338 213.134 368.27C213.536 369.203 213.751 370.205 213.766 371.22L198.305 371.45C198.289 370.434 198.474 369.426 198.848 368.482C199.223 367.537 199.78 366.676 200.487 365.948C201.195 365.219 202.039 364.637 202.972 364.234C203.904 363.832 204.907 363.617 205.923 363.602Z" fill="#E0E0E0"/>
<path d="M210.734 371.264C210.747 372.196 210.484 373.11 209.978 373.892C209.472 374.674 208.745 375.288 207.89 375.657C207.034 376.026 206.089 376.133 205.173 375.964C204.257 375.796 203.411 375.359 202.743 374.71C202.075 374.061 201.614 373.228 201.419 372.318C201.225 371.407 201.304 370.458 201.648 369.593C201.993 368.727 202.586 367.983 203.353 367.455C204.12 366.926 205.026 366.637 205.958 366.624C207.206 366.606 208.411 367.085 209.307 367.955C210.202 368.825 210.716 370.015 210.734 371.264Z" fill="#263238"/>
<path d="M220.511 374.348C220.511 374.348 222.188 358.727 206.001 358.727C191.069 358.727 191.399 372.161 191.542 374.24H193.883C193.883 374.24 192.69 360.999 206.001 360.999C219.312 360.999 218.154 374.509 218.154 374.509C218.154 374.509 219.137 374.461 220.511 374.348Z" fill="#455A64"/>
<path d="M211.839 360.344C211.879 360.365 211.922 360.38 211.966 360.39C212.051 360.42 212.177 360.45 212.333 360.505C212.782 360.648 213.222 360.819 213.65 361.017C215.065 361.666 216.318 362.621 217.32 363.813C218.322 365.005 219.047 366.404 219.444 367.909C219.565 368.363 219.658 368.823 219.722 369.288C219.747 369.453 219.756 369.582 219.77 369.669C219.774 369.714 219.781 369.759 219.793 369.802C219.798 369.758 219.798 369.713 219.793 369.669C219.793 369.58 219.793 369.439 219.765 369.283C219.72 368.811 219.638 368.342 219.522 367.882C219.145 366.353 218.423 364.931 217.41 363.726C216.398 362.52 215.122 361.563 213.682 360.928C213.249 360.734 212.802 360.573 212.345 360.445C212.184 360.399 212.055 360.374 211.97 360.353C211.927 360.346 211.883 360.342 211.839 360.344Z" fill="#FAFAFA"/>
<path d="M235.476 325.426C234.623 325.426 233.926 326.085 233.926 326.889V335.67C233.926 336.474 234.623 337.133 235.476 337.133H235.502C236.355 337.133 237.052 336.474 237.052 335.67V326.889C237.052 326.085 236.355 325.426 235.502 325.426H235.476Z" fill="#FF5A0A"/>
<path d="M239.38 331.247C239.38 331.26 239.379 331.272 239.379 331.284V335.748C239.379 336.552 240.077 337.211 240.929 337.211H240.956C241.808 337.211 242.505 336.552 242.505 335.748C242.505 335.748 242.504 331.162 242.504 331.096C242.56 329.721 243.431 328.401 245.601 328.401C247.784 328.401 248.651 329.737 248.697 331.122C248.697 331.183 248.698 335.748 248.698 335.748C248.698 336.552 249.396 337.211 250.248 337.211H250.275C251.127 337.211 251.824 336.552 251.824 335.748V331.305L251.824 331.268C251.814 329.294 250.59 325.455 245.588 325.439C240.602 325.455 239.398 329.267 239.38 331.247Z" fill="#FF5A0A"/>
<path d="M230.021 325.478C229.169 325.478 228.471 326.136 228.471 326.941V334.306H225.414V334.304H225.413C223.189 334.304 222.295 332.901 222.289 331.48V326.941C222.289 326.136 221.577 325.478 220.724 325.478C219.872 325.478 219.164 326.136 219.164 326.941V331.639C219.096 333.004 218.216 334.304 216.074 334.304C213.85 334.304 212.986 332.901 212.981 331.48H212.98C212.981 331.464 212.981 326.941 212.981 326.941C212.981 326.136 212.272 325.478 211.419 325.478C210.567 325.478 209.856 326.136 209.856 326.941V331.433C209.856 331.558 209.854 331.675 209.872 331.798C210.018 333.843 211.375 337.252 216.061 337.266C218.293 337.259 219.768 336.482 220.717 335.449C220.717 335.449 220.722 335.442 220.737 335.442C220.751 335.442 220.754 335.446 220.755 335.448C221.698 336.482 223.167 337.259 225.4 337.266L225.414 337.265V337.257H230.05C230.902 337.257 231.599 336.598 231.599 335.794V335.768C231.599 335.744 231.599 335.719 231.597 335.695V326.941C231.597 326.136 230.9 325.478 230.047 325.478H230.021Z" fill="#FF5A0A"/>
<path d="M233.984 322.476C233.984 322.769 234.053 323.029 234.205 323.237L234.206 323.239C234.395 323.512 235.348 324.399 235.45 324.496C235.553 324.593 235.553 324.593 235.658 324.496C235.767 324.378 236.785 323.419 236.919 323.205L236.92 323.194C237.051 322.994 237.11 322.749 237.11 322.476C237.11 321.66 236.41 321 235.548 321C234.684 321 233.984 321.66 233.984 322.476Z" fill="#FF5A0A"/>
</g>
<defs>
<clipPath id="clip0_685_1055">
<rect width="375" height="812" fill="white"/>
</clipPath>
</defs>
</svg>
