========== New Cold Start Attempt (2026-08-04T14:23:13.4876445+00:00) ==========
2026-08-04T14:23:13.4876445+00:00 ContainerStatus: State: Starting, Action: EstablishingSiteNetworks, LastError: , LastErrorTimestamp: 01/01/0001 00:00:00, LastErrorDetails: , Details: , DetailsLevel: INFO
2026-08-04T14:23:16.4297920+00:00 ContainerStatus: State: Starting, Action: StartingSiteContainers, LastError: , LastErrorTimestamp: 01/01/0001 00:00:00, LastErrorDetails: , Details: , DetailsLevel: INFO
2026-08-04T14:23:16.4298994+00:00 ContainerStatus: Container start method called.
2026-08-04T14:23:16.4675115+00:00 ContainerStatus: State: Starting, Action: PullingImage, LastError: , LastErrorTimestamp: 01/01/0001 00:00:00, LastErrorDetails: , Details: Pulling image webwinacr.azurecr.io/webwin-api:latest for webwin-api-service., DetailsLevel: INFO
2026-08-04T14:23:16.4677555+00:00 ContainerStatus: Establishing network.
2026-08-04T14:23:16.4692610+00:00 ContainerStatus: Pulling image: webwinacr.azurecr.io/webwin-api:latest.
2026-08-04T14:24:03.8978970+00:00 ContainerStatus: Image webwinacr.azurecr.io/webwin-api:latest is pulled from registry webwinacr.azurecr.io
2026-08-04T14:24:03.9779709+00:00 ContainerStatus: Container is starting.
2026-08-04T14:24:03.9799678+00:00 ContainerStatus: State: Starting, Action: MountingVolumes, LastError: , LastErrorTimestamp: 01/01/0001 00:00:00, LastErrorDetails: , Details: Mounting volumes for webwin-api-service., DetailsLevel: INFO
2026-08-04T14:24:03.9809638+00:00 ContainerStatus: Establishing user namespace if not established already.
2026-08-04T14:24:03.9892947+00:00 ContainerStatus: Establishing network if not established already.
2026-08-04T14:24:03.9906729+00:00 ContainerStatus: Mounting volumes.
2026-08-04T14:24:04.0294354+00:00 ContainerStatus: Nested mountpoint volatile/logs
2026-08-04T14:24:04.0584370+00:00 ContainerStatus: Nested mountpoint 
2026-08-04T14:24:04.2492901+00:00 ContainerStatus: Nested mountpoint 
2026-08-04T14:24:04.3278898+00:00 ContainerStatus: State: Starting, Action: CreatingContainer, LastError: , LastErrorTimestamp: 01/01/0001 00:00:00, LastErrorDetails: , Details: Finished pulling container image and mounting volumes for webwin-api-service. Allocatinng the rest of the container resources to finish container creation., DetailsLevel: INFO
2026-08-04T14:24:04.3282491+00:00 ContainerStatus: Creating container.
2026-08-04T14:24:04.3283362+00:00 ContainerStatus: Creating pipes for streaming container io.
2026-08-04T14:24:04.3389398+00:00 ContainerStatus: Creating stdout named pipe at /podr/container/pipe/ad176b2da793_webwin-api-service/stdout_ac80001195c44d1e88084839e88c8773.
2026-08-04T14:24:04.3406141+00:00 ContainerStatus: Successfully created stdout named pipe at: /podr/container/pipe/ad176b2da793_webwin-api-service/stdout_ac80001195c44d1e88084839e88c8773.
2026-08-04T14:24:04.3900595+00:00 ContainerStatus: Opening named pipe /podr/container/pipe/ad176b2da793_webwin-api-service/stdout_ac80001195c44d1e88084839e88c8773 for reading in non-blocking mode.
2026-08-04T14:24:04.4085452+00:00 ContainerStatus: Successfully opened named pipe: /podr/container/pipe/ad176b2da793_webwin-api-service/stdout_ac80001195c44d1e88084839e88c8773.
2026-08-04T14:24:04.4086426+00:00 ContainerStatus: Successfully removed non-blocking flag from /podr/container/pipe/ad176b2da793_webwin-api-service/stdout_ac80001195c44d1e88084839e88c8773.
2026-08-04T14:24:04.4192487+00:00 ContainerStatus: Creating stderr named pipe at /podr/container/pipe/ad176b2da793_webwin-api-service/stderr_0a44b0c7265f41858eb957b9275d83bf.
2026-08-04T14:24:04.4194019+00:00 ContainerStatus: Successfully created stderr named pipe at: /podr/container/pipe/ad176b2da793_webwin-api-service/stderr_0a44b0c7265f41858eb957b9275d83bf.
2026-08-04T14:24:04.4194396+00:00 ContainerStatus: Opening named pipe /podr/container/pipe/ad176b2da793_webwin-api-service/stderr_0a44b0c7265f41858eb957b9275d83bf for reading in non-blocking mode.
2026-08-04T14:24:04.4283898+00:00 ContainerStatus: Successfully opened named pipe: /podr/container/pipe/ad176b2da793_webwin-api-service/stderr_0a44b0c7265f41858eb957b9275d83bf.
2026-08-04T14:24:04.4286563+00:00 ContainerStatus: Successfully removed non-blocking flag from /podr/container/pipe/ad176b2da793_webwin-api-service/stderr_0a44b0c7265f41858eb957b9275d83bf.
2026-08-04T14:24:04.4293016+00:00 ContainerStatus: Creating container with image: webwinacr.azurecr.io/webwin-api:latest from registry: webwinacr.azurecr.io and fully qualified image name: webwinacr.azurecr.io/webwin-api:latest
2026-08-04T14:24:06.0707540+00:00 ContainerStatus: Starting container: ad176b2da793_webwin-api-service.
2026-08-04T14:24:06.1852031+00:00 ContainerStatus: Starting watchers and probes.
2026-08-04T14:24:06.2265860+00:00 ContainerStatus: Starting metrics collection.
2026-08-04T14:24:06.2440741+00:00 ContainerStatus: Container is running.
2026-08-04T14:24:06.2443027+00:00 ContainerStatus: State: Starting, Action: CreatingContainer, LastError: , LastErrorTimestamp: 01/01/0001 00:00:00, LastErrorDetails: , Details: Container webwin-api-service successfully created and is running., DetailsLevel: INFO
2026-08-04T14:24:06.6574559+00:00 ContainerStatus: Container start method finished after 50227 ms.
2026-08-04T14:24:06.7075863+00:00 ContainerStatus: State: Starting, Action: InitiatingSiteWarmUpProbe, LastError: , LastErrorTimestamp: 01/01/0001 00:00:00, LastErrorDetails: , Details: Container webwin-api-service successfully created and is running., DetailsLevel: INFO
2026-08-04T14:24:06.7269386+00:00 ContainerStatus: State: Starting, Action: WaitingForSiteWarmUpProbeSuccess, LastError: , LastErrorTimestamp: 01/01/0001 00:00:00, LastErrorDetails: , Details: Pinging warmup path to ensure container is ready to receive requests., DetailsLevel: INFO
2026-08-04T14:24:19.4043029+00:00 ContainerStream: ◇ injected env (0) from .env // tip: ⌘ custom filepath { path: '/custom/path/.env' }
2026-08-04T14:24:19.4558852+00:00 ContainerStream: ◇ injected env (0) from .env // tip: ⌘ multiple files { path: ['.env.local', '.env'] }
2026-08-04T14:24:19.4569462+00:00 ContainerStream: ◇ injected env (0) from .env // tip: ◈ secrets for agents [www.dotenvx.com]
2026-08-04T14:24:19.4665127+00:00 ContainerStream: ◇ injected env (0) from .env // tip: ⌘ override existing { override: true }
2026-08-04T14:24:19.4956187+00:00 ContainerStream: (node:29) [DEP0118] DeprecationWarning: The provided hostname "" is not a valid hostname, and is supported in the dns module solely for compatibility.
2026-08-04T14:24:19.4958105+00:00 ContainerStream: (Use `node --trace-deprecation ...` to show where the warning was created)
2026-08-04T14:24:19.5060308+00:00 ContainerStream: 🚀 Servidor API corriendo en http://0.0.0.0:3001
2026-08-04T14:24:19.6570135+00:00 ContainerStream: Error al conectar con la base de datos de Azure SQL:  ConnectionError: Failed to connect to :1433 - Could not connect (sequence)
2026-08-04T14:24:19.6570961+00:00 ContainerStream:     at /app/node_modules/mssql/lib/tedious/connection-pool.js:86:17
2026-08-04T14:24:19.6571023+00:00 ContainerStream:     at err (/app/node_modules/tedious/src/connection.ts:1823:9)
2026-08-04T14:24:19.6571225+00:00 ContainerStream:     at Object.onceWrapper (node:events:639:26)
2026-08-04T14:24:19.6571367+00:00 ContainerStream:     at Connection.emit (node:events:524:28)
2026-08-04T14:24:19.6571465+00:00 ContainerStream:     at emit (/app/node_modules/tedious/src/connection.ts:1985:18)
2026-08-04T14:24:19.6571523+00:00 ContainerStream:     at <anonymous> (/app/node_modules/tedious/src/connection.ts:1845:14)
2026-08-04T14:24:19.6571582+00:00 ContainerStream:     at process.processTicksAndRejections (node:internal/process/task_queues:77:11) {
2026-08-04T14:24:19.6571674+00:00 ContainerStream:   code: 'ESOCKET',
2026-08-04T14:24:19.6571792+00:00 ContainerStream:   originalError: ConnectionError: Failed to connect to :1433 - Could not connect (sequence)
2026-08-04T14:24:19.6571875+00:00 ContainerStream:       at wrapSocketError (/app/node_modules/tedious/src/connection.ts:2400:14)
2026-08-04T14:24:19.6571940+00:00 ContainerStream:       at Connection.initialiseConnection (/app/node_modules/tedious/src/connection.ts:2044:20)
2026-08-04T14:24:19.6571999+00:00 ContainerStream:       at process.processTicksAndRejections (node:internal/process/task_queues:95:5) {
2026-08-04T14:24:19.6572033+00:00 ContainerStream:     code: 'ESOCKET',
2026-08-04T14:24:19.6572094+00:00 ContainerStream:     [cause]: AggregateError: Could not connect (sequence)
2026-08-04T14:24:19.6572151+00:00 ContainerStream:         at connectInSequence (/app/node_modules/tedious/src/connector.ts:138:9)
2026-08-04T14:24:19.6572218+00:00 ContainerStream:         at process.processTicksAndRejections (node:internal/process/task_queues:95:5)
2026-08-04T14:24:19.6572311+00:00 ContainerStream:         at async Connection.connectOnPort (/app/node_modules/tedious/src/connection.ts:2246:18)
2026-08-04T14:24:19.6572387+00:00 ContainerStream:         at async Connection.initialiseConnection (/app/node_modules/tedious/src/connection.ts:2040:18) {
2026-08-04T14:24:19.6572421+00:00 ContainerStream:       [errors]: []
2026-08-04T14:24:19.6572449+00:00 ContainerStream:     }
2026-08-04T14:24:19.6572494+00:00 ContainerStream:   }
2026-08-04T14:24:19.6572602+00:00 ContainerStream: }
2026-08-04T14:24:19.6666738+00:00 ContainerStream: node:internal/process/promises:391
2026-08-04T14:24:19.6667619+00:00 ContainerStream:     triggerUncaughtException(err, true /* fromPromise */);
2026-08-04T14:24:19.6667659+00:00 ContainerStream:     ^
2026-08-04T14:24:19.6667693+00:00 ContainerStream: 
2026-08-04T14:24:19.6667754+00:00 ContainerStream: ConnectionError: Failed to connect to :1433 - Could not connect (sequence)
2026-08-04T14:24:19.6667812+00:00 ContainerStream:     at /app/node_modules/mssql/lib/tedious/connection-pool.js:86:17
2026-08-04T14:24:19.6667865+00:00 ContainerStream:     at err (/app/node_modules/tedious/src/connection.ts:1823:9)
2026-08-04T14:24:19.6668008+00:00 ContainerStream:     at Object.onceWrapper (node:events:639:26)
2026-08-04T14:24:19.6668053+00:00 ContainerStream:     at Connection.emit (node:events:524:28)
2026-08-04T14:24:19.6668105+00:00 ContainerStream:     at emit (/app/node_modules/tedious/src/connection.ts:1985:18)
2026-08-04T14:24:19.6668160+00:00 ContainerStream:     at <anonymous> (/app/node_modules/tedious/src/connection.ts:1845:14)
2026-08-04T14:24:19.6668219+00:00 ContainerStream:     at process.processTicksAndRejections (node:internal/process/task_queues:77:11) {
2026-08-04T14:24:19.6668253+00:00 ContainerStream:   code: 'ESOCKET',
2026-08-04T14:24:19.6668315+00:00 ContainerStream:   originalError: ConnectionError: Failed to connect to :1433 - Could not connect (sequence)
2026-08-04T14:24:19.6668392+00:00 ContainerStream:       at wrapSocketError (/app/node_modules/tedious/src/connection.ts:2400:14)
2026-08-04T14:24:19.6668456+00:00 ContainerStream:       at Connection.initialiseConnection (/app/node_modules/tedious/src/connection.ts:2044:20)
2026-08-04T14:24:19.6668515+00:00 ContainerStream:       at process.processTicksAndRejections (node:internal/process/task_queues:95:5) {
2026-08-04T14:24:19.6668550+00:00 ContainerStream:     code: 'ESOCKET',
2026-08-04T14:24:19.6668599+00:00 ContainerStream:     [cause]: AggregateError: Could not connect (sequence)
2026-08-04T14:24:19.6668657+00:00 ContainerStream:         at connectInSequence (/app/node_modules/tedious/src/connector.ts:138:9)
2026-08-04T14:24:19.6668715+00:00 ContainerStream:         at process.processTicksAndRejections (node:internal/process/task_queues:95:5)
2026-08-04T14:24:19.6668806+00:00 ContainerStream:         at async Connection.connectOnPort (/app/node_modules/tedious/src/connection.ts:2246:18)
2026-08-04T14:24:19.6668875+00:00 ContainerStream:         at async Connection.initialiseConnection (/app/node_modules/tedious/src/connection.ts:2040:18) {
2026-08-04T14:24:19.6668908+00:00 ContainerStream:       [errors]: []
2026-08-04T14:24:19.6668935+00:00 ContainerStream:     }
2026-08-04T14:24:19.6668963+00:00 ContainerStream:   }
2026-08-04T14:24:19.6668990+00:00 ContainerStream: }
2026-08-04T14:24:19.6754668+00:00 ContainerStream: 
2026-08-04T14:24:19.6755618+00:00 ContainerStream: Node.js v20.20.2
2026-08-04T14:24:20.0188773+00:00 ContainerStatus: Container has finished running with exit code: 1.
2026-08-04T14:24:20.0384463+00:00 ContainerStatus: Container is terminating. Grace period: 5 seconds.
2026-08-04T14:24:20.0786897+00:00 ContainerStatus: Stop and delete container. Retry count = 0
2026-08-04T14:24:20.0893393+00:00 ContainerStatus: Stopping container: ad176b2da793_webwin-api-service.
2026-08-04T14:24:20.2110619+00:00 ContainerStatus: Deleting container: ad176b2da793_webwin-api-service. Retry count = 0
2026-08-04T14:24:20.5669477+00:00 ContainerStatus: Container spec TerminationMessagePolicy  path 
2026-08-04T14:24:20.5885728+00:00 ContainerStatus: Container is terminated. Total time elapsed: 547 ms.
2026-08-04T14:24:20.5967381+00:00 ContainerStatus: Site container: webwin-api-service terminated during site startup.
2026-08-04T14:24:20.6297304+00:00 ContainerStatus: State: Stopping, Action: CancellingStartup, LastError: , LastErrorTimestamp: 01/01/0001 00:00:00, LastErrorDetails: , Details: Site container: webwin-api-service terminated during site startup. Cancelling site startup., DetailsLevel: ERR
2026-08-04T14:24:20.7194819+00:00 ContainerStatus: Site startup probe failed after 13.9039574 seconds.
2026-08-04T14:24:21.0315249+00:00 ContainerStatus: State: Stopping, Action: CancellingStartup, LastError: ContainerStartupFailure, LastErrorTimestamp: 08/04/2026 14:24:21, LastErrorDetails: Container exited with exit code 1 during startup after 14.4s. Please inspect your container logs for more details., Details: Site container: webwin-api-service terminated during site startup. Cancelling site startup., DetailsLevel: ERR
2026-08-04T14:24:21.0506669+00:00 ContainerStatus: Failed to start site. Revert by stopping site.
2026-08-04T14:24:21.0798510+00:00 ContainerStatus: State: Stopping, Action: StoppingSite, LastError: ContainerStartupFailure, LastErrorTimestamp: 08/04/2026 14:24:21, LastErrorDetails: Container exited with exit code 1 during startup after 14.4s. Please inspect your container logs for more details., Details: Site container: webwin-api-service terminated during site startup. Cancelling site startup., DetailsLevel: ERR
2026-08-04T14:24:21.1201598+00:00 ContainerStatus: State: Stopping, Action: StoppingSiteContainers, LastError: ContainerStartupFailure, LastErrorTimestamp: 08/04/2026 14:24:21, LastErrorDetails: Container exited with exit code 1 during startup after 14.4s. Please inspect your container logs for more details., Details: Site container: webwin-api-service terminated during site startup. Cancelling site startup., DetailsLevel: ERR
2026-08-04T14:24:21.1298775+00:00 ContainerStatus: Site: webwin-api-service stopped.
========== New Cold Start Attempt (2026-08-04T14:24:21.1809803+00:00) ==========
2026-08-04T14:24:21.1809803+00:00 ContainerStatus: State: Stopping, Action: UnmountingVolumes, LastError: ContainerStartupFailure, LastErrorTimestamp: 08/04/2026 14:24:21, LastErrorDetails: Container exited with exit code 1 during startup after 14.4s. Please inspect your container logs for more details., Details: Site container: webwin-api-service terminated during site startup. Cancelling site startup., DetailsLevel: ERR
2026-08-04T14:24:21.7129121+00:00 ContainerStatus: State: Stopping, Action: StoppingSiteNetworks, LastError: ContainerStartupFailure, LastErrorTimestamp: 08/04/2026 14:24:21, LastErrorDetails: Container exited with exit code 1 during startup after 14.4s. Please inspect your container logs for more details., Details: Site container: webwin-api-service terminated during site startup. Cancelling site startup., DetailsLevel: ERR
2026-08-04T14:24:22.3200262+00:00 ContainerStatus: State: Stopped, Action: None, LastError: ContainerStartupFailure, LastErrorTimestamp: 08/04/2026 14:24:21, LastErrorDetails: Container exited with exit code 1 during startup after 14.4s. Please inspect your container logs for more details., Details: Site stopped at 08/04/2026 14:24:22 (UTC), DetailsLevel: ERR
2026-08-04T14:24:23.1271441+00:00 ContainerStatus: State: Stopped, Action: None, LastError: ContainerStartupFailure, LastErrorTimestamp: 08/04/2026 14:24:21, LastErrorDetails: Container exited with exit code 1 during startup after 14.4s. Please inspect your container logs for more details., Details: Site stopped at 08/04/2026 14:24:22 (UTC), DetailsLevel: ERR
2026-08-04T14:24:28.8866302+00:00 ContainerStatus: State: Starting, Action: EstablishingSiteNetworks, LastError: ContainerStartupFailure, LastErrorTimestamp: 08/04/2026 14:24:21, LastErrorDetails: Container exited with exit code 1 during startup after 14.4s. Please inspect your container logs for more details., Details: Site stopped at 08/04/2026 14:24:22 (UTC), DetailsLevel: ERR
2026-08-04T14:24:32.0891015+00:00 ContainerStatus: State: Starting, Action: StartingSiteContainers, LastError: ContainerStartupFailure, LastErrorTimestamp: 08/04/2026 14:24:21, LastErrorDetails: Container exited with exit code 1 during startup after 14.4s. Please inspect your container logs for more details., Details: Site stopped at 08/04/2026 14:24:22 (UTC), DetailsLevel: ERR
2026-08-04T14:24:32.0892051+00:00 ContainerStatus: Container start method called.
2026-08-04T14:24:32.0892466+00:00 ContainerStatus: State: Starting, Action: PullingImage, LastError: ContainerStartupFailure, LastErrorTimestamp: 08/04/2026 14:24:21, LastErrorDetails: Container exited with exit code 1 during startup after 14.4s. Please inspect your container logs for more details., Details: Pulling image webwinacr.azurecr.io/webwin-api:latest for webwin-api-service., DetailsLevel: INFO
2026-08-04T14:24:32.0892846+00:00 ContainerStatus: Establishing network.
2026-08-04T14:24:32.0893405+00:00 ContainerStatus: Pulling image: webwinacr.azurecr.io/webwin-api:latest.
2026-08-04T14:24:32.5632326+00:00 ContainerStatus: Container is starting.
2026-08-04T14:24:32.5633232+00:00 ContainerStatus: State: Starting, Action: MountingVolumes, LastError: ContainerStartupFailure, LastErrorTimestamp: 08/04/2026 14:24:21, LastErrorDetails: Container exited with exit code 1 during startup after 14.4s. Please inspect your container logs for more details., Details: Mounting volumes for webwin-api-service., DetailsLevel: INFO
2026-08-04T14:24:32.5633599+00:00 ContainerStatus: Establishing user namespace if not established already.
2026-08-04T14:24:32.5634010+00:00 ContainerStatus: Establishing network if not established already.
2026-08-04T14:24:32.5634711+00:00 ContainerStatus: Mounting volumes.
2026-08-04T14:24:32.5635823+00:00 ContainerStatus: Nested mountpoint volatile/logs
2026-08-04T14:24:32.6317157+00:00 ContainerStatus: Nested mountpoint 
2026-08-04T14:24:32.6516771+00:00 ContainerStatus: Nested mountpoint 
2026-08-04T14:24:32.7744876+00:00 ContainerStatus: State: Starting, Action: CreatingContainer, LastError: ContainerStartupFailure, LastErrorTimestamp: 08/04/2026 14:24:21, LastErrorDetails: Container exited with exit code 1 during startup after 14.4s. Please inspect your container logs for more details., Details: Finished pulling container image and mounting volumes for webwin-api-service. Allocatinng the rest of the container resources to finish container creation., DetailsLevel: INFO
2026-08-04T14:24:32.7827832+00:00 ContainerStatus: Creating container.
2026-08-04T14:24:32.7829002+00:00 ContainerStatus: Creating pipes for streaming container io.
2026-08-04T14:24:32.7829434+00:00 ContainerStatus: Creating stdout named pipe at /podr/container/pipe/80f739228766_webwin-api-service/stdout_21c8fe4439a245688def166cd0ea0f3b.
2026-08-04T14:24:32.7830930+00:00 ContainerStatus: Successfully created stdout named pipe at: /podr/container/pipe/80f739228766_webwin-api-service/stdout_21c8fe4439a245688def166cd0ea0f3b.
2026-08-04T14:24:32.7831324+00:00 ContainerStatus: Opening named pipe /podr/container/pipe/80f739228766_webwin-api-service/stdout_21c8fe4439a245688def166cd0ea0f3b for reading in non-blocking mode.
2026-08-04T14:24:32.7831805+00:00 ContainerStatus: Successfully opened named pipe: /podr/container/pipe/80f739228766_webwin-api-service/stdout_21c8fe4439a245688def166cd0ea0f3b.
2026-08-04T14:24:32.7832189+00:00 ContainerStatus: Successfully removed non-blocking flag from /podr/container/pipe/80f739228766_webwin-api-service/stdout_21c8fe4439a245688def166cd0ea0f3b.
2026-08-04T14:24:32.7832871+00:00 ContainerStatus: Creating stderr named pipe at /podr/container/pipe/80f739228766_webwin-api-service/stderr_9798958aa68044e1808165b58ba36bfc.
2026-08-04T14:24:32.7833545+00:00 ContainerStatus: Successfully created stderr named pipe at: /podr/container/pipe/80f739228766_webwin-api-service/stderr_9798958aa68044e1808165b58ba36bfc.
2026-08-04T14:24:32.7833911+00:00 ContainerStatus: Opening named pipe /podr/container/pipe/80f739228766_webwin-api-service/stderr_9798958aa68044e1808165b58ba36bfc for reading in non-blocking mode.
2026-08-04T14:24:32.7834311+00:00 ContainerStatus: Successfully opened named pipe: /podr/container/pipe/80f739228766_webwin-api-service/stderr_9798958aa68044e1808165b58ba36bfc.
2026-08-04T14:24:32.7834679+00:00 ContainerStatus: Successfully removed non-blocking flag from /podr/container/pipe/80f739228766_webwin-api-service/stderr_9798958aa68044e1808165b58ba36bfc.
2026-08-04T14:24:32.7835309+00:00 ContainerStatus: Creating container with image: webwinacr.azurecr.io/webwin-api:latest from registry: webwinacr.azurecr.io and fully qualified image name: webwinacr.azurecr.io/webwin-api:latest
2026-08-04T14:24:33.6757609+00:00 ContainerStatus: Starting container: 80f739228766_webwin-api-service.
2026-08-04T14:24:33.7788401+00:00 ContainerStatus: Starting watchers and probes.
2026-08-04T14:24:33.8069628+00:00 ContainerStatus: Starting metrics collection.
2026-08-04T14:24:33.8072939+00:00 ContainerStatus: Container is running.
2026-08-04T14:24:33.8162306+00:00 ContainerStatus: State: Starting, Action: CreatingContainer, LastError: ContainerStartupFailure, LastErrorTimestamp: 08/04/2026 14:24:21, LastErrorDetails: Container exited with exit code 1 during startup after 14.4s. Please inspect your container logs for more details., Details: Container webwin-api-service successfully created and is running., DetailsLevel: INFO
2026-08-04T14:24:34.0475106+00:00 ContainerStatus: Container start method finished after 1958 ms.
2026-08-04T14:24:34.0476670+00:00 ContainerStatus: State: Starting, Action: InitiatingSiteWarmUpProbe, LastError: ContainerStartupFailure, LastErrorTimestamp: 08/04/2026 14:24:21, LastErrorDetails: Container exited with exit code 1 during startup after 14.4s. Please inspect your container logs for more details., Details: Container webwin-api-service successfully created and is running., DetailsLevel: INFO
2026-08-04T14:24:34.0476830+00:00 ContainerStatus: State: Starting, Action: WaitingForSiteWarmUpProbeSuccess, LastError: ContainerStartupFailure, LastErrorTimestamp: 08/04/2026 14:24:21, LastErrorDetails: Container exited with exit code 1 during startup after 14.4s. Please inspect your container logs for more details., Details: Pinging warmup path to ensure container is ready to receive requests., DetailsLevel: INFO
2026-08-04T14:25:02.8594631+00:00 ContainerStream: ◇ injected env (0) from .env // tip: ⌘ override existing { override: true }
2026-08-04T14:25:03.4329806+00:00 ContainerStream: ◇ injected env (0) from .env // tip: ⌘ suppress logs { quiet: true }
2026-08-04T14:25:03.4341204+00:00 ContainerStream: ◇ injected env (0) from .env // tip: ⌘ suppress logs { quiet: true }
2026-08-04T14:25:03.4436425+00:00 ContainerStream: ◇ injected env (0) from .env // tip: ⌘ override existing { override: true }
2026-08-04T14:25:03.5533886+00:00 ContainerStream: (node:30) [DEP0118] DeprecationWarning: The provided hostname "" is not a valid hostname, and is supported in the dns module solely for compatibility.
2026-08-04T14:25:03.5534358+00:00 ContainerStream: (Use `node --trace-deprecation ...` to show where the warning was created)
2026-08-04T14:25:03.6129087+00:00 ContainerStream: 🚀 Servidor API corriendo en http://0.0.0.0:3001
2026-08-04T14:25:04.3388469+00:00 ContainerStream: Error al conectar con la base de datos de Azure SQL:  ConnectionError: Failed to connect to :1433 - Could not connect (sequence)
2026-08-04T14:25:04.3389042+00:00 ContainerStream:     at /app/node_modules/mssql/lib/tedious/connection-pool.js:86:17
2026-08-04T14:25:04.3389088+00:00 ContainerStream:     at err (/app/node_modules/tedious/src/connection.ts:1823:9)
2026-08-04T14:25:04.3389248+00:00 ContainerStream:     at Object.onceWrapper (node:events:639:26)
2026-08-04T14:25:04.3389280+00:00 ContainerStream:     at Connection.emit (node:events:524:28)
2026-08-04T14:25:04.3389311+00:00 ContainerStream:     at emit (/app/node_modules/tedious/src/connection.ts:1985:18)
2026-08-04T14:25:04.3389344+00:00 ContainerStream:     at <anonymous> (/app/node_modules/tedious/src/connection.ts:1845:14)
2026-08-04T14:25:04.3389379+00:00 ContainerStream:     at process.processTicksAndRejections (node:internal/process/task_queues:77:11) {
2026-08-04T14:25:04.3389399+00:00 ContainerStream:   code: 'ESOCKET',
2026-08-04T14:25:04.3389553+00:00 ContainerStream:   originalError: ConnectionError: Failed to connect to :1433 - Could not connect (sequence)
2026-08-04T14:25:04.3389587+00:00 ContainerStream:       at wrapSocketError (/app/node_modules/tedious/src/connection.ts:2400:14)
2026-08-04T14:25:04.3389625+00:00 ContainerStream:       at Connection.initialiseConnection (/app/node_modules/tedious/src/connection.ts:2044:20)
2026-08-04T14:25:04.3389661+00:00 ContainerStream:       at process.processTicksAndRejections (node:internal/process/task_queues:95:5) {
2026-08-04T14:25:04.3389681+00:00 ContainerStream:     code: 'ESOCKET',
2026-08-04T14:25:04.3389758+00:00 ContainerStream:     [cause]: AggregateError: Could not connect (sequence)
2026-08-04T14:25:04.3389793+00:00 ContainerStream:         at connectInSequence (/app/node_modules/tedious/src/connector.ts:138:9)
2026-08-04T14:25:04.3389829+00:00 ContainerStream:         at process.processTicksAndRejections (node:internal/process/task_queues:95:5)
2026-08-04T14:25:04.3389974+00:00 ContainerStream:         at async Connection.connectOnPort (/app/node_modules/tedious/src/connection.ts:2246:18)
2026-08-04T14:25:04.3390107+00:00 ContainerStream:         at async Connection.initialiseConnection (/app/node_modules/tedious/src/connection.ts:2040:18) {
2026-08-04T14:25:04.3390129+00:00 ContainerStream:       [errors]: []
2026-08-04T14:25:04.3390145+00:00 ContainerStream:     }
2026-08-04T14:25:04.3390187+00:00 ContainerStream:   }
2026-08-04T14:25:04.3390203+00:00 ContainerStream: }
2026-08-04T14:25:04.3576190+00:00 ContainerStream: node:internal/process/promises:391
2026-08-04T14:25:04.3576483+00:00 ContainerStream:     triggerUncaughtException(err, true /* fromPromise */);
2026-08-04T14:25:04.3576507+00:00 ContainerStream:     ^
2026-08-04T14:25:04.3576523+00:00 ContainerStream: 
2026-08-04T14:25:04.3576556+00:00 ContainerStream: ConnectionError: Failed to connect to :1433 - Could not connect (sequence)
2026-08-04T14:25:04.3576589+00:00 ContainerStream:     at /app/node_modules/mssql/lib/tedious/connection-pool.js:86:17
2026-08-04T14:25:04.3576654+00:00 ContainerStream:     at err (/app/node_modules/tedious/src/connection.ts:1823:9)
2026-08-04T14:25:04.3576686+00:00 ContainerStream:     at Object.onceWrapper (node:events:639:26)
2026-08-04T14:25:04.3576711+00:00 ContainerStream:     at Connection.emit (node:events:524:28)
2026-08-04T14:25:04.3576741+00:00 ContainerStream:     at emit (/app/node_modules/tedious/src/connection.ts:1985:18)
2026-08-04T14:25:04.3576773+00:00 ContainerStream:     at <anonymous> (/app/node_modules/tedious/src/connection.ts:1845:14)
2026-08-04T14:25:04.3576847+00:00 ContainerStream:     at process.processTicksAndRejections (node:internal/process/task_queues:77:11) {
2026-08-04T14:25:04.3576890+00:00 ContainerStream:   code: 'ESOCKET',
2026-08-04T14:25:04.3576928+00:00 ContainerStream:   originalError: ConnectionError: Failed to connect to :1433 - Could not connect (sequence)
2026-08-04T14:25:04.3576962+00:00 ContainerStream:       at wrapSocketError (/app/node_modules/tedious/src/connection.ts:2400:14)
2026-08-04T14:25:04.3577000+00:00 ContainerStream:       at Connection.initialiseConnection (/app/node_modules/tedious/src/connection.ts:2044:20)
2026-08-04T14:25:04.3577034+00:00 ContainerStream:       at process.processTicksAndRejections (node:internal/process/task_queues:95:5) {
2026-08-04T14:25:04.3577054+00:00 ContainerStream:     code: 'ESOCKET',
2026-08-04T14:25:04.3577082+00:00 ContainerStream:     [cause]: AggregateError: Could not connect (sequence)
2026-08-04T14:25:04.3577118+00:00 ContainerStream:         at connectInSequence (/app/node_modules/tedious/src/connector.ts:138:9)
2026-08-04T14:25:04.3577153+00:00 ContainerStream:         at process.processTicksAndRejections (node:internal/process/task_queues:95:5)
2026-08-04T14:25:04.3577192+00:00 ContainerStream:         at async Connection.connectOnPort (/app/node_modules/tedious/src/connection.ts:2246:18)
2026-08-04T14:25:04.3577246+00:00 ContainerStream:         at async Connection.initialiseConnection (/app/node_modules/tedious/src/connection.ts:2040:18) {
2026-08-04T14:25:04.3577265+00:00 ContainerStream:       [errors]: []
2026-08-04T14:25:04.3577280+00:00 ContainerStream:     }
2026-08-04T14:25:04.3577295+00:00 ContainerStream:   }
2026-08-04T14:25:04.3577310+00:00 ContainerStream: }
2026-08-04T14:25:04.3577324+00:00 ContainerStream: 
2026-08-04T14:25:04.3577342+00:00 ContainerStream: Node.js v20.20.2
2026-08-04T14:25:04.7993024+00:00 ContainerStatus: Container has finished running with exit code: 1.
2026-08-04T14:25:04.7994261+00:00 ContainerStatus: Container is terminating. Grace period: 5 seconds.
2026-08-04T14:25:04.8006032+00:00 ContainerStatus: Stop and delete container. Retry count = 0
2026-08-04T14:25:04.8006801+00:00 ContainerStatus: Stopping container: 80f739228766_webwin-api-service.
2026-08-04T14:25:04.9314796+00:00 ContainerStatus: Deleting container: 80f739228766_webwin-api-service. Retry count = 0
2026-08-04T14:25:05.4023805+00:00 ContainerStatus: Container spec TerminationMessagePolicy  path 
2026-08-04T14:25:05.4025148+00:00 ContainerStatus: Container is terminated. Total time elapsed: 602 ms.
2026-08-04T14:25:05.4030461+00:00 ContainerStatus: Site container: webwin-api-service terminated during site startup.
2026-08-04T14:25:05.4031860+00:00 ContainerStatus: State: Stopping, Action: CancellingStartup, LastError: ContainerStartupFailure, LastErrorTimestamp: 08/04/2026 14:24:21, LastErrorDetails: Container exited with exit code 1 during startup after 14.4s. Please inspect your container logs for more details., Details: Site container: webwin-api-service terminated during site startup. Cancelling site startup., DetailsLevel: ERR
2026-08-04T14:25:05.4042064+00:00 ContainerStatus: Site startup probe failed after 31.3546841 seconds.
2026-08-04T14:25:05.7960093+00:00 ContainerStatus: State: Stopping, Action: CancellingStartup, LastError: ContainerStartupFailure, LastErrorTimestamp: 08/04/2026 14:25:05, LastErrorDetails: Container exited with exit code 1 during startup after 31.6s. Please inspect your container logs for more details., Details: Site container: webwin-api-service terminated during site startup. Cancelling site startup., DetailsLevel: ERR
2026-08-04T14:25:05.8063980+00:00 ContainerStatus: Failed to start site. Revert by stopping site.
2026-08-04T14:25:05.8066874+00:00 ContainerStatus: State: Stopping, Action: StoppingSite, LastError: ContainerStartupFailure, LastErrorTimestamp: 08/04/2026 14:25:05, LastErrorDetails: Container exited with exit code 1 during startup after 31.6s. Please inspect your container logs for more details., Details: Site container: webwin-api-service terminated during site startup. Cancelling site startup., DetailsLevel: ERR
2026-08-04T14:25:05.8069150+00:00 ContainerStatus: State: Stopping, Action: StoppingSiteContainers, LastError: ContainerStartupFailure, LastErrorTimestamp: 08/04/2026 14:25:05, LastErrorDetails: Container exited with exit code 1 during startup after 31.6s. Please inspect your container logs for more details., Details: Site container: webwin-api-service terminated during site startup. Cancelling site startup., DetailsLevel: ERR
2026-08-04T14:25:05.8069369+00:00 ContainerStatus: Site: webwin-api-service stopped.
========== New Cold Start Attempt (2026-08-04T14:25:05.8362884+00:00) ==========
2026-08-04T14:25:05.8362884+00:00 ContainerStatus: State: Stopping, Action: UnmountingVolumes, LastError: ContainerStartupFailure, LastErrorTimestamp: 08/04/2026 14:25:05, LastErrorDetails: Container exited with exit code 1 during startup after 31.6s. Please inspect your container logs for more details., Details: Site container: webwin-api-service terminated during site startup. Cancelling site startup., DetailsLevel: ERR
2026-08-04T14:25:06.1696826+00:00 ContainerStatus: State: Stopping, Action: StoppingSiteNetworks, LastError: ContainerStartupFailure, LastErrorTimestamp: 08/04/2026 14:25:05, LastErrorDetails: Container exited with exit code 1 during startup after 31.6s. Please inspect your container logs for more details., Details: Site container: webwin-api-service terminated during site startup. Cancelling site startup., DetailsLevel: ERR
2026-08-04T14:25:06.9442846+00:00 ContainerStatus: Site: webwin-api-service will be blocked for 1 minutes till 08/04/2026 14:26:06
2026-08-04T14:25:06.9519429+00:00 ContainerStatus: State: Blocked, Action: StoppingSiteNetworks, LastError: ContainerStartupFailure, LastErrorTimestamp: 08/04/2026 14:25:05, LastErrorDetails: Container exited with exit code 1 during startup after 31.6s. Please inspect your container logs for more details., Details: Site: webwin-api-service will be blocked for 1 minutes till 08/04/2026 14:26:06, DetailsLevel: WARN
2026-08-04T14:25:07.0637314+00:00 ContainerStatus: State: Stopped, Action: None, LastError: ContainerStartupFailure, LastErrorTimestamp: 08/04/2026 14:25:05, LastErrorDetails: Container exited with exit code 1 during startup after 31.6s. Please inspect your container logs for more details., Details: Site stopped at 08/04/2026 14:25:07 (UTC), DetailsLevel: WARN
2026-08-04T14:25:08.1884703+00:00 ContainerStatus: State: Stopped, Action: None, LastError: ContainerStartupFailure, LastErrorTimestamp: 08/04/2026 14:25:05, LastErrorDetails: Container exited with exit code 1 during startup after 31.6s. Please inspect your container logs for more details., Details: Site stopped at 08/04/2026 14:25:07 (UTC), DetailsLevel: WARN
2026-08-04T14:25:13.3184873+00:00 ContainerStatus: State: Blocked, Action: None, LastError: ContainerStartupFailure, LastErrorTimestamp: 08/04/2026 14:25:05, LastErrorDetails: Container exited with exit code 1 during startup after 31.6s. Please inspect your container logs for more details., Details: Site is blocked due to multiple, consecutive cold start failures. Site scheduled to be unblocked at 08/04/2026 14:26:06, DetailsLevel: WARN
2026-08-04T14:25:13.3187249+00:00 ContainerStatus: Start site prohibitted because the site is being blocked.
2026-08-04T14:25:18.6212719+00:00 ContainerStatus: State: Blocked, Action: None, LastError: ContainerStartupFailure, LastErrorTimestamp: 08/04/2026 14:25:05, LastErrorDetails: Container exited with exit code 1 during startup after 31.6s. Please inspect your container logs for more details., Details: Site is blocked due to multiple, consecutive cold start failures. Site scheduled to be unblocked at 08/04/2026 14:26:06, DetailsLevel: WARN
2026-08-04T14:25:18.6213250+00:00 ContainerStatus: Start site prohibitted because the site is being blocked.
2026-08-04T14:25:23.7462371+00:00 ContainerStatus: State: Blocked, Action: None, LastError: ContainerStartupFailure, LastErrorTimestamp: 08/04/2026 14:25:05, LastErrorDetails: Container exited with exit code 1 during startup after 31.6s. Please inspect your container logs for more details., Details: Site is blocked due to multiple, consecutive cold start failures. Site scheduled to be unblocked at 08/04/2026 14:26:06, DetailsLevel: WARN
2026-08-04T14:25:23.7462730+00:00 ContainerStatus: Start site prohibitted because the site is being blocked.
2026-08-04T14:25:29.0994632+00:00 ContainerStatus: State: Blocked, Action: None, LastError: ContainerStartupFailure, LastErrorTimestamp: 08/04/2026 14:25:05, LastErrorDetails: Container exited with exit code 1 during startup after 31.6s. Please inspect your container logs for more details., Details: Site is blocked due to multiple, consecutive cold start failures. Site scheduled to be unblocked at 08/04/2026 14:26:06, DetailsLevel: WARN
2026-08-04T14:25:29.0994911+00:00 ContainerStatus: Start site prohibitted because the site is being blocked.
2026-08-04T14:25:34.1999145+00:00 ContainerStatus: State: Blocked, Action: None, LastError: ContainerStartupFailure, LastErrorTimestamp: 08/04/2026 14:25:05, LastErrorDetails: Container exited with exit code 1 during startup after 31.6s. Please inspect your container logs for more details., Details: Site is blocked due to multiple, consecutive cold start failures. Site scheduled to be unblocked at 08/04/2026 14:26:06, DetailsLevel: WARN
2026-08-04T14:25:34.2494184+00:00 ContainerStatus: Start site prohibitted because the site is being blocked.
2026-08-04T14:25:39.4139998+00:00 ContainerStatus: State: Blocked, Action: None, LastError: ContainerStartupFailure, LastErrorTimestamp: 08/04/2026 14:25:05, LastErrorDetails: Container exited with exit code 1 during startup after 31.6s. Please inspect your container logs for more details., Details: Site is blocked due to multiple, consecutive cold start failures. Site scheduled to be unblocked at 08/04/2026 14:26:06, DetailsLevel: WARN
2026-08-04T14:25:39.4140806+00:00 ContainerStatus: Start site prohibitted because the site is being blocked.
2026-08-04T14:25:44.5461722+00:00 ContainerStatus: State: Blocked, Action: None, LastError: ContainerStartupFailure, LastErrorTimestamp: 08/04/2026 14:25:05, LastErrorDetails: Container exited with exit code 1 during startup after 31.6s. Please inspect your container logs for more details., Details: Site is blocked due to multiple, consecutive cold start failures. Site scheduled to be unblocked at 08/04/2026 14:26:06, DetailsLevel: WARN
2026-08-04T14:25:44.5463158+00:00 ContainerStatus: Start site prohibitted because the site is being blocked.
2026-08-04T14:26:06.9488834+00:00 ContainerStatus: Site: webwin-api-service is unblocked.
2026-08-04T14:26:12.4347573+00:00 ContainerStatus: State: Starting, Action: EstablishingSiteNetworks, LastError: ContainerStartupFailure, LastErrorTimestamp: 08/04/2026 14:25:05, LastErrorDetails: Container exited with exit code 1 during startup after 31.6s. Please inspect your container logs for more details., Details: Site is blocked due to multiple, consecutive cold start failures. Site scheduled to be unblocked at 08/04/2026 14:26:06, DetailsLevel: WARN
2026-08-04T14:26:14.2652113+00:00 ContainerStatus: State: Starting, Action: StartingSiteContainers, LastError: ContainerStartupFailure, LastErrorTimestamp: 08/04/2026 14:25:05, LastErrorDetails: Container exited with exit code 1 during startup after 31.6s. Please inspect your container logs for more details., Details: Site is blocked due to multiple, consecutive cold start failures. Site scheduled to be unblocked at 08/04/2026 14:26:06, DetailsLevel: WARN
2026-08-04T14:26:14.2652761+00:00 ContainerStatus: Container start method called.
2026-08-04T14:26:14.2653136+00:00 ContainerStatus: State: Starting, Action: PullingImage, LastError: ContainerStartupFailure, LastErrorTimestamp: 08/04/2026 14:25:05, LastErrorDetails: Container exited with exit code 1 during startup after 31.6s. Please inspect your container logs for more details., Details: Pulling image webwinacr.azurecr.io/webwin-api:latest for webwin-api-service., DetailsLevel: INFO
2026-08-04T14:26:14.2653475+00:00 ContainerStatus: Establishing network.
2026-08-04T14:26:14.2654058+00:00 ContainerStatus: Pulling image: webwinacr.azurecr.io/webwin-api:latest.
2026-08-04T14:26:14.8983605+00:00 ContainerStatus: Container is starting.
2026-08-04T14:26:14.8984947+00:00 ContainerStatus: State: Starting, Action: MountingVolumes, LastError: ContainerStartupFailure, LastErrorTimestamp: 08/04/2026 14:25:05, LastErrorDetails: Container exited with exit code 1 during startup after 31.6s. Please inspect your container logs for more details., Details: Mounting volumes for webwin-api-service., DetailsLevel: INFO
2026-08-04T14:26:14.8986703+00:00 ContainerStatus: Establishing user namespace if not established already.
2026-08-04T14:26:14.8987400+00:00 ContainerStatus: Establishing network if not established already.
2026-08-04T14:26:14.8988011+00:00 ContainerStatus: Mounting volumes.
2026-08-04T14:26:14.8989147+00:00 ContainerStatus: Nested mountpoint volatile/logs
2026-08-04T14:26:15.0094613+00:00 ContainerStatus: Nested mountpoint 
2026-08-04T14:26:15.0201281+00:00 ContainerStatus: Nested mountpoint 
2026-08-04T14:26:15.2493108+00:00 ContainerStatus: State: Starting, Action: CreatingContainer, LastError: ContainerStartupFailure, LastErrorTimestamp: 08/04/2026 14:25:05, LastErrorDetails: Container exited with exit code 1 during startup after 31.6s. Please inspect your container logs for more details., Details: Finished pulling container image and mounting volumes for webwin-api-service. Allocatinng the rest of the container resources to finish container creation., DetailsLevel: INFO
2026-08-04T14:26:15.2493807+00:00 ContainerStatus: Creating container.
2026-08-04T14:26:15.2494205+00:00 ContainerStatus: Creating pipes for streaming container io.
2026-08-04T14:26:15.2494657+00:00 ContainerStatus: Creating stdout named pipe at /podr/container/pipe/7a479b885c97_webwin-api-service/stdout_b0454f429c6047a48a4d028d9e38dce5.
2026-08-04T14:26:15.2496090+00:00 ContainerStatus: Successfully created stdout named pipe at: /podr/container/pipe/7a479b885c97_webwin-api-service/stdout_b0454f429c6047a48a4d028d9e38dce5.
2026-08-04T14:26:15.2496433+00:00 ContainerStatus: Opening named pipe /podr/container/pipe/7a479b885c97_webwin-api-service/stdout_b0454f429c6047a48a4d028d9e38dce5 for reading in non-blocking mode.
2026-08-04T14:26:15.2496944+00:00 ContainerStatus: Successfully opened named pipe: /podr/container/pipe/7a479b885c97_webwin-api-service/stdout_b0454f429c6047a48a4d028d9e38dce5.
2026-08-04T14:26:15.2497271+00:00 ContainerStatus: Successfully removed non-blocking flag from /podr/container/pipe/7a479b885c97_webwin-api-service/stdout_b0454f429c6047a48a4d028d9e38dce5.
2026-08-04T14:26:15.2795070+00:00 ContainerStatus: Creating stderr named pipe at /podr/container/pipe/7a479b885c97_webwin-api-service/stderr_74210c00f4fa46af81461f314f9911c3.
2026-08-04T14:26:15.2796975+00:00 ContainerStatus: Successfully created stderr named pipe at: /podr/container/pipe/7a479b885c97_webwin-api-service/stderr_74210c00f4fa46af81461f314f9911c3.
2026-08-04T14:26:15.2798304+00:00 ContainerStatus: Opening named pipe /podr/container/pipe/7a479b885c97_webwin-api-service/stderr_74210c00f4fa46af81461f314f9911c3 for reading in non-blocking mode.
2026-08-04T14:26:15.2989475+00:00 ContainerStatus: Successfully opened named pipe: /podr/container/pipe/7a479b885c97_webwin-api-service/stderr_74210c00f4fa46af81461f314f9911c3.
2026-08-04T14:26:15.2993409+00:00 ContainerStatus: Successfully removed non-blocking flag from /podr/container/pipe/7a479b885c97_webwin-api-service/stderr_74210c00f4fa46af81461f314f9911c3.
2026-08-04T14:26:15.2997105+00:00 ContainerStatus: Creating container with image: webwinacr.azurecr.io/webwin-api:latest from registry: webwinacr.azurecr.io and fully qualified image name: webwinacr.azurecr.io/webwin-api:latest
2026-08-04T14:26:16.9773902+00:00 ContainerStatus: Starting container: 7a479b885c97_webwin-api-service.
2026-08-04T14:26:17.3094694+00:00 ContainerStatus: Starting watchers and probes.
2026-08-04T14:26:17.3392472+00:00 ContainerStatus: Starting metrics collection.
2026-08-04T14:26:17.3393749+00:00 ContainerStatus: Container is running.
2026-08-04T14:26:17.3394693+00:00 ContainerStatus: State: Starting, Action: CreatingContainer, LastError: ContainerStartupFailure, LastErrorTimestamp: 08/04/2026 14:25:05, LastErrorDetails: Container exited with exit code 1 during startup after 31.6s. Please inspect your container logs for more details., Details: Container webwin-api-service successfully created and is running., DetailsLevel: INFO
2026-08-04T14:26:17.6114734+00:00 ContainerStatus: Container start method finished after 3346 ms.
2026-08-04T14:26:17.6616903+00:00 ContainerStatus: State: Starting, Action: InitiatingSiteWarmUpProbe, LastError: ContainerStartupFailure, LastErrorTimestamp: 08/04/2026 14:25:05, LastErrorDetails: Container exited with exit code 1 during startup after 31.6s. Please inspect your container logs for more details., Details: Container webwin-api-service successfully created and is running., DetailsLevel: INFO
2026-08-04T14:26:17.6617467+00:00 ContainerStatus: State: Starting, Action: WaitingForSiteWarmUpProbeSuccess, LastError: ContainerStartupFailure, LastErrorTimestamp: 08/04/2026 14:25:05, LastErrorDetails: Container exited with exit code 1 during startup after 31.6s. Please inspect your container logs for more details., Details: Pinging warmup path to ensure container is ready to receive requests., DetailsLevel: INFO
2026-08-04T14:26:42.3250073+00:00 ContainerStream: ◇ injected env (0) from .env // tip: ⌘ override existing { override: true }
2026-08-04T14:26:42.5658804+00:00 ContainerStream: ◇ injected env (0) from .env // tip: ⌘ custom filepath { path: '/custom/path/.env' }
2026-08-04T14:26:42.5778998+00:00 ContainerStream: ◇ injected env (0) from .env // tip: ⌘ custom filepath { path: '/custom/path/.env' }
2026-08-04T14:26:42.5957400+00:00 ContainerStream: ◇ injected env (0) from .env // tip: ◈ secrets for agents [www.dotenvx.com]
2026-08-04T14:26:42.6468860+00:00 ContainerStream: (node:29) [DEP0118] DeprecationWarning: The provided hostname "" is not a valid hostname, and is supported in the dns module solely for compatibility.
2026-08-04T14:26:42.6469480+00:00 ContainerStream: (Use `node --trace-deprecation ...` to show where the warning was created)
2026-08-04T14:26:42.6675386+00:00 ContainerStream: 🚀 Servidor API corriendo en http://0.0.0.0:3001
2026-08-04T14:26:43.0906538+00:00 ContainerStream: Error al conectar con la base de datos de Azure SQL:  ConnectionError: Failed to connect to :1433 - Could not connect (sequence)
2026-08-04T14:26:43.0906987+00:00 ContainerStream:     at /app/node_modules/mssql/lib/tedious/connection-pool.js:86:17
2026-08-04T14:26:43.0907008+00:00 ContainerStream:     at err (/app/node_modules/tedious/src/connection.ts:1823:9)
2026-08-04T14:26:43.0907028+00:00 ContainerStream:     at Object.onceWrapper (node:events:639:26)
2026-08-04T14:26:43.0907043+00:00 ContainerStream:     at Connection.emit (node:events:524:28)
2026-08-04T14:26:43.0907061+00:00 ContainerStream:     at emit (/app/node_modules/tedious/src/connection.ts:1985:18)
2026-08-04T14:26:43.0907076+00:00 ContainerStream:     at <anonymous> (/app/node_modules/tedious/src/connection.ts:1845:14)
2026-08-04T14:26:43.0907092+00:00 ContainerStream:     at process.processTicksAndRejections (node:internal/process/task_queues:77:11) {
2026-08-04T14:26:43.0907105+00:00 ContainerStream:   code: 'ESOCKET',
2026-08-04T14:26:43.0907224+00:00 ContainerStream:   originalError: ConnectionError: Failed to connect to :1433 - Could not connect (sequence)
2026-08-04T14:26:43.0907240+00:00 ContainerStream:       at wrapSocketError (/app/node_modules/tedious/src/connection.ts:2400:14)
2026-08-04T14:26:43.0907256+00:00 ContainerStream:       at Connection.initialiseConnection (/app/node_modules/tedious/src/connection.ts:2044:20)
2026-08-04T14:26:43.0907272+00:00 ContainerStream:       at process.processTicksAndRejections (node:internal/process/task_queues:95:5) {
2026-08-04T14:26:43.0907286+00:00 ContainerStream:     code: 'ESOCKET',
2026-08-04T14:26:43.0907301+00:00 ContainerStream:     [cause]: AggregateError: Could not connect (sequence)
2026-08-04T14:26:43.0907316+00:00 ContainerStream:         at connectInSequence (/app/node_modules/tedious/src/connector.ts:138:9)
2026-08-04T14:26:43.0907332+00:00 ContainerStream:         at process.processTicksAndRejections (node:internal/process/task_queues:95:5)
2026-08-04T14:26:43.0907348+00:00 ContainerStream:         at async Connection.connectOnPort (/app/node_modules/tedious/src/connection.ts:2246:18)
2026-08-04T14:26:43.0907364+00:00 ContainerStream:         at async Connection.initialiseConnection (/app/node_modules/tedious/src/connection.ts:2040:18) {
2026-08-04T14:26:43.0907377+00:00 ContainerStream:       [errors]: []
2026-08-04T14:26:43.0907389+00:00 ContainerStream:     }
2026-08-04T14:26:43.0907421+00:00 ContainerStream:   }
2026-08-04T14:26:43.0907433+00:00 ContainerStream: }
2026-08-04T14:26:43.1002538+00:00 ContainerStream: node:internal/process/promises:391
2026-08-04T14:26:43.1002965+00:00 ContainerStream:     triggerUncaughtException(err, true /* fromPromise */);
2026-08-04T14:26:43.1002988+00:00 ContainerStream:     ^
2026-08-04T14:26:43.1003008+00:00 ContainerStream: 
2026-08-04T14:26:43.1003033+00:00 ContainerStream: ConnectionError: Failed to connect to :1433 - Could not connect (sequence)
2026-08-04T14:26:43.1003052+00:00 ContainerStream:     at /app/node_modules/mssql/lib/tedious/connection-pool.js:86:17
2026-08-04T14:26:43.1003068+00:00 ContainerStream:     at err (/app/node_modules/tedious/src/connection.ts:1823:9)
2026-08-04T14:26:43.1003082+00:00 ContainerStream:     at Object.onceWrapper (node:events:639:26)
2026-08-04T14:26:43.1003097+00:00 ContainerStream:     at Connection.emit (node:events:524:28)
2026-08-04T14:26:43.1003112+00:00 ContainerStream:     at emit (/app/node_modules/tedious/src/connection.ts:1985:18)
2026-08-04T14:26:43.1003127+00:00 ContainerStream:     at <anonymous> (/app/node_modules/tedious/src/connection.ts:1845:14)
2026-08-04T14:26:43.1003208+00:00 ContainerStream:     at process.processTicksAndRejections (node:internal/process/task_queues:77:11) {
2026-08-04T14:26:43.1003222+00:00 ContainerStream:   code: 'ESOCKET',
2026-08-04T14:26:43.1003239+00:00 ContainerStream:   originalError: ConnectionError: Failed to connect to :1433 - Could not connect (sequence)
2026-08-04T14:26:43.1003259+00:00 ContainerStream:       at wrapSocketError (/app/node_modules/tedious/src/connection.ts:2400:14)
2026-08-04T14:26:43.1003275+00:00 ContainerStream:       at Connection.initialiseConnection (/app/node_modules/tedious/src/connection.ts:2044:20)
2026-08-04T14:26:43.1003292+00:00 ContainerStream:       at process.processTicksAndRejections (node:internal/process/task_queues:95:5) {
2026-08-04T14:26:43.1003304+00:00 ContainerStream:     code: 'ESOCKET',
2026-08-04T14:26:43.1003318+00:00 ContainerStream:     [cause]: AggregateError: Could not connect (sequence)
2026-08-04T14:26:43.1003334+00:00 ContainerStream:         at connectInSequence (/app/node_modules/tedious/src/connector.ts:138:9)
2026-08-04T14:26:43.1003350+00:00 ContainerStream:         at process.processTicksAndRejections (node:internal/process/task_queues:95:5)
2026-08-04T14:26:43.1003366+00:00 ContainerStream:         at async Connection.connectOnPort (/app/node_modules/tedious/src/connection.ts:2246:18)
2026-08-04T14:26:43.1003385+00:00 ContainerStream:         at async Connection.initialiseConnection (/app/node_modules/tedious/src/connection.ts:2040:18) {
2026-08-04T14:26:43.1003423+00:00 ContainerStream:       [errors]: []
2026-08-04T14:26:43.1003436+00:00 ContainerStream:     }
2026-08-04T14:26:43.1003447+00:00 ContainerStream:   }
2026-08-04T14:26:43.1003459+00:00 ContainerStream: }
2026-08-04T14:26:43.1083142+00:00 ContainerStream: 
2026-08-04T14:26:43.1083574+00:00 ContainerStream: Node.js v20.20.2
2026-08-04T14:26:43.6607911+00:00 ContainerStatus: Container has finished running with exit code: 1.
2026-08-04T14:26:43.6611251+00:00 ContainerStatus: Container is terminating. Grace period: 5 seconds.
2026-08-04T14:26:43.6622268+00:00 ContainerStatus: Stop and delete container. Retry count = 0
2026-08-04T14:26:43.6623037+00:00 ContainerStatus: Stopping container: 7a479b885c97_webwin-api-service.
2026-08-04T14:26:43.8123995+00:00 ContainerStatus: Deleting container: 7a479b885c97_webwin-api-service. Retry count = 0
2026-08-04T14:26:44.2542802+00:00 ContainerStatus: Container spec TerminationMessagePolicy  path 
2026-08-04T14:26:44.2555962+00:00 ContainerStatus: Container is terminated. Total time elapsed: 593 ms.
2026-08-04T14:26:44.2557221+00:00 ContainerStatus: Site container: webwin-api-service terminated during site startup.
2026-08-04T14:26:44.2736965+00:00 ContainerStatus: State: Stopping, Action: CancellingStartup, LastError: ContainerStartupFailure, LastErrorTimestamp: 08/04/2026 14:25:05, LastErrorDetails: Container exited with exit code 1 during startup after 31.6s. Please inspect your container logs for more details., Details: Site container: webwin-api-service terminated during site startup. Cancelling site startup., DetailsLevel: ERR
2026-08-04T14:26:44.2757583+00:00 ContainerStatus: Site startup probe failed after 26.5660718 seconds.
2026-08-04T14:26:44.7572154+00:00 ContainerStatus: State: Stopping, Action: CancellingStartup, LastError: ContainerStartupFailure, LastErrorTimestamp: 08/04/2026 14:26:44, LastErrorDetails: Container exited with exit code 1 during startup after 26.9s. Please inspect your container logs for more details., Details: Site container: webwin-api-service terminated during site startup. Cancelling site startup., DetailsLevel: ERR
2026-08-04T14:26:44.7580112+00:00 ContainerStatus: Failed to start site. Revert by stopping site.
2026-08-04T14:26:44.7580979+00:00 ContainerStatus: State: Stopping, Action: StoppingSite, LastError: ContainerStartupFailure, LastErrorTimestamp: 08/04/2026 14:26:44, LastErrorDetails: Container exited with exit code 1 during startup after 26.9s. Please inspect your container logs for more details., Details: Site container: webwin-api-service terminated during site startup. Cancelling site startup., DetailsLevel: ERR
2026-08-04T14:26:44.8162260+00:00 ContainerStatus: State: Stopping, Action: StoppingSiteContainers, LastError: ContainerStartupFailure, LastErrorTimestamp: 08/04/2026 14:26:44, LastErrorDetails: Container exited with exit code 1 during startup after 26.9s. Please inspect your container logs for more details., Details: Site container: webwin-api-service terminated during site startup. Cancelling site startup., DetailsLevel: ERR
2026-08-04T14:26:44.8162686+00:00 ContainerStatus: Site: webwin-api-service stopped.
========== New Cold Start Attempt (2026-08-04T14:26:44.8583101+00:00) ==========
2026-08-04T14:26:44.8583101+00:00 ContainerStatus: State: Stopping, Action: UnmountingVolumes, LastError: ContainerStartupFailure, LastErrorTimestamp: 08/04/2026 14:26:44, LastErrorDetails: Container exited with exit code 1 during startup after 26.9s. Please inspect your container logs for more details., Details: Site container: webwin-api-service terminated during site startup. Cancelling site startup., DetailsLevel: ERR
2026-08-04T14:26:45.4020069+00:00 ContainerStatus: State: Stopping, Action: StoppingSiteNetworks, LastError: ContainerStartupFailure, LastErrorTimestamp: 08/04/2026 14:26:44, LastErrorDetails: Container exited with exit code 1 during startup after 26.9s. Please inspect your container logs for more details., Details: Site container: webwin-api-service terminated during site startup. Cancelling site startup., DetailsLevel: ERR
2026-08-04T14:26:45.8324594+00:00 ContainerStatus: Site: webwin-api-service will be blocked for 1 minutes till 08/04/2026 14:27:45
2026-08-04T14:26:45.8325758+00:00 ContainerStatus: State: Blocked, Action: StoppingSiteNetworks, LastError: ContainerStartupFailure, LastErrorTimestamp: 08/04/2026 14:26:44, LastErrorDetails: Container exited with exit code 1 during startup after 26.9s. Please inspect your container logs for more details., Details: Site: webwin-api-service will be blocked for 1 minutes till 08/04/2026 14:27:45, DetailsLevel: WARN
2026-08-04T14:26:45.8327580+00:00 ContainerStatus: State: Stopped, Action: None, LastError: ContainerStartupFailure, LastErrorTimestamp: 08/04/2026 14:26:44, LastErrorDetails: Container exited with exit code 1 during startup after 26.9s. Please inspect your container logs for more details., Details: Site stopped at 08/04/2026 14:26:45 (UTC), DetailsLevel: WARN
2026-08-04T14:26:46.8572544+00:00 ContainerStatus: State: Stopped, Action: None, LastError: ContainerStartupFailure, LastErrorTimestamp: 08/04/2026 14:26:44, LastErrorDetails: Container exited with exit code 1 during startup after 26.9s. Please inspect your container logs for more details., Details: Site stopped at 08/04/2026 14:26:45 (UTC), DetailsLevel: WARN
2026-08-04T14:26:51.5775984+00:00 ContainerStatus: State: Blocked, Action: None, LastError: ContainerStartupFailure, LastErrorTimestamp: 08/04/2026 14:26:44, LastErrorDetails: Container exited with exit code 1 during startup after 26.9s. Please inspect your container logs for more details., Details: Site is blocked due to multiple, consecutive cold start failures. Site scheduled to be unblocked at 08/04/2026 14:27:45, DetailsLevel: WARN
2026-08-04T14:26:51.5776800+00:00 ContainerStatus: Start site prohibitted because the site is being blocked.
2026-08-04T14:26:56.8394748+00:00 ContainerStatus: State: Blocked, Action: None, LastError: ContainerStartupFailure, LastErrorTimestamp: 08/04/2026 14:26:44, LastErrorDetails: Container exited with exit code 1 during startup after 26.9s. Please inspect your container logs for more details., Details: Site is blocked due to multiple, consecutive cold start failures. Site scheduled to be unblocked at 08/04/2026 14:27:45, DetailsLevel: WARN
2026-08-04T14:26:56.8395635+00:00 ContainerStatus: Start site prohibitted because the site is being blocked.
2026-08-04T14:27:02.0719072+00:00 ContainerStatus: State: Blocked, Action: None, LastError: ContainerStartupFailure, LastErrorTimestamp: 08/04/2026 14:26:44, LastErrorDetails: Container exited with exit code 1 during startup after 26.9s. Please inspect your container logs for more details., Details: Site is blocked due to multiple, consecutive cold start failures. Site scheduled to be unblocked at 08/04/2026 14:27:45, DetailsLevel: WARN
2026-08-04T14:27:02.0719523+00:00 ContainerStatus: Start site prohibitted because the site is being blocked.
2026-08-04T14:27:07.9240087+00:00 ContainerStatus: State: Blocked, Action: None, LastError: ContainerStartupFailure, LastErrorTimestamp: 08/04/2026 14:26:44, LastErrorDetails: Container exited with exit code 1 during startup after 26.9s. Please inspect your container logs for more details., Details: Site is blocked due to multiple, consecutive cold start failures. Site scheduled to be unblocked at 08/04/2026 14:27:45, DetailsLevel: WARN
2026-08-04T14:27:07.9240508+00:00 ContainerStatus: Start site prohibitted because the site is being blocked.
2026-08-04T14:27:13.1514078+00:00 ContainerStatus: State: Blocked, Action: None, LastError: ContainerStartupFailure, LastErrorTimestamp: 08/04/2026 14:26:44, LastErrorDetails: Container exited with exit code 1 during startup after 26.9s. Please inspect your container logs for more details., Details: Site is blocked due to multiple, consecutive cold start failures. Site scheduled to be unblocked at 08/04/2026 14:27:45, DetailsLevel: WARN
2026-08-04T14:27:13.1514391+00:00 ContainerStatus: Start site prohibitted because the site is being blocked.
2026-08-04T14:27:18.3974290+00:00 ContainerStatus: State: Blocked, Action: None, LastError: ContainerStartupFailure, LastErrorTimestamp: 08/04/2026 14:26:44, LastErrorDetails: Container exited with exit code 1 during startup after 26.9s. Please inspect your container logs for more details., Details: Site is blocked due to multiple, consecutive cold start failures. Site scheduled to be unblocked at 08/04/2026 14:27:45, DetailsLevel: WARN
2026-08-04T14:27:18.4049282+00:00 ContainerStatus: Start site prohibitted because the site is being blocked.
2026-08-04T14:27:23.6974878+00:00 ContainerStatus: State: Blocked, Action: None, LastError: ContainerStartupFailure, LastErrorTimestamp: 08/04/2026 14:26:44, LastErrorDetails: Container exited with exit code 1 during startup after 26.9s. Please inspect your container logs for more details., Details: Site is blocked due to multiple, consecutive cold start failures. Site scheduled to be unblocked at 08/04/2026 14:27:45, DetailsLevel: WARN
2026-08-04T14:27:23.6975463+00:00 ContainerStatus: Start site prohibitted because the site is being blocked.
2026-08-04T14:27:28.9212837+00:00 ContainerStatus: State: Blocked, Action: None, LastError: ContainerStartupFailure, LastErrorTimestamp: 08/04/2026 14:26:44, LastErrorDetails: Container exited with exit code 1 during startup after 26.9s. Please inspect your container logs for more details., Details: Site is blocked due to multiple, consecutive cold start failures. Site scheduled to be unblocked at 08/04/2026 14:27:45, DetailsLevel: WARN
2026-08-04T14:27:28.9213178+00:00 ContainerStatus: Start site prohibitted because the site is being blocked.
2026-08-04T14:27:34.0805997+00:00 ContainerStatus: State: Blocked, Action: None, LastError: ContainerStartupFailure, LastErrorTimestamp: 08/04/2026 14:26:44, LastErrorDetails: Container exited with exit code 1 during startup after 26.9s. Please inspect your container logs for more details., Details: Site is blocked due to multiple, consecutive cold start failures. Site scheduled to be unblocked at 08/04/2026 14:27:45, DetailsLevel: WARN
2026-08-04T14:27:34.0806710+00:00 ContainerStatus: Start site prohibitted because the site is being blocked.
2026-08-04T14:27:42.0817946+00:00 ContainerStatus: State: Blocked, Action: None, LastError: ContainerStartupFailure, LastErrorTimestamp: 08/04/2026 14:26:44, LastErrorDetails: Container exited with exit code 1 during startup after 26.9s. Please inspect your container logs for more details., Details: Site is blocked due to multiple, consecutive cold start failures. Site scheduled to be unblocked at 08/04/2026 14:27:45, DetailsLevel: WARN
2026-08-04T14:27:42.0820669+00:00 ContainerStatus: Start site prohibitted because the site is being blocked.
2026-08-04T14:27:45.8382904+00:00 ContainerStatus: Site: webwin-api-service is unblocked.
2026-08-04T14:27:52.1001569+00:00 ContainerStatus: State: Starting, Action: EstablishingSiteNetworks, LastError: ContainerStartupFailure, LastErrorTimestamp: 08/04/2026 14:26:44, LastErrorDetails: Container exited with exit code 1 during startup after 26.9s. Please inspect your container logs for more details., Details: Site is blocked due to multiple, consecutive cold start failures. Site scheduled to be unblocked at 08/04/2026 14:27:45, DetailsLevel: WARN
2026-08-04T14:27:53.6997263+00:00 ContainerStatus: State: Starting, Action: StartingSiteContainers, LastError: ContainerStartupFailure, LastErrorTimestamp: 08/04/2026 14:26:44, LastErrorDetails: Container exited with exit code 1 during startup after 26.9s. Please inspect your container logs for more details., Details: Site is blocked due to multiple, consecutive cold start failures. Site scheduled to be unblocked at 08/04/2026 14:27:45, DetailsLevel: WARN
2026-08-04T14:27:53.6997946+00:00 ContainerStatus: Container start method called.
2026-08-04T14:27:53.6998416+00:00 ContainerStatus: State: Starting, Action: PullingImage, LastError: ContainerStartupFailure, LastErrorTimestamp: 08/04/2026 14:26:44, LastErrorDetails: Container exited with exit code 1 during startup after 26.9s. Please inspect your container logs for more details., Details: Pulling image webwinacr.azurecr.io/webwin-api:latest for webwin-api-service., DetailsLevel: INFO
2026-08-04T14:27:53.6998752+00:00 ContainerStatus: Establishing network.
2026-08-04T14:27:53.6999349+00:00 ContainerStatus: Pulling image: webwinacr.azurecr.io/webwin-api:latest.
2026-08-04T14:27:59.5433469+00:00 ContainerStatus: Container is starting.
2026-08-04T14:27:59.5434922+00:00 ContainerStatus: State: Starting, Action: MountingVolumes, LastError: ContainerStartupFailure, LastErrorTimestamp: 08/04/2026 14:26:44, LastErrorDetails: Container exited with exit code 1 during startup after 26.9s. Please inspect your container logs for more details., Details: Mounting volumes for webwin-api-service., DetailsLevel: INFO
2026-08-04T14:27:59.5435931+00:00 ContainerStatus: Establishing user namespace if not established already.
2026-08-04T14:27:59.5439491+00:00 ContainerStatus: Establishing network if not established already.
2026-08-04T14:27:59.5440470+00:00 ContainerStatus: Mounting volumes.
2026-08-04T14:27:59.5449296+00:00 ContainerStatus: Nested mountpoint volatile/logs
2026-08-04T14:27:59.5834465+00:00 ContainerStatus: Nested mountpoint 
2026-08-04T14:27:59.5852759+00:00 ContainerStatus: Nested mountpoint 
2026-08-04T14:27:59.7954258+00:00 ContainerStatus: State: Starting, Action: CreatingContainer, LastError: ContainerStartupFailure, LastErrorTimestamp: 08/04/2026 14:26:44, LastErrorDetails: Container exited with exit code 1 during startup after 26.9s. Please inspect your container logs for more details., Details: Finished pulling container image and mounting volumes for webwin-api-service. Allocatinng the rest of the container resources to finish container creation., DetailsLevel: INFO
2026-08-04T14:27:59.8041415+00:00 ContainerStatus: Creating container.
2026-08-04T14:27:59.8054772+00:00 ContainerStatus: Creating pipes for streaming container io.
2026-08-04T14:27:59.8060532+00:00 ContainerStatus: Creating stdout named pipe at /podr/container/pipe/8c69992f49f4_webwin-api-service/stdout_9b8551eae92a4e149c9c124a5f195c7b.
2026-08-04T14:27:59.8143882+00:00 ContainerStatus: Successfully created stdout named pipe at: /podr/container/pipe/8c69992f49f4_webwin-api-service/stdout_9b8551eae92a4e149c9c124a5f195c7b.
2026-08-04T14:27:59.8154113+00:00 ContainerStatus: Opening named pipe /podr/container/pipe/8c69992f49f4_webwin-api-service/stdout_9b8551eae92a4e149c9c124a5f195c7b for reading in non-blocking mode.
2026-08-04T14:27:59.8156603+00:00 ContainerStatus: Successfully opened named pipe: /podr/container/pipe/8c69992f49f4_webwin-api-service/stdout_9b8551eae92a4e149c9c124a5f195c7b.
2026-08-04T14:27:59.8160589+00:00 ContainerStatus: Successfully removed non-blocking flag from /podr/container/pipe/8c69992f49f4_webwin-api-service/stdout_9b8551eae92a4e149c9c124a5f195c7b.
2026-08-04T14:27:59.8167207+00:00 ContainerStatus: Creating stderr named pipe at /podr/container/pipe/8c69992f49f4_webwin-api-service/stderr_383e248038e44c65a26e8b7107e517e0.
2026-08-04T14:27:59.8250943+00:00 ContainerStatus: Successfully created stderr named pipe at: /podr/container/pipe/8c69992f49f4_webwin-api-service/stderr_383e248038e44c65a26e8b7107e517e0.
2026-08-04T14:27:59.8257916+00:00 ContainerStatus: Opening named pipe /podr/container/pipe/8c69992f49f4_webwin-api-service/stderr_383e248038e44c65a26e8b7107e517e0 for reading in non-blocking mode.
2026-08-04T14:27:59.8262184+00:00 ContainerStatus: Successfully opened named pipe: /podr/container/pipe/8c69992f49f4_webwin-api-service/stderr_383e248038e44c65a26e8b7107e517e0.
2026-08-04T14:27:59.8266670+00:00 ContainerStatus: Successfully removed non-blocking flag from /podr/container/pipe/8c69992f49f4_webwin-api-service/stderr_383e248038e44c65a26e8b7107e517e0.
2026-08-04T14:27:59.8272046+00:00 ContainerStatus: Creating container with image: webwinacr.azurecr.io/webwin-api:latest from registry: webwinacr.azurecr.io and fully qualified image name: webwinacr.azurecr.io/webwin-api:latest
2026-08-04T14:28:00.3814808+00:00 ContainerStatus: Starting container: 8c69992f49f4_webwin-api-service.
2026-08-04T14:28:00.4521713+00:00 ContainerStatus: Starting watchers and probes.
2026-08-04T14:28:00.4638328+00:00 ContainerStatus: Starting metrics collection.
2026-08-04T14:28:00.4823249+00:00 ContainerStatus: Container is running.
2026-08-04T14:28:00.4824664+00:00 ContainerStatus: State: Starting, Action: CreatingContainer, LastError: ContainerStartupFailure, LastErrorTimestamp: 08/04/2026 14:26:44, LastErrorDetails: Container exited with exit code 1 during startup after 26.9s. Please inspect your container logs for more details., Details: Container webwin-api-service successfully created and is running., DetailsLevel: INFO
2026-08-04T14:28:00.7958444+00:00 ContainerStatus: Container start method finished after 7095 ms.
2026-08-04T14:28:00.8057570+00:00 ContainerStatus: State: Starting, Action: InitiatingSiteWarmUpProbe, LastError: ContainerStartupFailure, LastErrorTimestamp: 08/04/2026 14:26:44, LastErrorDetails: Container exited with exit code 1 during startup after 26.9s. Please inspect your container logs for more details., Details: Container webwin-api-service successfully created and is running., DetailsLevel: INFO
2026-08-04T14:28:00.8061926+00:00 ContainerStatus: State: Starting, Action: WaitingForSiteWarmUpProbeSuccess, LastError: ContainerStartupFailure, LastErrorTimestamp: 08/04/2026 14:26:44, LastErrorDetails: Container exited with exit code 1 during startup after 26.9s. Please inspect your container logs for more details., Details: Pinging warmup path to ensure container is ready to receive requests., DetailsLevel: INFO
2026-08-04T14:28:32.5417608+00:00 ContainerStream: ◇ injected env (0) from .env // tip: ◈ secrets for agents [www.dotenvx.com]
2026-08-04T14:28:32.6609325+00:00 ContainerStream: ◇ injected env (0) from .env // tip: ⌘ suppress logs { quiet: true }
2026-08-04T14:28:32.6622051+00:00 ContainerStream: ◇ injected env (0) from .env // tip: ⌘ suppress logs { quiet: true }
2026-08-04T14:28:32.6932089+00:00 ContainerStream: ◇ injected env (0) from .env // tip: ⌘ enable debugging { debug: true }
2026-08-04T14:28:32.8004667+00:00 ContainerStream: (node:29) [DEP0118] DeprecationWarning: The provided hostname "" is not a valid hostname, and is supported in the dns module solely for compatibility.
2026-08-04T14:28:32.8005017+00:00 ContainerStream: (Use `node --trace-deprecation ...` to show where the warning was created)
2026-08-04T14:28:32.8135633+00:00 ContainerStream: 🚀 Servidor API corriendo en http://0.0.0.0:3001
2026-08-04T14:28:33.5537984+00:00 ContainerStream: Error al conectar con la base de datos de Azure SQL:  ConnectionError: Failed to connect to :1433 - Could not connect (sequence)
2026-08-04T14:28:33.5538671+00:00 ContainerStream:     at /app/node_modules/mssql/lib/tedious/connection-pool.js:86:17
2026-08-04T14:28:33.5538694+00:00 ContainerStream:     at err (/app/node_modules/tedious/src/connection.ts:1823:9)
2026-08-04T14:28:33.5538712+00:00 ContainerStream:     at Object.onceWrapper (node:events:639:26)
2026-08-04T14:28:33.5538728+00:00 ContainerStream:     at Connection.emit (node:events:524:28)
2026-08-04T14:28:33.5538752+00:00 ContainerStream:     at emit (/app/node_modules/tedious/src/connection.ts:1985:18)
2026-08-04T14:28:33.5538768+00:00 ContainerStream:     at <anonymous> (/app/node_modules/tedious/src/connection.ts:1845:14)
2026-08-04T14:28:33.5538784+00:00 ContainerStream:     at process.processTicksAndRejections (node:internal/process/task_queues:77:11) {
2026-08-04T14:28:33.5538797+00:00 ContainerStream:   code: 'ESOCKET',
2026-08-04T14:28:33.5538926+00:00 ContainerStream:   originalError: ConnectionError: Failed to connect to :1433 - Could not connect (sequence)
2026-08-04T14:28:33.5538943+00:00 ContainerStream:       at wrapSocketError (/app/node_modules/tedious/src/connection.ts:2400:14)
2026-08-04T14:28:33.5538960+00:00 ContainerStream:       at Connection.initialiseConnection (/app/node_modules/tedious/src/connection.ts:2044:20)
2026-08-04T14:28:33.5538976+00:00 ContainerStream:       at process.processTicksAndRejections (node:internal/process/task_queues:95:5) {
2026-08-04T14:28:33.5538990+00:00 ContainerStream:     code: 'ESOCKET',
2026-08-04T14:28:33.5539005+00:00 ContainerStream:     [cause]: AggregateError: Could not connect (sequence)
2026-08-04T14:28:33.5539020+00:00 ContainerStream:         at connectInSequence (/app/node_modules/tedious/src/connector.ts:138:9)
2026-08-04T14:28:33.5539036+00:00 ContainerStream:         at process.processTicksAndRejections (node:internal/process/task_queues:95:5)
2026-08-04T14:28:33.5539052+00:00 ContainerStream:         at async Connection.connectOnPort (/app/node_modules/tedious/src/connection.ts:2246:18)
2026-08-04T14:28:33.5539069+00:00 ContainerStream:         at async Connection.initialiseConnection (/app/node_modules/tedious/src/connection.ts:2040:18) {
2026-08-04T14:28:33.5539081+00:00 ContainerStream:       [errors]: []
2026-08-04T14:28:33.5539094+00:00 ContainerStream:     }
2026-08-04T14:28:33.5539129+00:00 ContainerStream:   }
2026-08-04T14:28:33.5539142+00:00 ContainerStream: }
2026-08-04T14:28:33.5724999+00:00 ContainerStream: node:internal/process/promises:391
2026-08-04T14:28:33.5725688+00:00 ContainerStream:     triggerUncaughtException(err, true /* fromPromise */);
2026-08-04T14:28:33.5725708+00:00 ContainerStream:     ^
2026-08-04T14:28:33.5725722+00:00 ContainerStream: 
2026-08-04T14:28:33.5725741+00:00 ContainerStream: ConnectionError: Failed to connect to :1433 - Could not connect (sequence)
2026-08-04T14:28:33.5725757+00:00 ContainerStream:     at /app/node_modules/mssql/lib/tedious/connection-pool.js:86:17
2026-08-04T14:28:33.5725874+00:00 ContainerStream:     at err (/app/node_modules/tedious/src/connection.ts:1823:9)
2026-08-04T14:28:33.5725890+00:00 ContainerStream:     at Object.onceWrapper (node:events:639:26)
2026-08-04T14:28:33.5725903+00:00 ContainerStream:     at Connection.emit (node:events:524:28)
2026-08-04T14:28:33.5725918+00:00 ContainerStream:     at emit (/app/node_modules/tedious/src/connection.ts:1985:18)
2026-08-04T14:28:33.5725935+00:00 ContainerStream:     at <anonymous> (/app/node_modules/tedious/src/connection.ts:1845:14)
2026-08-04T14:28:33.5725951+00:00 ContainerStream:     at process.processTicksAndRejections (node:internal/process/task_queues:77:11) {
2026-08-04T14:28:33.5725964+00:00 ContainerStream:   code: 'ESOCKET',
2026-08-04T14:28:33.5725981+00:00 ContainerStream:   originalError: ConnectionError: Failed to connect to :1433 - Could not connect (sequence)
2026-08-04T14:28:33.5725997+00:00 ContainerStream:       at wrapSocketError (/app/node_modules/tedious/src/connection.ts:2400:14)
2026-08-04T14:28:33.5726013+00:00 ContainerStream:       at Connection.initialiseConnection (/app/node_modules/tedious/src/connection.ts:2044:20)
2026-08-04T14:28:33.5726028+00:00 ContainerStream:       at process.processTicksAndRejections (node:internal/process/task_queues:95:5) {
2026-08-04T14:28:33.5726041+00:00 ContainerStream:     code: 'ESOCKET',
2026-08-04T14:28:33.5726056+00:00 ContainerStream:     [cause]: AggregateError: Could not connect (sequence)
2026-08-04T14:28:33.5726097+00:00 ContainerStream:         at connectInSequence (/app/node_modules/tedious/src/connector.ts:138:9)
2026-08-04T14:28:33.5726113+00:00 ContainerStream:         at process.processTicksAndRejections (node:internal/process/task_queues:95:5)
2026-08-04T14:28:33.5726129+00:00 ContainerStream:         at async Connection.connectOnPort (/app/node_modules/tedious/src/connection.ts:2246:18)
2026-08-04T14:28:33.5726146+00:00 ContainerStream:         at async Connection.initialiseConnection (/app/node_modules/tedious/src/connection.ts:2040:18) {
2026-08-04T14:28:33.5726158+00:00 ContainerStream:       [errors]: []
2026-08-04T14:28:33.5726170+00:00 ContainerStream:     }
2026-08-04T14:28:33.5726182+00:00 ContainerStream:   }
2026-08-04T14:28:33.5726195+00:00 ContainerStream: }
2026-08-04T14:28:33.6017228+00:00 ContainerStream: 
2026-08-04T14:28:33.6017518+00:00 ContainerStream: Node.js v20.20.2
2026-08-04T14:28:34.1623815+00:00 ContainerStatus: Container has finished running with exit code: 1.
2026-08-04T14:28:34.1636750+00:00 ContainerStatus: Container is terminating. Grace period: 5 seconds.
2026-08-04T14:28:34.1829067+00:00 ContainerStatus: Stop and delete container. Retry count = 0
2026-08-04T14:28:34.1917663+00:00 ContainerStatus: Stopping container: 8c69992f49f4_webwin-api-service.
2026-08-04T14:28:34.2727389+00:00 ContainerStatus: Deleting container: 8c69992f49f4_webwin-api-service. Retry count = 0
2026-08-04T14:28:34.6543478+00:00 ContainerStatus: Container spec TerminationMessagePolicy  path 
2026-08-04T14:28:34.6725529+00:00 ContainerStatus: Container is terminated. Total time elapsed: 491 ms.
2026-08-04T14:28:34.6727158+00:00 ContainerStatus: Site container: webwin-api-service terminated during site startup.
2026-08-04T14:28:34.6730979+00:00 ContainerStatus: State: Stopping, Action: CancellingStartup, LastError: ContainerStartupFailure, LastErrorTimestamp: 08/04/2026 14:26:44, LastErrorDetails: Container exited with exit code 1 during startup after 26.9s. Please inspect your container logs for more details., Details: Site container: webwin-api-service terminated during site startup. Cancelling site startup., DetailsLevel: ERR
2026-08-04T14:28:34.6738987+00:00 ContainerStatus: Site startup probe failed after 33.727835 seconds.
2026-08-04T14:28:35.0866757+00:00 ContainerStatus: State: Stopping, Action: CancellingStartup, LastError: ContainerStartupFailure, LastErrorTimestamp: 08/04/2026 14:28:35, LastErrorDetails: Container exited with exit code 1 during startup after 34.2s. Please inspect your container logs for more details., Details: Site container: webwin-api-service terminated during site startup. Cancelling site startup., DetailsLevel: ERR
2026-08-04T14:28:35.0959574+00:00 ContainerStatus: Failed to start site. Revert by stopping site.
2026-08-04T14:28:35.1052899+00:00 ContainerStatus: State: Stopping, Action: StoppingSite, LastError: ContainerStartupFailure, LastErrorTimestamp: 08/04/2026 14:28:35, LastErrorDetails: Container exited with exit code 1 during startup after 34.2s. Please inspect your container logs for more details., Details: Site container: webwin-api-service terminated during site startup. Cancelling site startup., DetailsLevel: ERR
2026-08-04T14:28:35.1057010+00:00 ContainerStatus: State: Stopping, Action: StoppingSiteContainers, LastError: ContainerStartupFailure, LastErrorTimestamp: 08/04/2026 14:28:35, LastErrorDetails: Container exited with exit code 1 during startup after 34.2s. Please inspect your container logs for more details., Details: Site container: webwin-api-service terminated during site startup. Cancelling site startup., DetailsLevel: ERR
2026-08-04T14:28:35.1057265+00:00 ContainerStatus: Site: webwin-api-service stopped.
========== New Cold Start Attempt (2026-08-04T14:28:57.6519110+00:00) ==========
2026-08-04T14:28:57.6519110+00:00 ContainerStatus: State: Starting, Action: EstablishingSiteNetworks, LastError: ContainerStartupFailure, LastErrorTimestamp: 08/04/2026 14:28:35, LastErrorDetails: Container exited with exit code 1 during startup after 34.2s. Please inspect your container logs for more details., Details: Site stopped at 08/04/2026 14:28:36 (UTC), DetailsLevel: WARN
2026-08-04T14:29:00.3701984+00:00 ContainerStatus: State: Starting, Action: StartingSiteContainers, LastError: ContainerStartupFailure, LastErrorTimestamp: 08/04/2026 14:28:35, LastErrorDetails: Container exited with exit code 1 during startup after 34.2s. Please inspect your container logs for more details., Details: Site stopped at 08/04/2026 14:28:36 (UTC), DetailsLevel: WARN
2026-08-04T14:29:00.3702955+00:00 ContainerStatus: Container start method called.
2026-08-04T14:29:00.3703390+00:00 ContainerStatus: State: Starting, Action: PullingImage, LastError: ContainerStartupFailure, LastErrorTimestamp: 08/04/2026 14:28:35, LastErrorDetails: Container exited with exit code 1 during startup after 34.2s. Please inspect your container logs for more details., Details: Pulling image webwinacr.azurecr.io/webwin-api:latest for webwin-api-service., DetailsLevel: INFO
2026-08-04T14:29:00.3703756+00:00 ContainerStatus: Establishing network.
2026-08-04T14:29:00.4001637+00:00 ContainerStatus: Pulling image: webwinacr.azurecr.io/webwin-api:latest.
2026-08-04T14:29:03.3138143+00:00 ContainerStatus: Container is starting.
2026-08-04T14:29:03.3139618+00:00 ContainerStatus: State: Starting, Action: MountingVolumes, LastError: ContainerStartupFailure, LastErrorTimestamp: 08/04/2026 14:28:35, LastErrorDetails: Container exited with exit code 1 during startup after 34.2s. Please inspect your container logs for more details., Details: Mounting volumes for webwin-api-service., DetailsLevel: INFO
2026-08-04T14:29:03.3142446+00:00 ContainerStatus: Establishing user namespace if not established already.
2026-08-04T14:29:03.3143220+00:00 ContainerStatus: Establishing network if not established already.
2026-08-04T14:29:03.3143935+00:00 ContainerStatus: Mounting volumes.
2026-08-04T14:29:03.3147112+00:00 ContainerStatus: Nested mountpoint volatile/logs
2026-08-04T14:29:03.3740528+00:00 ContainerStatus: Nested mountpoint 
2026-08-04T14:29:03.4061127+00:00 ContainerStatus: Nested mountpoint 
2026-08-04T14:29:03.6354134+00:00 ContainerStatus: State: Starting, Action: CreatingContainer, LastError: ContainerStartupFailure, LastErrorTimestamp: 08/04/2026 14:28:35, LastErrorDetails: Container exited with exit code 1 during startup after 34.2s. Please inspect your container logs for more details., Details: Finished pulling container image and mounting volumes for webwin-api-service. Allocatinng the rest of the container resources to finish container creation., DetailsLevel: INFO
2026-08-04T14:29:03.6355898+00:00 ContainerStatus: Creating container.
2026-08-04T14:29:03.6356345+00:00 ContainerStatus: Creating pipes for streaming container io.
2026-08-04T14:29:03.6356956+00:00 ContainerStatus: Creating stdout named pipe at /podr/container/pipe/41cabc5ed085_webwin-api-service/stdout_2a7add51777e4a6dad1018744c5646a3.
2026-08-04T14:29:03.6358417+00:00 ContainerStatus: Successfully created stdout named pipe at: /podr/container/pipe/41cabc5ed085_webwin-api-service/stdout_2a7add51777e4a6dad1018744c5646a3.
2026-08-04T14:29:03.6358824+00:00 ContainerStatus: Opening named pipe /podr/container/pipe/41cabc5ed085_webwin-api-service/stdout_2a7add51777e4a6dad1018744c5646a3 for reading in non-blocking mode.
2026-08-04T14:29:03.6359308+00:00 ContainerStatus: Successfully opened named pipe: /podr/container/pipe/41cabc5ed085_webwin-api-service/stdout_2a7add51777e4a6dad1018744c5646a3.
2026-08-04T14:29:03.6359646+00:00 ContainerStatus: Successfully removed non-blocking flag from /podr/container/pipe/41cabc5ed085_webwin-api-service/stdout_2a7add51777e4a6dad1018744c5646a3.
2026-08-04T14:29:03.7673108+00:00 ContainerStatus: Creating stderr named pipe at /podr/container/pipe/41cabc5ed085_webwin-api-service/stderr_29932d1035e542d1876743a2df06f94b.
2026-08-04T14:29:03.7682877+00:00 ContainerStatus: Successfully created stderr named pipe at: /podr/container/pipe/41cabc5ed085_webwin-api-service/stderr_29932d1035e542d1876743a2df06f94b.
2026-08-04T14:29:03.7758907+00:00 ContainerStatus: Opening named pipe /podr/container/pipe/41cabc5ed085_webwin-api-service/stderr_29932d1035e542d1876743a2df06f94b for reading in non-blocking mode.
2026-08-04T14:29:03.7854024+00:00 ContainerStatus: Successfully opened named pipe: /podr/container/pipe/41cabc5ed085_webwin-api-service/stderr_29932d1035e542d1876743a2df06f94b.
2026-08-04T14:29:03.7855374+00:00 ContainerStatus: Successfully removed non-blocking flag from /podr/container/pipe/41cabc5ed085_webwin-api-service/stderr_29932d1035e542d1876743a2df06f94b.
2026-08-04T14:29:03.7866683+00:00 ContainerStatus: Creating container with image: webwinacr.azurecr.io/webwin-api:latest from registry: webwinacr.azurecr.io and fully qualified image name: webwinacr.azurecr.io/webwin-api:latest
2026-08-04T14:29:04.4808833+00:00 ContainerStatus: Container get mounts received unexpected exception.
2026-08-04T14:29:05.0654540+00:00 ContainerStatus: Starting container: 41cabc5ed085_webwin-api-service.
2026-08-04T14:29:05.2361453+00:00 ContainerStatus: Starting watchers and probes.
2026-08-04T14:29:05.2460814+00:00 ContainerStatus: Starting metrics collection.
2026-08-04T14:29:05.2635545+00:00 ContainerStatus: Container is running.
2026-08-04T14:29:05.2638207+00:00 ContainerStatus: State: Starting, Action: CreatingContainer, LastError: ContainerStartupFailure, LastErrorTimestamp: 08/04/2026 14:28:35, LastErrorDetails: Container exited with exit code 1 during startup after 34.2s. Please inspect your container logs for more details., Details: Container webwin-api-service successfully created and is running., DetailsLevel: INFO
2026-08-04T14:29:05.3772625+00:00 ContainerStatus: Container start method finished after 5006 ms.
2026-08-04T14:29:05.3774058+00:00 ContainerStatus: State: Starting, Action: InitiatingSiteWarmUpProbe, LastError: ContainerStartupFailure, LastErrorTimestamp: 08/04/2026 14:28:35, LastErrorDetails: Container exited with exit code 1 during startup after 34.2s. Please inspect your container logs for more details., Details: Container webwin-api-service successfully created and is running., DetailsLevel: INFO
2026-08-04T14:29:05.4663435+00:00 ContainerStatus: State: Starting, Action: WaitingForSiteWarmUpProbeSuccess, LastError: ContainerStartupFailure, LastErrorTimestamp: 08/04/2026 14:28:35, LastErrorDetails: Container exited with exit code 1 during startup after 34.2s. Please inspect your container logs for more details., Details: Pinging warmup path to ensure container is ready to receive requests., DetailsLevel: INFO
2026-08-04T14:29:41.1056569+00:00 ContainerStream: ◇ injected env (0) from .env // tip: ⌘ custom filepath { path: '/custom/path/.env' }
2026-08-04T14:29:41.2060789+00:00 ContainerStream: ◇ injected env (0) from .env // tip: ◈ secrets for agents [www.dotenvx.com]
2026-08-04T14:29:41.2067956+00:00 ContainerStream: ◇ injected env (0) from .env // tip: ⌘ enable debugging { debug: true }
2026-08-04T14:29:41.2174227+00:00 ContainerStream: ◇ injected env (0) from .env // tip: ◈ encrypted .env [www.dotenvx.com]
2026-08-04T14:29:41.3080554+00:00 ContainerStream: (node:29) [DEP0118] DeprecationWarning: The provided hostname "" is not a valid hostname, and is supported in the dns module solely for compatibility.
2026-08-04T14:29:41.3081097+00:00 ContainerStream: (Use `node --trace-deprecation ...` to show where the warning was created)
2026-08-04T14:29:41.3253182+00:00 ContainerStream: 🚀 Servidor API corriendo en http://0.0.0.0:3001
2026-08-04T14:29:41.6597522+00:00 ContainerStream: Error al conectar con la base de datos de Azure SQL:  ConnectionError: Failed to connect to :1433 - Could not connect (sequence)
2026-08-04T14:29:41.6598091+00:00 ContainerStream:     at /app/node_modules/mssql/lib/tedious/connection-pool.js:86:17
2026-08-04T14:29:41.6598119+00:00 ContainerStream:     at err (/app/node_modules/tedious/src/connection.ts:1823:9)
2026-08-04T14:29:41.6598142+00:00 ContainerStream:     at Object.onceWrapper (node:events:639:26)
2026-08-04T14:29:41.6598271+00:00 ContainerStream:     at Connection.emit (node:events:524:28)
2026-08-04T14:29:41.6598306+00:00 ContainerStream:     at emit (/app/node_modules/tedious/src/connection.ts:1985:18)
2026-08-04T14:29:41.6598327+00:00 ContainerStream:     at <anonymous> (/app/node_modules/tedious/src/connection.ts:1845:14)
2026-08-04T14:29:41.6598347+00:00 ContainerStream:     at process.processTicksAndRejections (node:internal/process/task_queues:77:11) {
2026-08-04T14:29:41.6598365+00:00 ContainerStream:   code: 'ESOCKET',
2026-08-04T14:29:41.6598399+00:00 ContainerStream:   originalError: ConnectionError: Failed to connect to :1433 - Could not connect (sequence)
2026-08-04T14:29:41.6598444+00:00 ContainerStream:       at wrapSocketError (/app/node_modules/tedious/src/connection.ts:2400:14)
2026-08-04T14:29:41.6598467+00:00 ContainerStream:       at Connection.initialiseConnection (/app/node_modules/tedious/src/connection.ts:2044:20)
2026-08-04T14:29:41.6598488+00:00 ContainerStream:       at process.processTicksAndRejections (node:internal/process/task_queues:95:5) {
2026-08-04T14:29:41.6598505+00:00 ContainerStream:     code: 'ESOCKET',
2026-08-04T14:29:41.6598523+00:00 ContainerStream:     [cause]: AggregateError: Could not connect (sequence)
2026-08-04T14:29:41.6598543+00:00 ContainerStream:         at connectInSequence (/app/node_modules/tedious/src/connector.ts:138:9)
2026-08-04T14:29:41.6598564+00:00 ContainerStream:         at process.processTicksAndRejections (node:internal/process/task_queues:95:5)
2026-08-04T14:29:41.6598611+00:00 ContainerStream:         at async Connection.connectOnPort (/app/node_modules/tedious/src/connection.ts:2246:18)
2026-08-04T14:29:41.6598632+00:00 ContainerStream:         at async Connection.initialiseConnection (/app/node_modules/tedious/src/connection.ts:2040:18) {
2026-08-04T14:29:41.6598649+00:00 ContainerStream:       [errors]: []
2026-08-04T14:29:41.6598665+00:00 ContainerStream:     }
2026-08-04T14:29:41.6598681+00:00 ContainerStream:   }
2026-08-04T14:29:41.6598697+00:00 ContainerStream: }
2026-08-04T14:29:41.7490426+00:00 ContainerStream: node:internal/process/promises:391
2026-08-04T14:29:41.7491015+00:00 ContainerStream:     triggerUncaughtException(err, true /* fromPromise */);
2026-08-04T14:29:41.7491041+00:00 ContainerStream:     ^
2026-08-04T14:29:41.7491065+00:00 ContainerStream: 
2026-08-04T14:29:41.7491093+00:00 ContainerStream: ConnectionError: Failed to connect to :1433 - Could not connect (sequence)
2026-08-04T14:29:41.7491116+00:00 ContainerStream:     at /app/node_modules/mssql/lib/tedious/connection-pool.js:86:17
2026-08-04T14:29:41.7491135+00:00 ContainerStream:     at err (/app/node_modules/tedious/src/connection.ts:1823:9)
2026-08-04T14:29:41.7491154+00:00 ContainerStream:     at Object.onceWrapper (node:events:639:26)
2026-08-04T14:29:41.7491268+00:00 ContainerStream:     at Connection.emit (node:events:524:28)
2026-08-04T14:29:41.7491289+00:00 ContainerStream:     at emit (/app/node_modules/tedious/src/connection.ts:1985:18)
2026-08-04T14:29:41.7491309+00:00 ContainerStream:     at <anonymous> (/app/node_modules/tedious/src/connection.ts:1845:14)
2026-08-04T14:29:41.7491329+00:00 ContainerStream:     at process.processTicksAndRejections (node:internal/process/task_queues:77:11) {
2026-08-04T14:29:41.7491347+00:00 ContainerStream:   code: 'ESOCKET',
2026-08-04T14:29:41.7491369+00:00 ContainerStream:   originalError: ConnectionError: Failed to connect to :1433 - Could not connect (sequence)
2026-08-04T14:29:41.7491414+00:00 ContainerStream:       at wrapSocketError (/app/node_modules/tedious/src/connection.ts:2400:14)
2026-08-04T14:29:41.7491435+00:00 ContainerStream:       at Connection.initialiseConnection (/app/node_modules/tedious/src/connection.ts:2044:20)
2026-08-04T14:29:41.7491455+00:00 ContainerStream:       at process.processTicksAndRejections (node:internal/process/task_queues:95:5) {
2026-08-04T14:29:41.7491473+00:00 ContainerStream:     code: 'ESOCKET',
2026-08-04T14:29:41.7491491+00:00 ContainerStream:     [cause]: AggregateError: Could not connect (sequence)
2026-08-04T14:29:41.7491511+00:00 ContainerStream:         at connectInSequence (/app/node_modules/tedious/src/connector.ts:138:9)
2026-08-04T14:29:41.7491531+00:00 ContainerStream:         at process.processTicksAndRejections (node:internal/process/task_queues:95:5)
2026-08-04T14:29:41.7491575+00:00 ContainerStream:         at async Connection.connectOnPort (/app/node_modules/tedious/src/connection.ts:2246:18)
2026-08-04T14:29:41.7491597+00:00 ContainerStream:         at async Connection.initialiseConnection (/app/node_modules/tedious/src/connection.ts:2040:18) {
2026-08-04T14:29:41.7491613+00:00 ContainerStream:       [errors]: []
2026-08-04T14:29:41.7491628+00:00 ContainerStream:     }
2026-08-04T14:29:41.7491644+00:00 ContainerStream:   }
2026-08-04T14:29:41.7491659+00:00 ContainerStream: }
2026-08-04T14:29:41.7502684+00:00 ContainerStream: 
2026-08-04T14:29:41.7502819+00:00 ContainerStream: Node.js v20.20.2
2026-08-04T14:29:42.3827531+00:00 ContainerStatus: Container has finished running with exit code: 1.
2026-08-04T14:29:42.3828874+00:00 ContainerStatus: Container is terminating. Grace period: 5 seconds.
2026-08-04T14:29:42.3834208+00:00 ContainerStatus: Stop and delete container. Retry count = 0
2026-08-04T14:29:42.3834710+00:00 ContainerStatus: Stopping container: 41cabc5ed085_webwin-api-service.
2026-08-04T14:29:42.5930498+00:00 ContainerStatus: Deleting container: 41cabc5ed085_webwin-api-service. Retry count = 0
2026-08-04T14:29:43.1070618+00:00 ContainerStatus: Container spec TerminationMessagePolicy  path 
2026-08-04T14:29:43.1079695+00:00 ContainerStatus: Container is terminated. Total time elapsed: 724 ms.
2026-08-04T14:29:43.1081937+00:00 ContainerStatus: Site container: webwin-api-service terminated during site startup.
2026-08-04T14:29:43.1083165+00:00 ContainerStatus: State: Stopping, Action: CancellingStartup, LastError: ContainerStartupFailure, LastErrorTimestamp: 08/04/2026 14:28:35, LastErrorDetails: Container exited with exit code 1 during startup after 34.2s. Please inspect your container logs for more details., Details: Site container: webwin-api-service terminated during site startup. Cancelling site startup., DetailsLevel: ERR
2026-08-04T14:29:43.1276915+00:00 ContainerStatus: Site startup probe failed after 37.6598543 seconds.
2026-08-04T14:29:43.4079057+00:00 ContainerStatus: State: Stopping, Action: CancellingStartup, LastError: ContainerStartupFailure, LastErrorTimestamp: 08/04/2026 14:29:43, LastErrorDetails: Container exited with exit code 1 during startup after 37.9s. Please inspect your container logs for more details., Details: Site container: webwin-api-service terminated during site startup. Cancelling site startup., DetailsLevel: ERR
2026-08-04T14:29:43.4358626+00:00 ContainerStatus: Failed to start site. Revert by stopping site.
2026-08-04T14:29:43.4361078+00:00 ContainerStatus: State: Stopping, Action: StoppingSite, LastError: ContainerStartupFailure, LastErrorTimestamp: 08/04/2026 14:29:43, LastErrorDetails: Container exited with exit code 1 during startup after 37.9s. Please inspect your container logs for more details., Details: Site container: webwin-api-service terminated during site startup. Cancelling site startup., DetailsLevel: ERR
2026-08-04T14:29:43.4365243+00:00 ContainerStatus: State: Stopping, Action: StoppingSiteContainers, LastError: ContainerStartupFailure, LastErrorTimestamp: 08/04/2026 14:29:43, LastErrorDetails: Container exited with exit code 1 during startup after 37.9s. Please inspect your container logs for more details., Details: Site container: webwin-api-service terminated during site startup. Cancelling site startup., DetailsLevel: ERR
2026-08-04T14:29:43.4365487+00:00 ContainerStatus: Site: webwin-api-service stopped.
========== New Cold Start Attempt (2026-08-04T14:29:43.4754549+00:00) ==========
2026-08-04T14:29:43.4754549+00:00 ContainerStatus: State: Stopping, Action: UnmountingVolumes, LastError: ContainerStartupFailure, LastErrorTimestamp: 08/04/2026 14:29:43, LastErrorDetails: Container exited with exit code 1 during startup after 37.9s. Please inspect your container logs for more details., Details: Site container: webwin-api-service terminated during site startup. Cancelling site startup., DetailsLevel: ERR
2026-08-04T14:29:43.9686391+00:00 ContainerStatus: State: Stopping, Action: StoppingSiteNetworks, LastError: ContainerStartupFailure, LastErrorTimestamp: 08/04/2026 14:29:43, LastErrorDetails: Container exited with exit code 1 during startup after 37.9s. Please inspect your container logs for more details., Details: Site container: webwin-api-service terminated during site startup. Cancelling site startup., DetailsLevel: ERR
2026-08-04T14:29:44.5777921+00:00 ContainerStatus: State: Stopped, Action: None, LastError: ContainerStartupFailure, LastErrorTimestamp: 08/04/2026 14:29:43, LastErrorDetails: Container exited with exit code 1 during startup after 37.9s. Please inspect your container logs for more details., Details: Site stopped at 08/04/2026 14:29:44 (UTC), DetailsLevel: ERR
2026-08-04T14:29:45.7191376+00:00 ContainerStatus: State: Stopped, Action: None, LastError: ContainerStartupFailure, LastErrorTimestamp: 08/04/2026 14:29:43, LastErrorDetails: Container exited with exit code 1 during startup after 37.9s. Please inspect your container logs for more details., Details: Site stopped at 08/04/2026 14:29:44 (UTC), DetailsLevel: ERR
2026-08-04T14:29:46.1399749+00:00 ContainerStatus: State: Starting, Action: EstablishingSiteNetworks, LastError: ContainerStartupFailure, LastErrorTimestamp: 08/04/2026 14:29:43, LastErrorDetails: Container exited with exit code 1 during startup after 37.9s. Please inspect your container logs for more details., Details: Site stopped at 08/04/2026 14:29:44 (UTC), DetailsLevel: ERR
2026-08-04T14:29:49.2388765+00:00 ContainerStatus: State: Starting, Action: StartingSiteContainers, LastError: ContainerStartupFailure, LastErrorTimestamp: 08/04/2026 14:29:43, LastErrorDetails: Container exited with exit code 1 during startup after 37.9s. Please inspect your container logs for more details., Details: Site stopped at 08/04/2026 14:29:44 (UTC), DetailsLevel: ERR
2026-08-04T14:29:49.2389450+00:00 ContainerStatus: Container start method called.
2026-08-04T14:29:49.2389796+00:00 ContainerStatus: State: Starting, Action: PullingImage, LastError: ContainerStartupFailure, LastErrorTimestamp: 08/04/2026 14:29:43, LastErrorDetails: Container exited with exit code 1 during startup after 37.9s. Please inspect your container logs for more details., Details: Pulling image webwinacr.azurecr.io/webwin-api:latest for webwin-api-service., DetailsLevel: INFO
2026-08-04T14:29:49.2390161+00:00 ContainerStatus: Establishing network.
2026-08-04T14:29:49.2778320+00:00 ContainerStatus: Pulling image: webwinacr.azurecr.io/webwin-api:latest.
2026-08-04T14:29:50.5162903+00:00 ContainerStatus: Container is starting.
2026-08-04T14:29:50.5250968+00:00 ContainerStatus: State: Starting, Action: MountingVolumes, LastError: ContainerStartupFailure, LastErrorTimestamp: 08/04/2026 14:29:43, LastErrorDetails: Container exited with exit code 1 during startup after 37.9s. Please inspect your container logs for more details., Details: Mounting volumes for webwin-api-service., DetailsLevel: INFO
2026-08-04T14:29:50.5253591+00:00 ContainerStatus: Establishing user namespace if not established already.
2026-08-04T14:29:50.5255333+00:00 ContainerStatus: Establishing network if not established already.
2026-08-04T14:29:50.5256234+00:00 ContainerStatus: Mounting volumes.
2026-08-04T14:29:50.5257635+00:00 ContainerStatus: Nested mountpoint volatile/logs
2026-08-04T14:29:50.6046313+00:00 ContainerStatus: Nested mountpoint 
2026-08-04T14:29:50.6970176+00:00 ContainerStatus: Nested mountpoint 
2026-08-04T14:29:50.7966951+00:00 ContainerStatus: State: Starting, Action: CreatingContainer, LastError: ContainerStartupFailure, LastErrorTimestamp: 08/04/2026 14:29:43, LastErrorDetails: Container exited with exit code 1 during startup after 37.9s. Please inspect your container logs for more details., Details: Finished pulling container image and mounting volumes for webwin-api-service. Allocatinng the rest of the container resources to finish container creation., DetailsLevel: INFO
2026-08-04T14:29:50.7967583+00:00 ContainerStatus: Creating container.
2026-08-04T14:29:50.7968050+00:00 ContainerStatus: Creating pipes for streaming container io.
2026-08-04T14:29:50.7968484+00:00 ContainerStatus: Creating stdout named pipe at /podr/container/pipe/da65a0960442_webwin-api-service/stdout_89427de33a934365a09d29c07e454584.
2026-08-04T14:29:50.7970104+00:00 ContainerStatus: Successfully created stdout named pipe at: /podr/container/pipe/da65a0960442_webwin-api-service/stdout_89427de33a934365a09d29c07e454584.
2026-08-04T14:29:50.7970454+00:00 ContainerStatus: Opening named pipe /podr/container/pipe/da65a0960442_webwin-api-service/stdout_89427de33a934365a09d29c07e454584 for reading in non-blocking mode.
2026-08-04T14:29:50.7970907+00:00 ContainerStatus: Successfully opened named pipe: /podr/container/pipe/da65a0960442_webwin-api-service/stdout_89427de33a934365a09d29c07e454584.
2026-08-04T14:29:50.7971285+00:00 ContainerStatus: Successfully removed non-blocking flag from /podr/container/pipe/da65a0960442_webwin-api-service/stdout_89427de33a934365a09d29c07e454584.
2026-08-04T14:29:50.8262779+00:00 ContainerStatus: Creating stderr named pipe at /podr/container/pipe/da65a0960442_webwin-api-service/stderr_fbe48c02e5e749dab45be123e17c99c0.
2026-08-04T14:29:50.8264389+00:00 ContainerStatus: Successfully created stderr named pipe at: /podr/container/pipe/da65a0960442_webwin-api-service/stderr_fbe48c02e5e749dab45be123e17c99c0.
2026-08-04T14:29:50.8264751+00:00 ContainerStatus: Opening named pipe /podr/container/pipe/da65a0960442_webwin-api-service/stderr_fbe48c02e5e749dab45be123e17c99c0 for reading in non-blocking mode.
2026-08-04T14:29:50.8266426+00:00 ContainerStatus: Successfully opened named pipe: /podr/container/pipe/da65a0960442_webwin-api-service/stderr_fbe48c02e5e749dab45be123e17c99c0.
2026-08-04T14:29:50.8267032+00:00 ContainerStatus: Successfully removed non-blocking flag from /podr/container/pipe/da65a0960442_webwin-api-service/stderr_fbe48c02e5e749dab45be123e17c99c0.
2026-08-04T14:29:50.8268186+00:00 ContainerStatus: Creating container with image: webwinacr.azurecr.io/webwin-api:latest from registry: webwinacr.azurecr.io and fully qualified image name: webwinacr.azurecr.io/webwin-api:latest
2026-08-04T14:29:51.8918395+00:00 ContainerStatus: Starting container: da65a0960442_webwin-api-service.
2026-08-04T14:29:52.0035382+00:00 ContainerStatus: Starting watchers and probes.
2026-08-04T14:29:52.0038462+00:00 ContainerStatus: Starting metrics collection.
2026-08-04T14:29:52.0041803+00:00 ContainerStatus: Container is running.
2026-08-04T14:29:52.0045456+00:00 ContainerStatus: State: Starting, Action: CreatingContainer, LastError: ContainerStartupFailure, LastErrorTimestamp: 08/04/2026 14:29:43, LastErrorDetails: Container exited with exit code 1 during startup after 37.9s. Please inspect your container logs for more details., Details: Container webwin-api-service successfully created and is running., DetailsLevel: INFO
2026-08-04T14:29:52.1635920+00:00 ContainerStatus: Container start method finished after 2924 ms.
2026-08-04T14:29:52.1637591+00:00 ContainerStatus: State: Starting, Action: InitiatingSiteWarmUpProbe, LastError: ContainerStartupFailure, LastErrorTimestamp: 08/04/2026 14:29:43, LastErrorDetails: Container exited with exit code 1 during startup after 37.9s. Please inspect your container logs for more details., Details: Container webwin-api-service successfully created and is running., DetailsLevel: INFO
2026-08-04T14:29:52.1637789+00:00 ContainerStatus: State: Starting, Action: WaitingForSiteWarmUpProbeSuccess, LastError: ContainerStartupFailure, LastErrorTimestamp: 08/04/2026 14:29:43, LastErrorDetails: Container exited with exit code 1 during startup after 37.9s. Please inspect your container logs for more details., Details: Pinging warmup path to ensure container is ready to receive requests., DetailsLevel: INFO
2026-08-04T14:30:24.0705935+00:00 ContainerStream: ◇ injected env (0) from .env // tip: ◈ secrets for agents [www.dotenvx.com]
2026-08-04T14:30:24.1400110+00:00 ContainerStream: ◇ injected env (0) from .env // tip: ◈ secrets for agents [www.dotenvx.com]
2026-08-04T14:30:24.1407666+00:00 ContainerStream: ◇ injected env (0) from .env // tip: ◈ encrypted .env [www.dotenvx.com]
2026-08-04T14:30:24.1602052+00:00 ContainerStream: ◇ injected env (0) from .env // tip: ⌘ custom filepath { path: '/custom/path/.env' }
2026-08-04T14:30:24.1914622+00:00 ContainerStream: (node:29) [DEP0118] DeprecationWarning: The provided hostname "" is not a valid hostname, and is supported in the dns module solely for compatibility.
2026-08-04T14:30:24.1915170+00:00 ContainerStream: (Use `node --trace-deprecation ...` to show where the warning was created)
2026-08-04T14:30:24.2122398+00:00 ContainerStream: 🚀 Servidor API corriendo en http://0.0.0.0:3001
2026-08-04T14:30:24.5708245+00:00 ContainerStream: Error al conectar con la base de datos de Azure SQL:  ConnectionError: Failed to connect to :1433 - Could not connect (sequence)
2026-08-04T14:30:24.5708846+00:00 ContainerStream:     at /app/node_modules/mssql/lib/tedious/connection-pool.js:86:17
2026-08-04T14:30:24.5708868+00:00 ContainerStream:     at err (/app/node_modules/tedious/src/connection.ts:1823:9)
2026-08-04T14:30:24.5708883+00:00 ContainerStream:     at Object.onceWrapper (node:events:639:26)
2026-08-04T14:30:24.5708897+00:00 ContainerStream:     at Connection.emit (node:events:524:28)
2026-08-04T14:30:24.5708912+00:00 ContainerStream:     at emit (/app/node_modules/tedious/src/connection.ts:1985:18)
2026-08-04T14:30:24.5708940+00:00 ContainerStream:     at <anonymous> (/app/node_modules/tedious/src/connection.ts:1845:14)
2026-08-04T14:30:24.5708962+00:00 ContainerStream:     at process.processTicksAndRejections (node:internal/process/task_queues:77:11) {
2026-08-04T14:30:24.5708975+00:00 ContainerStream:   code: 'ESOCKET',
2026-08-04T14:30:24.5709107+00:00 ContainerStream:   originalError: ConnectionError: Failed to connect to :1433 - Could not connect (sequence)
2026-08-04T14:30:24.5709123+00:00 ContainerStream:       at wrapSocketError (/app/node_modules/tedious/src/connection.ts:2400:14)
2026-08-04T14:30:24.5709139+00:00 ContainerStream:       at Connection.initialiseConnection (/app/node_modules/tedious/src/connection.ts:2044:20)
2026-08-04T14:30:24.5709155+00:00 ContainerStream:       at process.processTicksAndRejections (node:internal/process/task_queues:95:5) {
2026-08-04T14:30:24.5709168+00:00 ContainerStream:     code: 'ESOCKET',
2026-08-04T14:30:24.5709184+00:00 ContainerStream:     [cause]: AggregateError: Could not connect (sequence)
2026-08-04T14:30:24.5709200+00:00 ContainerStream:         at connectInSequence (/app/node_modules/tedious/src/connector.ts:138:9)
2026-08-04T14:30:24.5709215+00:00 ContainerStream:         at process.processTicksAndRejections (node:internal/process/task_queues:95:5)
2026-08-04T14:30:24.5709232+00:00 ContainerStream:         at async Connection.connectOnPort (/app/node_modules/tedious/src/connection.ts:2246:18)
2026-08-04T14:30:24.5709249+00:00 ContainerStream:         at async Connection.initialiseConnection (/app/node_modules/tedious/src/connection.ts:2040:18) {
2026-08-04T14:30:24.5709264+00:00 ContainerStream:       [errors]: []
2026-08-04T14:30:24.5709276+00:00 ContainerStream:     }
2026-08-04T14:30:24.5709304+00:00 ContainerStream:   }
2026-08-04T14:30:24.5709317+00:00 ContainerStream: }
2026-08-04T14:30:24.5734930+00:00 ContainerStream: node:internal/process/promises:391
2026-08-04T14:30:24.5735371+00:00 ContainerStream:     triggerUncaughtException(err, true /* fromPromise */);
2026-08-04T14:30:24.5735400+00:00 ContainerStream:     ^
2026-08-04T14:30:24.5735414+00:00 ContainerStream: 
2026-08-04T14:30:24.5735430+00:00 ContainerStream: ConnectionError: Failed to connect to :1433 - Could not connect (sequence)
2026-08-04T14:30:24.5735446+00:00 ContainerStream:     at /app/node_modules/mssql/lib/tedious/connection-pool.js:86:17
2026-08-04T14:30:24.5735461+00:00 ContainerStream:     at err (/app/node_modules/tedious/src/connection.ts:1823:9)
2026-08-04T14:30:24.5735475+00:00 ContainerStream:     at Object.onceWrapper (node:events:639:26)
2026-08-04T14:30:24.5735489+00:00 ContainerStream:     at Connection.emit (node:events:524:28)
2026-08-04T14:30:24.5735509+00:00 ContainerStream:     at emit (/app/node_modules/tedious/src/connection.ts:1985:18)
2026-08-04T14:30:24.5735525+00:00 ContainerStream:     at <anonymous> (/app/node_modules/tedious/src/connection.ts:1845:14)
2026-08-04T14:30:24.5735618+00:00 ContainerStream:     at process.processTicksAndRejections (node:internal/process/task_queues:77:11) {
2026-08-04T14:30:24.5735633+00:00 ContainerStream:   code: 'ESOCKET',
2026-08-04T14:30:24.5735650+00:00 ContainerStream:   originalError: ConnectionError: Failed to connect to :1433 - Could not connect (sequence)
2026-08-04T14:30:24.5735665+00:00 ContainerStream:       at wrapSocketError (/app/node_modules/tedious/src/connection.ts:2400:14)
2026-08-04T14:30:24.5735682+00:00 ContainerStream:       at Connection.initialiseConnection (/app/node_modules/tedious/src/connection.ts:2044:20)
2026-08-04T14:30:24.5735698+00:00 ContainerStream:       at process.processTicksAndRejections (node:internal/process/task_queues:95:5) {
2026-08-04T14:30:24.5735711+00:00 ContainerStream:     code: 'ESOCKET',
2026-08-04T14:30:24.5735726+00:00 ContainerStream:     [cause]: AggregateError: Could not connect (sequence)
2026-08-04T14:30:24.5735742+00:00 ContainerStream:         at connectInSequence (/app/node_modules/tedious/src/connector.ts:138:9)
2026-08-04T14:30:24.5735757+00:00 ContainerStream:         at process.processTicksAndRejections (node:internal/process/task_queues:95:5)
2026-08-04T14:30:24.5735774+00:00 ContainerStream:         at async Connection.connectOnPort (/app/node_modules/tedious/src/connection.ts:2246:18)
2026-08-04T14:30:24.5735791+00:00 ContainerStream:         at async Connection.initialiseConnection (/app/node_modules/tedious/src/connection.ts:2040:18) {
2026-08-04T14:30:24.5735822+00:00 ContainerStream:       [errors]: []
2026-08-04T14:30:24.5735834+00:00 ContainerStream:     }
2026-08-04T14:30:24.5735846+00:00 ContainerStream:   }
2026-08-04T14:30:24.5735857+00:00 ContainerStream: }
2026-08-04T14:30:24.5817356+00:00 ContainerStream: 
2026-08-04T14:30:24.5817652+00:00 ContainerStream: Node.js v20.20.2
2026-08-04T14:30:25.1820809+00:00 ContainerStatus: Container has finished running with exit code: 1.
2026-08-04T14:30:25.1821574+00:00 ContainerStatus: Container is terminating. Grace period: 5 seconds.
2026-08-04T14:30:25.1824074+00:00 ContainerStatus: Stop and delete container. Retry count = 0
2026-08-04T14:30:25.1824481+00:00 ContainerStatus: Stopping container: da65a0960442_webwin-api-service.
2026-08-04T14:30:25.3746242+00:00 ContainerStatus: Deleting container: da65a0960442_webwin-api-service. Retry count = 0
2026-08-04T14:30:25.8942173+00:00 ContainerStatus: Container spec TerminationMessagePolicy  path 
2026-08-04T14:30:25.8952531+00:00 ContainerStatus: Container is terminated. Total time elapsed: 712 ms.
2026-08-04T14:30:25.8954859+00:00 ContainerStatus: Site container: webwin-api-service terminated during site startup.
2026-08-04T14:30:25.8956054+00:00 ContainerStatus: State: Stopping, Action: CancellingStartup, LastError: ContainerStartupFailure, LastErrorTimestamp: 08/04/2026 14:29:43, LastErrorDetails: Container exited with exit code 1 during startup after 37.9s. Please inspect your container logs for more details., Details: Site container: webwin-api-service terminated during site startup. Cancelling site startup., DetailsLevel: ERR
2026-08-04T14:30:25.9471830+00:00 ContainerStatus: Site startup probe failed after 33.7529009 seconds.
2026-08-04T14:30:26.2469501+00:00 ContainerStatus: State: Stopping, Action: CancellingStartup, LastError: ContainerStartupFailure, LastErrorTimestamp: 08/04/2026 14:30:26, LastErrorDetails: Container exited with exit code 1 during startup after 33.9s. Please inspect your container logs for more details., Details: Site container: webwin-api-service terminated during site startup. Cancelling site startup., DetailsLevel: ERR
2026-08-04T14:30:26.2576753+00:00 ContainerStatus: Failed to start site. Revert by stopping site.
2026-08-04T14:30:26.2676894+00:00 ContainerStatus: State: Stopping, Action: StoppingSite, LastError: ContainerStartupFailure, LastErrorTimestamp: 08/04/2026 14:30:26, LastErrorDetails: Container exited with exit code 1 during startup after 33.9s. Please inspect your container logs for more details., Details: Site container: webwin-api-service terminated during site startup. Cancelling site startup., DetailsLevel: ERR
2026-08-04T14:30:26.2983736+00:00 ContainerStatus: State: Stopping, Action: StoppingSiteContainers, LastError: ContainerStartupFailure, LastErrorTimestamp: 08/04/2026 14:30:26, LastErrorDetails: Container exited with exit code 1 during startup after 33.9s. Please inspect your container logs for more details., Details: Site container: webwin-api-service terminated during site startup. Cancelling site startup., DetailsLevel: ERR
2026-08-04T14:30:26.2984071+00:00 ContainerStatus: Site: webwin-api-service stopped.
========== New Cold Start Attempt (2026-08-04T14:31:47.1609892+00:00) ==========
2026-08-04T14:31:47.1609892+00:00 ContainerStatus: State: Starting, Action: EstablishingSiteNetworks, LastError: ContainerStartupFailure, LastErrorTimestamp: 08/04/2026 14:30:26, LastErrorDetails: Container exited with exit code 1 during startup after 33.9s. Please inspect your container logs for more details., Details: Site is blocked due to multiple, consecutive cold start failures. Site scheduled to be unblocked at 08/04/2026 14:31:27, DetailsLevel: WARN
2026-08-04T14:31:51.5763391+00:00 ContainerStatus: State: Starting, Action: StartingSiteContainers, LastError: ContainerStartupFailure, LastErrorTimestamp: 08/04/2026 14:30:26, LastErrorDetails: Container exited with exit code 1 during startup after 33.9s. Please inspect your container logs for more details., Details: Site is blocked due to multiple, consecutive cold start failures. Site scheduled to be unblocked at 08/04/2026 14:31:27, DetailsLevel: WARN
2026-08-04T14:31:51.5764124+00:00 ContainerStatus: Container start method called.
2026-08-04T14:31:51.5764453+00:00 ContainerStatus: State: Starting, Action: PullingImage, LastError: ContainerStartupFailure, LastErrorTimestamp: 08/04/2026 14:30:26, LastErrorDetails: Container exited with exit code 1 during startup after 33.9s. Please inspect your container logs for more details., Details: Pulling image webwinacr.azurecr.io/webwin-api:latest for webwin-api-service., DetailsLevel: INFO
2026-08-04T14:31:51.5764803+00:00 ContainerStatus: Establishing network.
2026-08-04T14:31:51.5765384+00:00 ContainerStatus: Pulling image: webwinacr.azurecr.io/webwin-api:latest.
2026-08-04T14:31:52.4932132+00:00 ContainerStatus: Container is starting.
2026-08-04T14:31:52.4933053+00:00 ContainerStatus: State: Starting, Action: MountingVolumes, LastError: ContainerStartupFailure, LastErrorTimestamp: 08/04/2026 14:30:26, LastErrorDetails: Container exited with exit code 1 during startup after 33.9s. Please inspect your container logs for more details., Details: Mounting volumes for webwin-api-service., DetailsLevel: INFO
2026-08-04T14:31:52.4933425+00:00 ContainerStatus: Establishing user namespace if not established already.
2026-08-04T14:31:52.4933878+00:00 ContainerStatus: Establishing network if not established already.
2026-08-04T14:31:52.4934394+00:00 ContainerStatus: Mounting volumes.
2026-08-04T14:31:52.4939215+00:00 ContainerStatus: Nested mountpoint volatile/logs
2026-08-04T14:31:52.6113671+00:00 ContainerStatus: Nested mountpoint 
2026-08-04T14:31:52.6128273+00:00 ContainerStatus: Nested mountpoint 
2026-08-04T14:31:52.6748771+00:00 ContainerStatus: State: Starting, Action: CreatingContainer, LastError: ContainerStartupFailure, LastErrorTimestamp: 08/04/2026 14:30:26, LastErrorDetails: Container exited with exit code 1 during startup after 33.9s. Please inspect your container logs for more details., Details: Finished pulling container image and mounting volumes for webwin-api-service. Allocatinng the rest of the container resources to finish container creation., DetailsLevel: INFO
2026-08-04T14:31:52.7835679+00:00 ContainerStatus: Creating container.
2026-08-04T14:31:52.7837114+00:00 ContainerStatus: Creating pipes for streaming container io.
2026-08-04T14:31:52.7837913+00:00 ContainerStatus: Creating stdout named pipe at /podr/container/pipe/3a5f3b9c0b17_webwin-api-service/stdout_0d7e13d185f3408aa7aa1e61a6c72138.
2026-08-04T14:31:52.7840101+00:00 ContainerStatus: Successfully created stdout named pipe at: /podr/container/pipe/3a5f3b9c0b17_webwin-api-service/stdout_0d7e13d185f3408aa7aa1e61a6c72138.
2026-08-04T14:31:52.7840747+00:00 ContainerStatus: Opening named pipe /podr/container/pipe/3a5f3b9c0b17_webwin-api-service/stdout_0d7e13d185f3408aa7aa1e61a6c72138 for reading in non-blocking mode.
2026-08-04T14:31:52.7841678+00:00 ContainerStatus: Successfully opened named pipe: /podr/container/pipe/3a5f3b9c0b17_webwin-api-service/stdout_0d7e13d185f3408aa7aa1e61a6c72138.
2026-08-04T14:31:52.7842327+00:00 ContainerStatus: Successfully removed non-blocking flag from /podr/container/pipe/3a5f3b9c0b17_webwin-api-service/stdout_0d7e13d185f3408aa7aa1e61a6c72138.
2026-08-04T14:31:52.7843831+00:00 ContainerStatus: Creating stderr named pipe at /podr/container/pipe/3a5f3b9c0b17_webwin-api-service/stderr_1a5a7a09591d4619a3f5d312ffe75495.
2026-08-04T14:31:52.7844925+00:00 ContainerStatus: Successfully created stderr named pipe at: /podr/container/pipe/3a5f3b9c0b17_webwin-api-service/stderr_1a5a7a09591d4619a3f5d312ffe75495.
2026-08-04T14:31:52.7845508+00:00 ContainerStatus: Opening named pipe /podr/container/pipe/3a5f3b9c0b17_webwin-api-service/stderr_1a5a7a09591d4619a3f5d312ffe75495 for reading in non-blocking mode.
2026-08-04T14:31:52.7846300+00:00 ContainerStatus: Successfully opened named pipe: /podr/container/pipe/3a5f3b9c0b17_webwin-api-service/stderr_1a5a7a09591d4619a3f5d312ffe75495.
2026-08-04T14:31:52.7846907+00:00 ContainerStatus: Successfully removed non-blocking flag from /podr/container/pipe/3a5f3b9c0b17_webwin-api-service/stderr_1a5a7a09591d4619a3f5d312ffe75495.
2026-08-04T14:31:52.8237534+00:00 ContainerStatus: Creating container with image: webwinacr.azurecr.io/webwin-api:latest from registry: webwinacr.azurecr.io and fully qualified image name: webwinacr.azurecr.io/webwin-api:latest
2026-08-04T14:31:55.8141859+00:00 ContainerStatus: Starting container: 3a5f3b9c0b17_webwin-api-service.
2026-08-04T14:31:56.0948582+00:00 ContainerStatus: Starting watchers and probes.
2026-08-04T14:31:56.0953295+00:00 ContainerStatus: Starting metrics collection.
2026-08-04T14:31:56.0954244+00:00 ContainerStatus: Container is running.
2026-08-04T14:31:56.0955044+00:00 ContainerStatus: State: Starting, Action: CreatingContainer, LastError: ContainerStartupFailure, LastErrorTimestamp: 08/04/2026 14:30:26, LastErrorDetails: Container exited with exit code 1 during startup after 33.9s. Please inspect your container logs for more details., Details: Container webwin-api-service successfully created and is running., DetailsLevel: INFO
2026-08-04T14:31:56.4952344+00:00 ContainerStatus: Container start method finished after 4918 ms.
2026-08-04T14:31:56.4953829+00:00 ContainerStatus: State: Starting, Action: InitiatingSiteWarmUpProbe, LastError: ContainerStartupFailure, LastErrorTimestamp: 08/04/2026 14:30:26, LastErrorDetails: Container exited with exit code 1 during startup after 33.9s. Please inspect your container logs for more details., Details: Container webwin-api-service successfully created and is running., DetailsLevel: INFO
2026-08-04T14:31:56.4954060+00:00 ContainerStatus: State: Starting, Action: WaitingForSiteWarmUpProbeSuccess, LastError: ContainerStartupFailure, LastErrorTimestamp: 08/04/2026 14:30:26, LastErrorDetails: Container exited with exit code 1 during startup after 33.9s. Please inspect your container logs for more details., Details: Pinging warmup path to ensure container is ready to receive requests., DetailsLevel: INFO
2026-08-04T14:32:54.9352771+00:00 ContainerStream: ◇ injected env (0) from .env // tip: ◈ secrets for agents [www.dotenvx.com]
2026-08-04T14:32:55.0562320+00:00 ContainerStream: ◇ injected env (0) from .env // tip: ⌁ auth for agents [www.vestauth.com]
2026-08-04T14:32:55.0577418+00:00 ContainerStream: ◇ injected env (0) from .env // tip: ⌘ custom filepath { path: '/custom/path/.env' }
2026-08-04T14:32:55.0761210+00:00 ContainerStream: ◇ injected env (0) from .env // tip: ◈ secrets for agents [www.dotenvx.com]
2026-08-04T14:32:55.1168810+00:00 ContainerStream: (node:29) [DEP0118] DeprecationWarning: The provided hostname "" is not a valid hostname, and is supported in the dns module solely for compatibility.
2026-08-04T14:32:55.1169472+00:00 ContainerStream: (Use `node --trace-deprecation ...` to show where the warning was created)
2026-08-04T14:32:55.1370828+00:00 ContainerStream: 🚀 Servidor API corriendo en http://0.0.0.0:3001
2026-08-04T14:32:55.4192128+00:00 ContainerStream: Error al conectar con la base de datos de Azure SQL:  ConnectionError: Failed to connect to :1433 - Could not connect (sequence)
2026-08-04T14:32:55.4192777+00:00 ContainerStream:     at /app/node_modules/mssql/lib/tedious/connection-pool.js:86:17
2026-08-04T14:32:55.4192810+00:00 ContainerStream:     at err (/app/node_modules/tedious/src/connection.ts:1823:9)
2026-08-04T14:32:55.4192828+00:00 ContainerStream:     at Object.onceWrapper (node:events:639:26)
2026-08-04T14:32:55.4192959+00:00 ContainerStream:     at Connection.emit (node:events:524:28)
2026-08-04T14:32:55.4192988+00:00 ContainerStream:     at emit (/app/node_modules/tedious/src/connection.ts:1985:18)
2026-08-04T14:32:55.4193008+00:00 ContainerStream:     at <anonymous> (/app/node_modules/tedious/src/connection.ts:1845:14)
2026-08-04T14:32:55.4193028+00:00 ContainerStream:     at process.processTicksAndRejections (node:internal/process/task_queues:77:11) {
2026-08-04T14:32:55.4193046+00:00 ContainerStream:   code: 'ESOCKET',
2026-08-04T14:32:55.4193076+00:00 ContainerStream:   originalError: ConnectionError: Failed to connect to :1433 - Could not connect (sequence)
2026-08-04T14:32:55.4193121+00:00 ContainerStream:       at wrapSocketError (/app/node_modules/tedious/src/connection.ts:2400:14)
2026-08-04T14:32:55.4193141+00:00 ContainerStream:       at Connection.initialiseConnection (/app/node_modules/tedious/src/connection.ts:2044:20)
2026-08-04T14:32:55.4193161+00:00 ContainerStream:       at process.processTicksAndRejections (node:internal/process/task_queues:95:5) {
2026-08-04T14:32:55.4193177+00:00 ContainerStream:     code: 'ESOCKET',
2026-08-04T14:32:55.4193196+00:00 ContainerStream:     [cause]: AggregateError: Could not connect (sequence)
2026-08-04T14:32:55.4193215+00:00 ContainerStream:         at connectInSequence (/app/node_modules/tedious/src/connector.ts:138:9)
2026-08-04T14:32:55.4193240+00:00 ContainerStream:         at process.processTicksAndRejections (node:internal/process/task_queues:95:5)
2026-08-04T14:32:55.4193285+00:00 ContainerStream:         at async Connection.connectOnPort (/app/node_modules/tedious/src/connection.ts:2246:18)
2026-08-04T14:32:55.4193306+00:00 ContainerStream:         at async Connection.initialiseConnection (/app/node_modules/tedious/src/connection.ts:2040:18) {
2026-08-04T14:32:55.4193323+00:00 ContainerStream:       [errors]: []
2026-08-04T14:32:55.4193338+00:00 ContainerStream:     }
2026-08-04T14:32:55.4193354+00:00 ContainerStream:   }
2026-08-04T14:32:55.4193369+00:00 ContainerStream: }
2026-08-04T14:32:55.4405222+00:00 ContainerStream: node:internal/process/promises:391
2026-08-04T14:32:55.4405956+00:00 ContainerStream:     triggerUncaughtException(err, true /* fromPromise */);
2026-08-04T14:32:55.4405982+00:00 ContainerStream:     ^
2026-08-04T14:32:55.4406007+00:00 ContainerStream: 
2026-08-04T14:32:55.4406033+00:00 ContainerStream: ConnectionError: Failed to connect to :1433 - Could not connect (sequence)
2026-08-04T14:32:55.4406052+00:00 ContainerStream:     at /app/node_modules/mssql/lib/tedious/connection-pool.js:86:17
2026-08-04T14:32:55.4587925+00:00 ContainerStream:     at err (/app/node_modules/tedious/src/connection.ts:1823:9)
2026-08-04T14:32:55.4588223+00:00 ContainerStream:     at Object.onceWrapper (node:events:639:26)
2026-08-04T14:32:55.4588321+00:00 ContainerStream:     at Connection.emit (node:events:524:28)
2026-08-04T14:32:55.4588347+00:00 ContainerStream:     at emit (/app/node_modules/tedious/src/connection.ts:1985:18)
2026-08-04T14:32:55.4588374+00:00 ContainerStream:     at <anonymous> (/app/node_modules/tedious/src/connection.ts:1845:14)
2026-08-04T14:32:55.4588397+00:00 ContainerStream:     at process.processTicksAndRejections (node:internal/process/task_queues:77:11) {
2026-08-04T14:32:55.4588417+00:00 ContainerStream:   code: 'ESOCKET',
2026-08-04T14:32:55.4588446+00:00 ContainerStream:   originalError: ConnectionError: Failed to connect to :1433 - Could not connect (sequence)
2026-08-04T14:32:55.4588488+00:00 ContainerStream:       at wrapSocketError (/app/node_modules/tedious/src/connection.ts:2400:14)
2026-08-04T14:32:55.4588513+00:00 ContainerStream:       at Connection.initialiseConnection (/app/node_modules/tedious/src/connection.ts:2044:20)
2026-08-04T14:32:55.4588535+00:00 ContainerStream:       at process.processTicksAndRejections (node:internal/process/task_queues:95:5) {
2026-08-04T14:32:55.4588555+00:00 ContainerStream:     code: 'ESOCKET',
2026-08-04T14:32:55.4588578+00:00 ContainerStream:     [cause]: AggregateError: Could not connect (sequence)
2026-08-04T14:32:55.4588601+00:00 ContainerStream:         at connectInSequence (/app/node_modules/tedious/src/connector.ts:138:9)
2026-08-04T14:32:55.4588624+00:00 ContainerStream:         at process.processTicksAndRejections (node:internal/process/task_queues:95:5)
2026-08-04T14:32:55.4588668+00:00 ContainerStream:         at async Connection.connectOnPort (/app/node_modules/tedious/src/connection.ts:2246:18)
2026-08-04T14:32:55.4588692+00:00 ContainerStream:         at async Connection.initialiseConnection (/app/node_modules/tedious/src/connection.ts:2040:18) {
2026-08-04T14:32:55.4588711+00:00 ContainerStream:       [errors]: []
2026-08-04T14:32:55.4588730+00:00 ContainerStream:     }
2026-08-04T14:32:55.4588750+00:00 ContainerStream:   }
2026-08-04T14:32:55.4588768+00:00 ContainerStream: }
2026-08-04T14:32:55.4589145+00:00 ContainerStream: 
2026-08-04T14:32:55.4589173+00:00 ContainerStream: Node.js v20.20.2
2026-08-04T14:32:56.1543653+00:00 ContainerStatus: Container has finished running with exit code: 1.
2026-08-04T14:32:56.1547418+00:00 ContainerStatus: Container is terminating. Grace period: 5 seconds.
2026-08-04T14:32:56.1634167+00:00 ContainerStatus: Stop and delete container. Retry count = 0
2026-08-04T14:32:56.1634881+00:00 ContainerStatus: Stopping container: 3a5f3b9c0b17_webwin-api-service.
2026-08-04T14:32:56.2846113+00:00 ContainerStatus: Deleting container: 3a5f3b9c0b17_webwin-api-service. Retry count = 0
2026-08-04T14:32:56.6854297+00:00 ContainerStatus: Container spec TerminationMessagePolicy  path 
2026-08-04T14:32:56.6855355+00:00 ContainerStatus: Container is terminated. Total time elapsed: 530 ms.
2026-08-04T14:32:56.6855918+00:00 ContainerStatus: Site container: webwin-api-service terminated during site startup.
2026-08-04T14:32:56.6867737+00:00 ContainerStatus: State: Stopping, Action: CancellingStartup, LastError: ContainerStartupFailure, LastErrorTimestamp: 08/04/2026 14:30:26, LastErrorDetails: Container exited with exit code 1 during startup after 33.9s. Please inspect your container logs for more details., Details: Site container: webwin-api-service terminated during site startup. Cancelling site startup., DetailsLevel: ERR
2026-08-04T14:32:56.7181243+00:00 ContainerStatus: Site startup probe failed after 60.2140343 seconds.
2026-08-04T14:32:57.1503107+00:00 ContainerStatus: State: Stopping, Action: CancellingStartup, LastError: ContainerStartupFailure, LastErrorTimestamp: 08/04/2026 14:32:57, LastErrorDetails: Container exited with exit code 1 during startup after 60.6s. Please inspect your container logs for more details., Details: Site container: webwin-api-service terminated during site startup. Cancelling site startup., DetailsLevel: ERR
2026-08-04T14:32:57.2081254+00:00 ContainerStatus: Failed to start site. Revert by stopping site.
2026-08-04T14:32:57.2091575+00:00 ContainerStatus: State: Stopping, Action: StoppingSite, LastError: ContainerStartupFailure, LastErrorTimestamp: 08/04/2026 14:32:57, LastErrorDetails: Container exited with exit code 1 during startup after 60.6s. Please inspect your container logs for more details., Details: Site container: webwin-api-service terminated during site startup. Cancelling site startup., DetailsLevel: ERR
2026-08-04T14:32:57.2098788+00:00 ContainerStatus: State: Stopping, Action: StoppingSiteContainers, LastError: ContainerStartupFailure, LastErrorTimestamp: 08/04/2026 14:32:57, LastErrorDetails: Container exited with exit code 1 during startup after 60.6s. Please inspect your container logs for more details., Details: Site container: webwin-api-service terminated during site startup. Cancelling site startup., DetailsLevel: ERR
2026-08-04T14:32:57.2098964+00:00 ContainerStatus: Site: webwin-api-service stopped.
========== New Cold Start Attempt (2026-08-04T14:32:57.2989566+00:00) ==========
2026-08-04T14:32:57.2989566+00:00 ContainerStatus: State: Stopping, Action: UnmountingVolumes, LastError: ContainerStartupFailure, LastErrorTimestamp: 08/04/2026 14:32:57, LastErrorDetails: Container exited with exit code 1 during startup after 60.6s. Please inspect your container logs for more details., Details: Site container: webwin-api-service terminated during site startup. Cancelling site startup., DetailsLevel: ERR
2026-08-04T14:32:57.9728755+00:00 ContainerStatus: State: Stopping, Action: StoppingSiteNetworks, LastError: ContainerStartupFailure, LastErrorTimestamp: 08/04/2026 14:32:57, LastErrorDetails: Container exited with exit code 1 during startup after 60.6s. Please inspect your container logs for more details., Details: Site container: webwin-api-service terminated during site startup. Cancelling site startup., DetailsLevel: ERR
2026-08-04T14:32:58.3631957+00:00 ContainerStatus: State: Stopped, Action: None, LastError: ContainerStartupFailure, LastErrorTimestamp: 08/04/2026 14:32:57, LastErrorDetails: Container exited with exit code 1 during startup after 60.6s. Please inspect your container logs for more details., Details: Site stopped at 08/04/2026 14:32:58 (UTC), DetailsLevel: ERR
2026-08-04T14:32:59.4383301+00:00 ContainerStatus: State: Stopped, Action: None, LastError: ContainerStartupFailure, LastErrorTimestamp: 08/04/2026 14:32:57, LastErrorDetails: Container exited with exit code 1 during startup after 60.6s. Please inspect your container logs for more details., Details: Site stopped at 08/04/2026 14:32:58 (UTC), DetailsLevel: ERR
2026-08-04T14:33:00.1203198+00:00 ContainerStatus: State: Starting, Action: EstablishingSiteNetworks, LastError: ContainerStartupFailure, LastErrorTimestamp: 08/04/2026 14:32:57, LastErrorDetails: Container exited with exit code 1 during startup after 60.6s. Please inspect your container logs for more details., Details: Site stopped at 08/04/2026 14:32:58 (UTC), DetailsLevel: ERR
2026-08-04T14:33:02.9068920+00:00 ContainerStatus: State: Starting, Action: StartingSiteContainers, LastError: ContainerStartupFailure, LastErrorTimestamp: 08/04/2026 14:32:57, LastErrorDetails: Container exited with exit code 1 during startup after 60.6s. Please inspect your container logs for more details., Details: Site stopped at 08/04/2026 14:32:58 (UTC), DetailsLevel: ERR
2026-08-04T14:33:02.9069633+00:00 ContainerStatus: Container start method called.
2026-08-04T14:33:02.9069984+00:00 ContainerStatus: State: Starting, Action: PullingImage, LastError: ContainerStartupFailure, LastErrorTimestamp: 08/04/2026 14:32:57, LastErrorDetails: Container exited with exit code 1 during startup after 60.6s. Please inspect your container logs for more details., Details: Pulling image webwinacr.azurecr.io/webwin-api:latest for webwin-api-service., DetailsLevel: INFO
2026-08-04T14:33:02.9070313+00:00 ContainerStatus: Establishing network.
2026-08-04T14:33:02.9070898+00:00 ContainerStatus: Pulling image: webwinacr.azurecr.io/webwin-api:latest.
2026-08-04T14:33:03.6274587+00:00 ContainerStatus: Container is starting.
2026-08-04T14:33:03.6281354+00:00 ContainerStatus: State: Starting, Action: MountingVolumes, LastError: ContainerStartupFailure, LastErrorTimestamp: 08/04/2026 14:32:57, LastErrorDetails: Container exited with exit code 1 during startup after 60.6s. Please inspect your container logs for more details., Details: Mounting volumes for webwin-api-service., DetailsLevel: INFO
2026-08-04T14:33:03.6284925+00:00 ContainerStatus: Establishing user namespace if not established already.
2026-08-04T14:33:03.6363637+00:00 ContainerStatus: Establishing network if not established already.
2026-08-04T14:33:03.6364696+00:00 ContainerStatus: Mounting volumes.
2026-08-04T14:33:03.6365650+00:00 ContainerStatus: Nested mountpoint volatile/logs
2026-08-04T14:33:03.6474853+00:00 ContainerStatus: Nested mountpoint 
2026-08-04T14:33:03.6481677+00:00 ContainerStatus: Nested mountpoint 
2026-08-04T14:33:03.7876317+00:00 ContainerStatus: State: Starting, Action: CreatingContainer, LastError: ContainerStartupFailure, LastErrorTimestamp: 08/04/2026 14:32:57, LastErrorDetails: Container exited with exit code 1 during startup after 60.6s. Please inspect your container logs for more details., Details: Finished pulling container image and mounting volumes for webwin-api-service. Allocatinng the rest of the container resources to finish container creation., DetailsLevel: INFO
2026-08-04T14:33:03.7881415+00:00 ContainerStatus: Creating container.
2026-08-04T14:33:03.7883115+00:00 ContainerStatus: Creating pipes for streaming container io.
2026-08-04T14:33:03.7883985+00:00 ContainerStatus: Creating stdout named pipe at /podr/container/pipe/2c49d8207297_webwin-api-service/stdout_16b6b81e6c404939965fdb54415cb296.
2026-08-04T14:33:03.7887070+00:00 ContainerStatus: Successfully created stdout named pipe at: /podr/container/pipe/2c49d8207297_webwin-api-service/stdout_16b6b81e6c404939965fdb54415cb296.
2026-08-04T14:33:03.7890831+00:00 ContainerStatus: Opening named pipe /podr/container/pipe/2c49d8207297_webwin-api-service/stdout_16b6b81e6c404939965fdb54415cb296 for reading in non-blocking mode.
2026-08-04T14:33:03.7892657+00:00 ContainerStatus: Successfully opened named pipe: /podr/container/pipe/2c49d8207297_webwin-api-service/stdout_16b6b81e6c404939965fdb54415cb296.
2026-08-04T14:33:03.7894813+00:00 ContainerStatus: Successfully removed non-blocking flag from /podr/container/pipe/2c49d8207297_webwin-api-service/stdout_16b6b81e6c404939965fdb54415cb296.
2026-08-04T14:33:03.7992718+00:00 ContainerStatus: Creating stderr named pipe at /podr/container/pipe/2c49d8207297_webwin-api-service/stderr_193f007cdfa04988bba4d3cea51d953c.
2026-08-04T14:33:03.7996744+00:00 ContainerStatus: Successfully created stderr named pipe at: /podr/container/pipe/2c49d8207297_webwin-api-service/stderr_193f007cdfa04988bba4d3cea51d953c.
2026-08-04T14:33:03.7999795+00:00 ContainerStatus: Opening named pipe /podr/container/pipe/2c49d8207297_webwin-api-service/stderr_193f007cdfa04988bba4d3cea51d953c for reading in non-blocking mode.
2026-08-04T14:33:03.8294644+00:00 ContainerStatus: Successfully opened named pipe: /podr/container/pipe/2c49d8207297_webwin-api-service/stderr_193f007cdfa04988bba4d3cea51d953c.
2026-08-04T14:33:03.8295647+00:00 ContainerStatus: Successfully removed non-blocking flag from /podr/container/pipe/2c49d8207297_webwin-api-service/stderr_193f007cdfa04988bba4d3cea51d953c.
2026-08-04T14:33:03.8301864+00:00 ContainerStatus: Creating container with image: webwinacr.azurecr.io/webwin-api:latest from registry: webwinacr.azurecr.io and fully qualified image name: webwinacr.azurecr.io/webwin-api:latest
2026-08-04T14:33:04.3726038+00:00 ContainerStatus: Starting container: 2c49d8207297_webwin-api-service.
2026-08-04T14:33:04.4348236+00:00 ContainerStatus: Starting watchers and probes.
2026-08-04T14:33:04.4548200+00:00 ContainerStatus: Starting metrics collection.
2026-08-04T14:33:04.4621832+00:00 ContainerStatus: Container is running.
2026-08-04T14:33:04.4622993+00:00 ContainerStatus: State: Starting, Action: CreatingContainer, LastError: ContainerStartupFailure, LastErrorTimestamp: 08/04/2026 14:32:57, LastErrorDetails: Container exited with exit code 1 during startup after 60.6s. Please inspect your container logs for more details., Details: Container webwin-api-service successfully created and is running., DetailsLevel: INFO
2026-08-04T14:33:04.6943806+00:00 ContainerStatus: Container start method finished after 1787 ms.
2026-08-04T14:33:04.6945137+00:00 ContainerStatus: State: Starting, Action: InitiatingSiteWarmUpProbe, LastError: ContainerStartupFailure, LastErrorTimestamp: 08/04/2026 14:32:57, LastErrorDetails: Container exited with exit code 1 during startup after 60.6s. Please inspect your container logs for more details., Details: Container webwin-api-service successfully created and is running., DetailsLevel: INFO
2026-08-04T14:33:04.6954918+00:00 ContainerStatus: State: Starting, Action: WaitingForSiteWarmUpProbeSuccess, LastError: ContainerStartupFailure, LastErrorTimestamp: 08/04/2026 14:32:57, LastErrorDetails: Container exited with exit code 1 during startup after 60.6s. Please inspect your container logs for more details., Details: Pinging warmup path to ensure container is ready to receive requests., DetailsLevel: INFO
2026-08-04T14:33:38.0468682+00:00 ContainerStream: ◇ injected env (0) from .env // tip: ⌘ custom filepath { path: '/custom/path/.env' }
2026-08-04T14:33:38.5282730+00:00 ContainerStream: ◇ injected env (0) from .env // tip: ◈ encrypted .env [www.dotenvx.com]
2026-08-04T14:33:38.5395839+00:00 ContainerStream: ◇ injected env (0) from .env // tip: ⌘ override existing { override: true }
2026-08-04T14:33:38.6695540+00:00 ContainerStream: ◇ injected env (0) from .env // tip: ⌘ custom filepath { path: '/custom/path/.env' }
2026-08-04T14:33:38.8495834+00:00 ContainerStream: (node:29) [DEP0118] DeprecationWarning: The provided hostname "" is not a valid hostname, and is supported in the dns module solely for compatibility.
2026-08-04T14:33:38.8496359+00:00 ContainerStream: (Use `node --trace-deprecation ...` to show where the warning was created)
2026-08-04T14:33:38.8699659+00:00 ContainerStream: 🚀 Servidor API corriendo en http://0.0.0.0:3001
2026-08-04T14:33:39.2595611+00:00 ContainerStream: Error al conectar con la base de datos de Azure SQL:  ConnectionError: Failed to connect to :1433 - Could not connect (sequence)
2026-08-04T14:33:39.2596180+00:00 ContainerStream:     at /app/node_modules/mssql/lib/tedious/connection-pool.js:86:17
2026-08-04T14:33:39.2596219+00:00 ContainerStream:     at err (/app/node_modules/tedious/src/connection.ts:1823:9)
2026-08-04T14:33:39.2596235+00:00 ContainerStream:     at Object.onceWrapper (node:events:639:26)
2026-08-04T14:33:39.2596249+00:00 ContainerStream:     at Connection.emit (node:events:524:28)
2026-08-04T14:33:39.2596264+00:00 ContainerStream:     at emit (/app/node_modules/tedious/src/connection.ts:1985:18)
2026-08-04T14:33:39.2596280+00:00 ContainerStream:     at <anonymous> (/app/node_modules/tedious/src/connection.ts:1845:14)
2026-08-04T14:33:39.2596296+00:00 ContainerStream:     at process.processTicksAndRejections (node:internal/process/task_queues:77:11) {
2026-08-04T14:33:39.2596312+00:00 ContainerStream:   code: 'ESOCKET',
2026-08-04T14:33:39.2596437+00:00 ContainerStream:   originalError: ConnectionError: Failed to connect to :1433 - Could not connect (sequence)
2026-08-04T14:33:39.2596452+00:00 ContainerStream:       at wrapSocketError (/app/node_modules/tedious/src/connection.ts:2400:14)
2026-08-04T14:33:39.2596468+00:00 ContainerStream:       at Connection.initialiseConnection (/app/node_modules/tedious/src/connection.ts:2044:20)
2026-08-04T14:33:39.2596484+00:00 ContainerStream:       at process.processTicksAndRejections (node:internal/process/task_queues:95:5) {
2026-08-04T14:33:39.2596497+00:00 ContainerStream:     code: 'ESOCKET',
2026-08-04T14:33:39.2596511+00:00 ContainerStream:     [cause]: AggregateError: Could not connect (sequence)
2026-08-04T14:33:39.2596527+00:00 ContainerStream:         at connectInSequence (/app/node_modules/tedious/src/connector.ts:138:9)
2026-08-04T14:33:39.2596543+00:00 ContainerStream:         at process.processTicksAndRejections (node:internal/process/task_queues:95:5)
2026-08-04T14:33:39.2596559+00:00 ContainerStream:         at async Connection.connectOnPort (/app/node_modules/tedious/src/connection.ts:2246:18)
2026-08-04T14:33:39.2596575+00:00 ContainerStream:         at async Connection.initialiseConnection (/app/node_modules/tedious/src/connection.ts:2040:18) {
2026-08-04T14:33:39.2596589+00:00 ContainerStream:       [errors]: []
2026-08-04T14:33:39.2596601+00:00 ContainerStream:     }
2026-08-04T14:33:39.2596634+00:00 ContainerStream:   }
2026-08-04T14:33:39.2596646+00:00 ContainerStream: }
2026-08-04T14:33:39.3397107+00:00 ContainerStream: node:internal/process/promises:391
2026-08-04T14:33:39.3397652+00:00 ContainerStream:     triggerUncaughtException(err, true /* fromPromise */);
2026-08-04T14:33:39.3397671+00:00 ContainerStream:     ^
2026-08-04T14:33:39.3397688+00:00 ContainerStream: 
2026-08-04T14:33:39.3397714+00:00 ContainerStream: ConnectionError: Failed to connect to :1433 - Could not connect (sequence)
2026-08-04T14:33:39.3397729+00:00 ContainerStream:     at /app/node_modules/mssql/lib/tedious/connection-pool.js:86:17
2026-08-04T14:33:39.3397745+00:00 ContainerStream:     at err (/app/node_modules/tedious/src/connection.ts:1823:9)
2026-08-04T14:33:39.3397759+00:00 ContainerStream:     at Object.onceWrapper (node:events:639:26)
2026-08-04T14:33:39.3397773+00:00 ContainerStream:     at Connection.emit (node:events:524:28)
2026-08-04T14:33:39.3397788+00:00 ContainerStream:     at emit (/app/node_modules/tedious/src/connection.ts:1985:18)
2026-08-04T14:33:39.3397806+00:00 ContainerStream:     at <anonymous> (/app/node_modules/tedious/src/connection.ts:1845:14)
2026-08-04T14:33:39.3397907+00:00 ContainerStream:     at process.processTicksAndRejections (node:internal/process/task_queues:77:11) {
2026-08-04T14:33:39.3397921+00:00 ContainerStream:   code: 'ESOCKET',
2026-08-04T14:33:39.3397937+00:00 ContainerStream:   originalError: ConnectionError: Failed to connect to :1433 - Could not connect (sequence)
2026-08-04T14:33:39.3397953+00:00 ContainerStream:       at wrapSocketError (/app/node_modules/tedious/src/connection.ts:2400:14)
2026-08-04T14:33:39.3397969+00:00 ContainerStream:       at Connection.initialiseConnection (/app/node_modules/tedious/src/connection.ts:2044:20)
2026-08-04T14:33:39.3397986+00:00 ContainerStream:       at process.processTicksAndRejections (node:internal/process/task_queues:95:5) {
2026-08-04T14:33:39.3397999+00:00 ContainerStream:     code: 'ESOCKET',
2026-08-04T14:33:39.3398013+00:00 ContainerStream:     [cause]: AggregateError: Could not connect (sequence)
2026-08-04T14:33:39.3398028+00:00 ContainerStream:         at connectInSequence (/app/node_modules/tedious/src/connector.ts:138:9)
2026-08-04T14:33:39.3398044+00:00 ContainerStream:         at process.processTicksAndRejections (node:internal/process/task_queues:95:5)
2026-08-04T14:33:39.3398060+00:00 ContainerStream:         at async Connection.connectOnPort (/app/node_modules/tedious/src/connection.ts:2246:18)
2026-08-04T14:33:39.3398078+00:00 ContainerStream:         at async Connection.initialiseConnection (/app/node_modules/tedious/src/connection.ts:2040:18) {
2026-08-04T14:33:39.3398113+00:00 ContainerStream:       [errors]: []
2026-08-04T14:33:39.3398125+00:00 ContainerStream:     }
2026-08-04T14:33:39.3398140+00:00 ContainerStream:   }
2026-08-04T14:33:39.3398152+00:00 ContainerStream: }
2026-08-04T14:33:39.3405797+00:00 ContainerStream: 
2026-08-04T14:33:39.3405930+00:00 ContainerStream: Node.js v20.20.2
2026-08-04T14:33:39.8615796+00:00 ContainerStatus: Container has finished running with exit code: 1.
2026-08-04T14:33:39.8617087+00:00 ContainerStatus: Container is terminating. Grace period: 5 seconds.
2026-08-04T14:33:39.8829124+00:00 ContainerStatus: Stop and delete container. Retry count = 0
2026-08-04T14:33:39.8829875+00:00 ContainerStatus: Stopping container: 2c49d8207297_webwin-api-service.
2026-08-04T14:33:39.9916652+00:00 ContainerStatus: Deleting container: 2c49d8207297_webwin-api-service. Retry count = 0
2026-08-04T14:33:40.4243324+00:00 ContainerStatus: Container spec TerminationMessagePolicy  path 
2026-08-04T14:33:40.4247228+00:00 ContainerStatus: Container is terminated. Total time elapsed: 562 ms.
2026-08-04T14:33:40.4254285+00:00 ContainerStatus: Site container: webwin-api-service terminated during site startup.
2026-08-04T14:33:40.4256776+00:00 ContainerStatus: State: Stopping, Action: CancellingStartup, LastError: ContainerStartupFailure, LastErrorTimestamp: 08/04/2026 14:32:57, LastErrorDetails: Container exited with exit code 1 during startup after 60.6s. Please inspect your container logs for more details., Details: Site container: webwin-api-service terminated during site startup. Cancelling site startup., DetailsLevel: ERR
2026-08-04T14:33:40.5447281+00:00 ContainerStatus: Site startup probe failed after 35.8201703 seconds.
2026-08-04T14:33:40.9071417+00:00 ContainerStatus: State: Stopping, Action: CancellingStartup, LastError: ContainerStartupFailure, LastErrorTimestamp: 08/04/2026 14:33:40, LastErrorDetails: Container exited with exit code 1 during startup after 36.0s. Please inspect your container logs for more details., Details: Site container: webwin-api-service terminated during site startup. Cancelling site startup., DetailsLevel: ERR
2026-08-04T14:33:40.9159868+00:00 ContainerStatus: Failed to start site. Revert by stopping site.
2026-08-04T14:33:40.9161846+00:00 ContainerStatus: State: Stopping, Action: StoppingSite, LastError: ContainerStartupFailure, LastErrorTimestamp: 08/04/2026 14:33:40, LastErrorDetails: Container exited with exit code 1 during startup after 36.0s. Please inspect your container logs for more details., Details: Site container: webwin-api-service terminated during site startup. Cancelling site startup., DetailsLevel: ERR
2026-08-04T14:33:40.9165901+00:00 ContainerStatus: State: Stopping, Action: StoppingSiteContainers, LastError: ContainerStartupFailure, LastErrorTimestamp: 08/04/2026 14:33:40, LastErrorDetails: Container exited with exit code 1 during startup after 36.0s. Please inspect your container logs for more details., Details: Site container: webwin-api-service terminated during site startup. Cancelling site startup., DetailsLevel: ERR
2026-08-04T14:33:40.9166071+00:00 ContainerStatus: Site: webwin-api-service stopped.
========== New Cold Start Attempt (2026-08-04T14:33:40.9266315+00:00) ==========
2026-08-04T14:33:40.9266315+00:00 ContainerStatus: State: Stopping, Action: UnmountingVolumes, LastError: ContainerStartupFailure, LastErrorTimestamp: 08/04/2026 14:33:40, LastErrorDetails: Container exited with exit code 1 during startup after 36.0s. Please inspect your container logs for more details., Details: Site container: webwin-api-service terminated during site startup. Cancelling site startup., DetailsLevel: ERR
2026-08-04T14:33:41.6204405+00:00 ContainerStatus: State: Stopping, Action: StoppingSiteNetworks, LastError: ContainerStartupFailure, LastErrorTimestamp: 08/04/2026 14:33:40, LastErrorDetails: Container exited with exit code 1 during startup after 36.0s. Please inspect your container logs for more details., Details: Site container: webwin-api-service terminated during site startup. Cancelling site startup., DetailsLevel: ERR
2026-08-04T14:33:41.9328134+00:00 ContainerStatus: Site: webwin-api-service will be blocked for 1 minutes till 08/04/2026 14:34:41
2026-08-04T14:33:41.9328809+00:00 ContainerStatus: State: Blocked, Action: StoppingSiteNetworks, LastError: ContainerStartupFailure, LastErrorTimestamp: 08/04/2026 14:33:40, LastErrorDetails: Container exited with exit code 1 during startup after 36.0s. Please inspect your container logs for more details., Details: Site: webwin-api-service will be blocked for 1 minutes till 08/04/2026 14:34:41, DetailsLevel: WARN
2026-08-04T14:33:41.9330712+00:00 ContainerStatus: State: Stopped, Action: None, LastError: ContainerStartupFailure, LastErrorTimestamp: 08/04/2026 14:33:40, LastErrorDetails: Container exited with exit code 1 during startup after 36.0s. Please inspect your container logs for more details., Details: Site stopped at 08/04/2026 14:33:41 (UTC), DetailsLevel: WARN
2026-08-04T14:33:42.8981234+00:00 ContainerStatus: State: Stopped, Action: None, LastError: ContainerStartupFailure, LastErrorTimestamp: 08/04/2026 14:33:40, LastErrorDetails: Container exited with exit code 1 during startup after 36.0s. Please inspect your container logs for more details., Details: Site stopped at 08/04/2026 14:33:41 (UTC), DetailsLevel: WARN
2026-08-04T14:33:47.7040719+00:00 ContainerStatus: State: Blocked, Action: None, LastError: ContainerStartupFailure, LastErrorTimestamp: 08/04/2026 14:33:40, LastErrorDetails: Container exited with exit code 1 during startup after 36.0s. Please inspect your container logs for more details., Details: Site is blocked due to multiple, consecutive cold start failures. Site scheduled to be unblocked at 08/04/2026 14:34:41, DetailsLevel: WARN
2026-08-04T14:33:47.7212956+00:00 ContainerStatus: Start site prohibitted because the site is being blocked.
2026-08-04T14:34:41.9329175+00:00 ContainerStatus: Site: webwin-api-service is unblocked.
2026-08-04T14:34:47.4575444+00:00 ContainerStatus: State: Starting, Action: EstablishingSiteNetworks, LastError: ContainerStartupFailure, LastErrorTimestamp: 08/04/2026 14:33:40, LastErrorDetails: Container exited with exit code 1 during startup after 36.0s. Please inspect your container logs for more details., Details: Site is blocked due to multiple, consecutive cold start failures. Site scheduled to be unblocked at 08/04/2026 14:34:41, DetailsLevel: WARN
2026-08-04T14:34:49.2573342+00:00 ContainerStatus: State: Starting, Action: StartingSiteContainers, LastError: ContainerStartupFailure, LastErrorTimestamp: 08/04/2026 14:33:40, LastErrorDetails: Container exited with exit code 1 during startup after 36.0s. Please inspect your container logs for more details., Details: Site is blocked due to multiple, consecutive cold start failures. Site scheduled to be unblocked at 08/04/2026 14:34:41, DetailsLevel: WARN
2026-08-04T14:34:49.2574108+00:00 ContainerStatus: Container start method called.
2026-08-04T14:34:49.2574440+00:00 ContainerStatus: State: Starting, Action: PullingImage, LastError: ContainerStartupFailure, LastErrorTimestamp: 08/04/2026 14:33:40, LastErrorDetails: Container exited with exit code 1 during startup after 36.0s. Please inspect your container logs for more details., Details: Pulling image webwinacr.azurecr.io/webwin-api:latest for webwin-api-service., DetailsLevel: INFO
2026-08-04T14:34:49.2574840+00:00 ContainerStatus: Establishing network.
2026-08-04T14:34:49.2575324+00:00 ContainerStatus: Pulling image: webwinacr.azurecr.io/webwin-api:latest.
2026-08-04T14:34:49.9080694+00:00 ContainerStatus: Container is starting.
2026-08-04T14:34:49.9161988+00:00 ContainerStatus: State: Starting, Action: MountingVolumes, LastError: ContainerStartupFailure, LastErrorTimestamp: 08/04/2026 14:33:40, LastErrorDetails: Container exited with exit code 1 during startup after 36.0s. Please inspect your container logs for more details., Details: Mounting volumes for webwin-api-service., DetailsLevel: INFO
2026-08-04T14:34:49.9169117+00:00 ContainerStatus: Establishing user namespace if not established already.
2026-08-04T14:34:49.9176487+00:00 ContainerStatus: Establishing network if not established already.
2026-08-04T14:34:49.9248860+00:00 ContainerStatus: Mounting volumes.
2026-08-04T14:34:49.9252216+00:00 ContainerStatus: Nested mountpoint volatile/logs
2026-08-04T14:34:49.9471600+00:00 ContainerStatus: Nested mountpoint 
2026-08-04T14:34:49.9570524+00:00 ContainerStatus: Nested mountpoint 
2026-08-04T14:34:50.0559326+00:00 ContainerStatus: State: Starting, Action: CreatingContainer, LastError: ContainerStartupFailure, LastErrorTimestamp: 08/04/2026 14:33:40, LastErrorDetails: Container exited with exit code 1 during startup after 36.0s. Please inspect your container logs for more details., Details: Finished pulling container image and mounting volumes for webwin-api-service. Allocatinng the rest of the container resources to finish container creation., DetailsLevel: INFO
2026-08-04T14:34:50.0562016+00:00 ContainerStatus: Creating container.
2026-08-04T14:34:50.0562975+00:00 ContainerStatus: Creating pipes for streaming container io.
2026-08-04T14:34:50.0563785+00:00 ContainerStatus: Creating stdout named pipe at /podr/container/pipe/8fb5ad4fc345_webwin-api-service/stdout_d46c8a319b814a83b6631de9f4d60243.
2026-08-04T14:34:50.0566312+00:00 ContainerStatus: Successfully created stdout named pipe at: /podr/container/pipe/8fb5ad4fc345_webwin-api-service/stdout_d46c8a319b814a83b6631de9f4d60243.
2026-08-04T14:34:50.0567003+00:00 ContainerStatus: Opening named pipe /podr/container/pipe/8fb5ad4fc345_webwin-api-service/stdout_d46c8a319b814a83b6631de9f4d60243 for reading in non-blocking mode.
2026-08-04T14:34:50.0567862+00:00 ContainerStatus: Successfully opened named pipe: /podr/container/pipe/8fb5ad4fc345_webwin-api-service/stdout_d46c8a319b814a83b6631de9f4d60243.
2026-08-04T14:34:50.0568486+00:00 ContainerStatus: Successfully removed non-blocking flag from /podr/container/pipe/8fb5ad4fc345_webwin-api-service/stdout_d46c8a319b814a83b6631de9f4d60243.
2026-08-04T14:34:50.0981423+00:00 ContainerStatus: Creating stderr named pipe at /podr/container/pipe/8fb5ad4fc345_webwin-api-service/stderr_9a1456d22a504b6f918d12c4048b8e0d.
2026-08-04T14:34:50.0982880+00:00 ContainerStatus: Successfully created stderr named pipe at: /podr/container/pipe/8fb5ad4fc345_webwin-api-service/stderr_9a1456d22a504b6f918d12c4048b8e0d.
2026-08-04T14:34:50.0983312+00:00 ContainerStatus: Opening named pipe /podr/container/pipe/8fb5ad4fc345_webwin-api-service/stderr_9a1456d22a504b6f918d12c4048b8e0d for reading in non-blocking mode.
2026-08-04T14:34:50.0983832+00:00 ContainerStatus: Successfully opened named pipe: /podr/container/pipe/8fb5ad4fc345_webwin-api-service/stderr_9a1456d22a504b6f918d12c4048b8e0d.
2026-08-04T14:34:50.0984193+00:00 ContainerStatus: Successfully removed non-blocking flag from /podr/container/pipe/8fb5ad4fc345_webwin-api-service/stderr_9a1456d22a504b6f918d12c4048b8e0d.
2026-08-04T14:34:50.0985034+00:00 ContainerStatus: Creating container with image: webwinacr.azurecr.io/webwin-api:latest from registry: webwinacr.azurecr.io and fully qualified image name: webwinacr.azurecr.io/webwin-api:latest
2026-08-04T14:34:51.1760811+00:00 ContainerStatus: Starting container: 8fb5ad4fc345_webwin-api-service.
2026-08-04T14:34:51.3189152+00:00 ContainerStatus: Starting watchers and probes.
2026-08-04T14:34:51.3294295+00:00 ContainerStatus: Starting metrics collection.
2026-08-04T14:34:51.3470614+00:00 ContainerStatus: Container is running.
2026-08-04T14:34:51.3472818+00:00 ContainerStatus: State: Starting, Action: CreatingContainer, LastError: ContainerStartupFailure, LastErrorTimestamp: 08/04/2026 14:33:40, LastErrorDetails: Container exited with exit code 1 during startup after 36.0s. Please inspect your container logs for more details., Details: Container webwin-api-service successfully created and is running., DetailsLevel: INFO
2026-08-04T14:34:51.6192316+00:00 ContainerStatus: Container start method finished after 2361 ms.
2026-08-04T14:34:51.6281749+00:00 ContainerStatus: State: Starting, Action: InitiatingSiteWarmUpProbe, LastError: ContainerStartupFailure, LastErrorTimestamp: 08/04/2026 14:33:40, LastErrorDetails: Container exited with exit code 1 during startup after 36.0s. Please inspect your container logs for more details., Details: Container webwin-api-service successfully created and is running., DetailsLevel: INFO
2026-08-04T14:34:51.6283933+00:00 ContainerStatus: State: Starting, Action: WaitingForSiteWarmUpProbeSuccess, LastError: ContainerStartupFailure, LastErrorTimestamp: 08/04/2026 14:33:40, LastErrorDetails: Container exited with exit code 1 during startup after 36.0s. Please inspect your container logs for more details., Details: Pinging warmup path to ensure container is ready to receive requests., DetailsLevel: INFO
2026-08-04T14:35:12.9295658+00:00 ContainerStream: ◇ injected env (0) from .env // tip: ⌘ suppress logs { quiet: true }
2026-08-04T14:35:13.0021217+00:00 ContainerStream: ◇ injected env (0) from .env // tip: ◈ encrypted .env [www.dotenvx.com]
2026-08-04T14:35:13.0196438+00:00 ContainerStream: ◇ injected env (0) from .env // tip: ◈ encrypted .env [www.dotenvx.com]
2026-08-04T14:35:13.0216987+00:00 ContainerStream: ◇ injected env (0) from .env // tip: ⌘ custom filepath { path: '/custom/path/.env' }
2026-08-04T14:35:13.0494542+00:00 ContainerStream: (node:30) [DEP0118] DeprecationWarning: The provided hostname "" is not a valid hostname, and is supported in the dns module solely for compatibility.
2026-08-04T14:35:13.0494803+00:00 ContainerStream: (Use `node --trace-deprecation ...` to show where the warning was created)
2026-08-04T14:35:13.0526412+00:00 ContainerStream: 🚀 Servidor API corriendo en http://0.0.0.0:3001
2026-08-04T14:35:13.4044359+00:00 ContainerStream: Error al conectar con la base de datos de Azure SQL:  ConnectionError: Failed to connect to :1433 - Could not connect (sequence)
2026-08-04T14:35:13.4044809+00:00 ContainerStream:     at /app/node_modules/mssql/lib/tedious/connection-pool.js:86:17
2026-08-04T14:35:13.4044832+00:00 ContainerStream:     at err (/app/node_modules/tedious/src/connection.ts:1823:9)
2026-08-04T14:35:13.4044847+00:00 ContainerStream:     at Object.onceWrapper (node:events:639:26)
2026-08-04T14:35:13.4044862+00:00 ContainerStream:     at Connection.emit (node:events:524:28)
2026-08-04T14:35:13.4044877+00:00 ContainerStream:     at emit (/app/node_modules/tedious/src/connection.ts:1985:18)
2026-08-04T14:35:13.4044894+00:00 ContainerStream:     at <anonymous> (/app/node_modules/tedious/src/connection.ts:1845:14)
2026-08-04T14:35:13.4044919+00:00 ContainerStream:     at process.processTicksAndRejections (node:internal/process/task_queues:77:11) {
2026-08-04T14:35:13.4044932+00:00 ContainerStream:   code: 'ESOCKET',
2026-08-04T14:35:13.4045057+00:00 ContainerStream:   originalError: ConnectionError: Failed to connect to :1433 - Could not connect (sequence)
2026-08-04T14:35:13.4045073+00:00 ContainerStream:       at wrapSocketError (/app/node_modules/tedious/src/connection.ts:2400:14)
2026-08-04T14:35:13.4045094+00:00 ContainerStream:       at Connection.initialiseConnection (/app/node_modules/tedious/src/connection.ts:2044:20)
2026-08-04T14:35:13.4045110+00:00 ContainerStream:       at process.processTicksAndRejections (node:internal/process/task_queues:95:5) {
2026-08-04T14:35:13.4045123+00:00 ContainerStream:     code: 'ESOCKET',
2026-08-04T14:35:13.4045139+00:00 ContainerStream:     [cause]: AggregateError: Could not connect (sequence)
2026-08-04T14:35:13.4045154+00:00 ContainerStream:         at connectInSequence (/app/node_modules/tedious/src/connector.ts:138:9)
2026-08-04T14:35:13.4045170+00:00 ContainerStream:         at process.processTicksAndRejections (node:internal/process/task_queues:95:5)
2026-08-04T14:35:13.4045187+00:00 ContainerStream:         at async Connection.connectOnPort (/app/node_modules/tedious/src/connection.ts:2246:18)
2026-08-04T14:35:13.4045204+00:00 ContainerStream:         at async Connection.initialiseConnection (/app/node_modules/tedious/src/connection.ts:2040:18) {
2026-08-04T14:35:13.4045217+00:00 ContainerStream:       [errors]: []
2026-08-04T14:35:13.4045230+00:00 ContainerStream:     }
2026-08-04T14:35:13.4045267+00:00 ContainerStream:   }
2026-08-04T14:35:13.4045280+00:00 ContainerStream: }
2026-08-04T14:35:13.4339251+00:00 ContainerStream: node:internal/process/promises:391
2026-08-04T14:35:13.4339668+00:00 ContainerStream:     triggerUncaughtException(err, true /* fromPromise */);
2026-08-04T14:35:13.4339690+00:00 ContainerStream:     ^
2026-08-04T14:35:13.4339704+00:00 ContainerStream: 
2026-08-04T14:35:13.4339721+00:00 ContainerStream: ConnectionError: Failed to connect to :1433 - Could not connect (sequence)
2026-08-04T14:35:13.4339736+00:00 ContainerStream:     at /app/node_modules/mssql/lib/tedious/connection-pool.js:86:17
2026-08-04T14:35:13.4339751+00:00 ContainerStream:     at err (/app/node_modules/tedious/src/connection.ts:1823:9)
2026-08-04T14:35:13.4339771+00:00 ContainerStream:     at Object.onceWrapper (node:events:639:26)
2026-08-04T14:35:13.4339786+00:00 ContainerStream:     at Connection.emit (node:events:524:28)
2026-08-04T14:35:13.4339806+00:00 ContainerStream:     at emit (/app/node_modules/tedious/src/connection.ts:1985:18)
2026-08-04T14:35:13.4339821+00:00 ContainerStream:     at <anonymous> (/app/node_modules/tedious/src/connection.ts:1845:14)
2026-08-04T14:35:13.4339910+00:00 ContainerStream:     at process.processTicksAndRejections (node:internal/process/task_queues:77:11) {
2026-08-04T14:35:13.4339926+00:00 ContainerStream:   code: 'ESOCKET',
2026-08-04T14:35:13.4339942+00:00 ContainerStream:   originalError: ConnectionError: Failed to connect to :1433 - Could not connect (sequence)
2026-08-04T14:35:13.4339958+00:00 ContainerStream:       at wrapSocketError (/app/node_modules/tedious/src/connection.ts:2400:14)
2026-08-04T14:35:13.4339974+00:00 ContainerStream:       at Connection.initialiseConnection (/app/node_modules/tedious/src/connection.ts:2044:20)
2026-08-04T14:35:13.4339990+00:00 ContainerStream:       at process.processTicksAndRejections (node:internal/process/task_queues:95:5) {
2026-08-04T14:35:13.4340003+00:00 ContainerStream:     code: 'ESOCKET',
2026-08-04T14:35:13.4340018+00:00 ContainerStream:     [cause]: AggregateError: Could not connect (sequence)
2026-08-04T14:35:13.4340034+00:00 ContainerStream:         at connectInSequence (/app/node_modules/tedious/src/connector.ts:138:9)
2026-08-04T14:35:13.4340051+00:00 ContainerStream:         at process.processTicksAndRejections (node:internal/process/task_queues:95:5)
2026-08-04T14:35:13.4340067+00:00 ContainerStream:         at async Connection.connectOnPort (/app/node_modules/tedious/src/connection.ts:2246:18)
2026-08-04T14:35:13.4340084+00:00 ContainerStream:         at async Connection.initialiseConnection (/app/node_modules/tedious/src/connection.ts:2040:18) {
2026-08-04T14:35:13.4340115+00:00 ContainerStream:       [errors]: []
2026-08-04T14:35:13.4340127+00:00 ContainerStream:     }
2026-08-04T14:35:13.4340139+00:00 ContainerStream:   }
2026-08-04T14:35:13.4340151+00:00 ContainerStream: }
2026-08-04T14:35:13.4416997+00:00 ContainerStream: 
2026-08-04T14:35:13.4417488+00:00 ContainerStream: Node.js v20.20.2
2026-08-04T14:35:14.0788225+00:00 ContainerStatus: Container has finished running with exit code: 1.
2026-08-04T14:35:14.0789371+00:00 ContainerStatus: Container is terminating. Grace period: 5 seconds.
2026-08-04T14:35:14.1074363+00:00 ContainerStatus: Stop and delete container. Retry count = 0
2026-08-04T14:35:14.1075752+00:00 ContainerStatus: Stopping container: 8fb5ad4fc345_webwin-api-service.
2026-08-04T14:35:14.2079872+00:00 ContainerStatus: Deleting container: 8fb5ad4fc345_webwin-api-service. Retry count = 0
2026-08-04T14:35:14.6724070+00:00 ContainerStatus: Container spec TerminationMessagePolicy  path 
2026-08-04T14:35:14.6725320+00:00 ContainerStatus: Container is terminated. Total time elapsed: 593 ms.
2026-08-04T14:35:14.6725734+00:00 ContainerStatus: Site container: webwin-api-service terminated during site startup.
2026-08-04T14:35:14.6726720+00:00 ContainerStatus: State: Stopping, Action: CancellingStartup, LastError: ContainerStartupFailure, LastErrorTimestamp: 08/04/2026 14:33:40, LastErrorDetails: Container exited with exit code 1 during startup after 36.0s. Please inspect your container logs for more details., Details: Site container: webwin-api-service terminated during site startup. Cancelling site startup., DetailsLevel: ERR
2026-08-04T14:35:14.7505014+00:00 ContainerStatus: Site startup probe failed after 23.1141258 seconds.
2026-08-04T14:35:15.0824521+00:00 ContainerStatus: State: Stopping, Action: CancellingStartup, LastError: ContainerStartupFailure, LastErrorTimestamp: 08/04/2026 14:35:15, LastErrorDetails: Container exited with exit code 1 during startup after 23.4s. Please inspect your container logs for more details., Details: Site container: webwin-api-service terminated during site startup. Cancelling site startup., DetailsLevel: ERR
2026-08-04T14:35:15.0854931+00:00 ContainerStatus: Failed to start site. Revert by stopping site.
2026-08-04T14:35:15.1653276+00:00 ContainerStatus: State: Stopping, Action: StoppingSite, LastError: ContainerStartupFailure, LastErrorTimestamp: 08/04/2026 14:35:15, LastErrorDetails: Container exited with exit code 1 during startup after 23.4s. Please inspect your container logs for more details., Details: Site container: webwin-api-service terminated during site startup. Cancelling site startup., DetailsLevel: ERR
2026-08-04T14:35:15.1731104+00:00 ContainerStatus: State: Stopping, Action: StoppingSiteContainers, LastError: ContainerStartupFailure, LastErrorTimestamp: 08/04/2026 14:35:15, LastErrorDetails: Container exited with exit code 1 during startup after 23.4s. Please inspect your container logs for more details., Details: Site container: webwin-api-service terminated during site startup. Cancelling site startup., DetailsLevel: ERR
2026-08-04T14:35:15.1731629+00:00 ContainerStatus: Site: webwin-api-service stopped.
========== New Cold Start Attempt (2026-08-04T14:35:47.7219886+00:00) ==========
2026-08-04T14:35:47.7219886+00:00 ContainerStatus: State: Starting, Action: EstablishingSiteNetworks, LastError: ContainerStartupFailure, LastErrorTimestamp: 08/04/2026 14:35:15, LastErrorDetails: Container exited with exit code 1 during startup after 23.4s. Please inspect your container logs for more details., Details: Site stopped at 08/04/2026 14:35:16 (UTC), DetailsLevel: WARN
2026-08-04T14:35:50.3797549+00:00 ContainerStatus: State: Starting, Action: StartingSiteContainers, LastError: ContainerStartupFailure, LastErrorTimestamp: 08/04/2026 14:35:15, LastErrorDetails: Container exited with exit code 1 during startup after 23.4s. Please inspect your container logs for more details., Details: Site stopped at 08/04/2026 14:35:16 (UTC), DetailsLevel: WARN
2026-08-04T14:35:50.3800043+00:00 ContainerStatus: Container start method called.
2026-08-04T14:35:50.3801025+00:00 ContainerStatus: State: Starting, Action: PullingImage, LastError: ContainerStartupFailure, LastErrorTimestamp: 08/04/2026 14:35:15, LastErrorDetails: Container exited with exit code 1 during startup after 23.4s. Please inspect your container logs for more details., Details: Pulling image webwinacr.azurecr.io/webwin-api:latest for webwin-api-service., DetailsLevel: INFO
2026-08-04T14:35:50.3801781+00:00 ContainerStatus: Establishing network.
2026-08-04T14:35:50.3902221+00:00 ContainerStatus: Pulling image: webwinacr.azurecr.io/webwin-api:latest.
2026-08-04T14:35:51.0965600+00:00 ContainerStatus: Container is starting.
2026-08-04T14:35:51.0966360+00:00 ContainerStatus: State: Starting, Action: MountingVolumes, LastError: ContainerStartupFailure, LastErrorTimestamp: 08/04/2026 14:35:15, LastErrorDetails: Container exited with exit code 1 during startup after 23.4s. Please inspect your container logs for more details., Details: Mounting volumes for webwin-api-service., DetailsLevel: INFO
2026-08-04T14:35:51.0966728+00:00 ContainerStatus: Establishing user namespace if not established already.
2026-08-04T14:35:51.0967057+00:00 ContainerStatus: Establishing network if not established already.
2026-08-04T14:35:51.0967649+00:00 ContainerStatus: Mounting volumes.
2026-08-04T14:35:51.0968401+00:00 ContainerStatus: Nested mountpoint volatile/logs
2026-08-04T14:35:51.1469268+00:00 ContainerStatus: Nested mountpoint 
2026-08-04T14:35:51.2674528+00:00 ContainerStatus: Nested mountpoint 
2026-08-04T14:35:51.5491881+00:00 ContainerStatus: State: Starting, Action: CreatingContainer, LastError: ContainerStartupFailure, LastErrorTimestamp: 08/04/2026 14:35:15, LastErrorDetails: Container exited with exit code 1 during startup after 23.4s. Please inspect your container logs for more details., Details: Finished pulling container image and mounting volumes for webwin-api-service. Allocatinng the rest of the container resources to finish container creation., DetailsLevel: INFO
2026-08-04T14:35:51.5492534+00:00 ContainerStatus: Creating container.
2026-08-04T14:35:51.5492995+00:00 ContainerStatus: Creating pipes for streaming container io.
2026-08-04T14:35:51.5493362+00:00 ContainerStatus: Creating stdout named pipe at /podr/container/pipe/7dd4acd665eb_webwin-api-service/stdout_d14bd6280a9f4f3892bfcef626468719.
2026-08-04T14:35:51.5494553+00:00 ContainerStatus: Successfully created stdout named pipe at: /podr/container/pipe/7dd4acd665eb_webwin-api-service/stdout_d14bd6280a9f4f3892bfcef626468719.
2026-08-04T14:35:51.5494894+00:00 ContainerStatus: Opening named pipe /podr/container/pipe/7dd4acd665eb_webwin-api-service/stdout_d14bd6280a9f4f3892bfcef626468719 for reading in non-blocking mode.
2026-08-04T14:35:51.5495356+00:00 ContainerStatus: Successfully opened named pipe: /podr/container/pipe/7dd4acd665eb_webwin-api-service/stdout_d14bd6280a9f4f3892bfcef626468719.
2026-08-04T14:35:51.5495729+00:00 ContainerStatus: Successfully removed non-blocking flag from /podr/container/pipe/7dd4acd665eb_webwin-api-service/stdout_d14bd6280a9f4f3892bfcef626468719.
2026-08-04T14:35:51.6698875+00:00 ContainerStatus: Creating stderr named pipe at /podr/container/pipe/7dd4acd665eb_webwin-api-service/stderr_b9eddcfb39db4150964ae3cfcdfe1b2d.
2026-08-04T14:35:51.6700525+00:00 ContainerStatus: Successfully created stderr named pipe at: /podr/container/pipe/7dd4acd665eb_webwin-api-service/stderr_b9eddcfb39db4150964ae3cfcdfe1b2d.
2026-08-04T14:35:51.6882932+00:00 ContainerStatus: Opening named pipe /podr/container/pipe/7dd4acd665eb_webwin-api-service/stderr_b9eddcfb39db4150964ae3cfcdfe1b2d for reading in non-blocking mode.
2026-08-04T14:35:51.6887755+00:00 ContainerStatus: Successfully opened named pipe: /podr/container/pipe/7dd4acd665eb_webwin-api-service/stderr_b9eddcfb39db4150964ae3cfcdfe1b2d.
2026-08-04T14:35:51.6888509+00:00 ContainerStatus: Successfully removed non-blocking flag from /podr/container/pipe/7dd4acd665eb_webwin-api-service/stderr_b9eddcfb39db4150964ae3cfcdfe1b2d.
2026-08-04T14:35:51.6889432+00:00 ContainerStatus: Creating container with image: webwinacr.azurecr.io/webwin-api:latest from registry: webwinacr.azurecr.io and fully qualified image name: webwinacr.azurecr.io/webwin-api:latest
2026-08-04T14:35:52.7321875+00:00 ContainerStatus: Starting container: 7dd4acd665eb_webwin-api-service.
2026-08-04T14:35:52.9028832+00:00 ContainerStatus: Starting watchers and probes.
2026-08-04T14:35:52.9054754+00:00 ContainerStatus: Starting metrics collection.
2026-08-04T14:35:52.9335084+00:00 ContainerStatus: Container is running.
2026-08-04T14:35:52.9336164+00:00 ContainerStatus: State: Starting, Action: CreatingContainer, LastError: ContainerStartupFailure, LastErrorTimestamp: 08/04/2026 14:35:15, LastErrorDetails: Container exited with exit code 1 during startup after 23.4s. Please inspect your container logs for more details., Details: Container webwin-api-service successfully created and is running., DetailsLevel: INFO
2026-08-04T14:35:53.3070511+00:00 ContainerStatus: Container start method finished after 2926 ms.
2026-08-04T14:35:53.3072367+00:00 ContainerStatus: State: Starting, Action: InitiatingSiteWarmUpProbe, LastError: ContainerStartupFailure, LastErrorTimestamp: 08/04/2026 14:35:15, LastErrorDetails: Container exited with exit code 1 during startup after 23.4s. Please inspect your container logs for more details., Details: Container webwin-api-service successfully created and is running., DetailsLevel: INFO
2026-08-04T14:35:53.3072576+00:00 ContainerStatus: State: Starting, Action: WaitingForSiteWarmUpProbeSuccess, LastError: ContainerStartupFailure, LastErrorTimestamp: 08/04/2026 14:35:15, LastErrorDetails: Container exited with exit code 1 during startup after 23.4s. Please inspect your container logs for more details., Details: Pinging warmup path to ensure container is ready to receive requests., DetailsLevel: INFO
2026-08-04T14:36:25.1989752+00:00 ContainerStream: ◇ injected env (0) from .env // tip: ◈ secrets for agents [www.dotenvx.com]
2026-08-04T14:36:25.6402763+00:00 ContainerStream: ◇ injected env (0) from .env // tip: ◈ encrypted .env [www.dotenvx.com]
2026-08-04T14:36:25.6506948+00:00 ContainerStream: ◇ injected env (0) from .env // tip: ⌁ auth for agents [www.vestauth.com]
2026-08-04T14:36:25.6699194+00:00 ContainerStream: ◇ injected env (0) from .env // tip: ◈ encrypted .env [www.dotenvx.com]
2026-08-04T14:36:25.7410142+00:00 ContainerStream: (node:29) [DEP0118] DeprecationWarning: The provided hostname "" is not a valid hostname, and is supported in the dns module solely for compatibility.
2026-08-04T14:36:25.7410837+00:00 ContainerStream: (Use `node --trace-deprecation ...` to show where the warning was created)
2026-08-04T14:36:25.7790395+00:00 ContainerStream: 🚀 Servidor API corriendo en http://0.0.0.0:3001
2026-08-04T14:36:26.2492800+00:00 ContainerStream: Error al conectar con la base de datos de Azure SQL:  ConnectionError: Failed to connect to :1433 - Could not connect (sequence)
2026-08-04T14:36:26.2495808+00:00 ContainerStream:     at /app/node_modules/mssql/lib/tedious/connection-pool.js:86:17
2026-08-04T14:36:26.2495845+00:00 ContainerStream:     at err (/app/node_modules/tedious/src/connection.ts:1823:9)
2026-08-04T14:36:26.2495867+00:00 ContainerStream:     at Object.onceWrapper (node:events:639:26)
2026-08-04T14:36:26.2496017+00:00 ContainerStream:     at Connection.emit (node:events:524:28)
2026-08-04T14:36:26.2496056+00:00 ContainerStream:     at emit (/app/node_modules/tedious/src/connection.ts:1985:18)
2026-08-04T14:36:26.2496077+00:00 ContainerStream:     at <anonymous> (/app/node_modules/tedious/src/connection.ts:1845:14)
2026-08-04T14:36:26.2496097+00:00 ContainerStream:     at process.processTicksAndRejections (node:internal/process/task_queues:77:11) {
2026-08-04T14:36:26.2496116+00:00 ContainerStream:   code: 'ESOCKET',
2026-08-04T14:36:26.2496152+00:00 ContainerStream:   originalError: ConnectionError: Failed to connect to :1433 - Could not connect (sequence)
2026-08-04T14:36:26.2496197+00:00 ContainerStream:       at wrapSocketError (/app/node_modules/tedious/src/connection.ts:2400:14)
2026-08-04T14:36:26.2496220+00:00 ContainerStream:       at Connection.initialiseConnection (/app/node_modules/tedious/src/connection.ts:2044:20)
2026-08-04T14:36:26.2496240+00:00 ContainerStream:       at process.processTicksAndRejections (node:internal/process/task_queues:95:5) {
2026-08-04T14:36:26.2496257+00:00 ContainerStream:     code: 'ESOCKET',
2026-08-04T14:36:26.2496276+00:00 ContainerStream:     [cause]: AggregateError: Could not connect (sequence)
2026-08-04T14:36:26.2496297+00:00 ContainerStream:         at connectInSequence (/app/node_modules/tedious/src/connector.ts:138:9)
2026-08-04T14:36:26.2496339+00:00 ContainerStream:         at process.processTicksAndRejections (node:internal/process/task_queues:95:5)
2026-08-04T14:36:26.2496364+00:00 ContainerStream:         at async Connection.connectOnPort (/app/node_modules/tedious/src/connection.ts:2246:18)
2026-08-04T14:36:26.2496385+00:00 ContainerStream:         at async Connection.initialiseConnection (/app/node_modules/tedious/src/connection.ts:2040:18) {
2026-08-04T14:36:26.2496403+00:00 ContainerStream:       [errors]: []
2026-08-04T14:36:26.2496419+00:00 ContainerStream:     }
2026-08-04T14:36:26.2496436+00:00 ContainerStream:   }
2026-08-04T14:36:26.2496452+00:00 ContainerStream: }
2026-08-04T14:36:26.3415177+00:00 ContainerStream: node:internal/process/promises:391
2026-08-04T14:36:26.3415741+00:00 ContainerStream:     triggerUncaughtException(err, true /* fromPromise */);
2026-08-04T14:36:26.3415768+00:00 ContainerStream:     ^
2026-08-04T14:36:26.3415798+00:00 ContainerStream: 
2026-08-04T14:36:26.3415823+00:00 ContainerStream: ConnectionError: Failed to connect to :1433 - Could not connect (sequence)
2026-08-04T14:36:26.3415843+00:00 ContainerStream:     at /app/node_modules/mssql/lib/tedious/connection-pool.js:86:17
2026-08-04T14:36:26.3415873+00:00 ContainerStream:     at err (/app/node_modules/tedious/src/connection.ts:1823:9)
2026-08-04T14:36:26.3416036+00:00 ContainerStream:     at Object.onceWrapper (node:events:639:26)
2026-08-04T14:36:26.3416056+00:00 ContainerStream:     at Connection.emit (node:events:524:28)
2026-08-04T14:36:26.3416076+00:00 ContainerStream:     at emit (/app/node_modules/tedious/src/connection.ts:1985:18)
2026-08-04T14:36:26.3416097+00:00 ContainerStream:     at <anonymous> (/app/node_modules/tedious/src/connection.ts:1845:14)
2026-08-04T14:36:26.3416117+00:00 ContainerStream:     at process.processTicksAndRejections (node:internal/process/task_queues:77:11) {
2026-08-04T14:36:26.3416134+00:00 ContainerStream:   code: 'ESOCKET',
2026-08-04T14:36:26.3416155+00:00 ContainerStream:   originalError: ConnectionError: Failed to connect to :1433 - Could not connect (sequence)
2026-08-04T14:36:26.3416209+00:00 ContainerStream:       at wrapSocketError (/app/node_modules/tedious/src/connection.ts:2400:14)
2026-08-04T14:36:26.3416232+00:00 ContainerStream:       at Connection.initialiseConnection (/app/node_modules/tedious/src/connection.ts:2044:20)
2026-08-04T14:36:26.3416252+00:00 ContainerStream:       at process.processTicksAndRejections (node:internal/process/task_queues:95:5) {
2026-08-04T14:36:26.3416271+00:00 ContainerStream:     code: 'ESOCKET',
2026-08-04T14:36:26.3416290+00:00 ContainerStream:     [cause]: AggregateError: Could not connect (sequence)
2026-08-04T14:36:26.3416310+00:00 ContainerStream:         at connectInSequence (/app/node_modules/tedious/src/connector.ts:138:9)
2026-08-04T14:36:26.3416330+00:00 ContainerStream:         at process.processTicksAndRejections (node:internal/process/task_queues:95:5)
2026-08-04T14:36:26.3416374+00:00 ContainerStream:         at async Connection.connectOnPort (/app/node_modules/tedious/src/connection.ts:2246:18)
2026-08-04T14:36:26.3416396+00:00 ContainerStream:         at async Connection.initialiseConnection (/app/node_modules/tedious/src/connection.ts:2040:18) {
2026-08-04T14:36:26.3416414+00:00 ContainerStream:       [errors]: []
2026-08-04T14:36:26.3416435+00:00 ContainerStream:     }
2026-08-04T14:36:26.3416452+00:00 ContainerStream:   }
2026-08-04T14:36:26.3416468+00:00 ContainerStream: }
2026-08-04T14:36:26.3599949+00:00 ContainerStream: 
2026-08-04T14:36:26.3600345+00:00 ContainerStream: Node.js v20.20.2
2026-08-04T14:36:27.0051690+00:00 ContainerStatus: Container has finished running with exit code: 1.
2026-08-04T14:36:27.0133479+00:00 ContainerStatus: Container is terminating. Grace period: 5 seconds.
2026-08-04T14:36:27.0147865+00:00 ContainerStatus: Stop and delete container. Retry count = 0
2026-08-04T14:36:27.0149126+00:00 ContainerStatus: Stopping container: 7dd4acd665eb_webwin-api-service.
2026-08-04T14:36:27.1045093+00:00 ContainerStatus: Deleting container: 7dd4acd665eb_webwin-api-service. Retry count = 0
2026-08-04T14:36:27.7275099+00:00 ContainerStatus: Container spec TerminationMessagePolicy  path 
2026-08-04T14:36:27.7276159+00:00 ContainerStatus: Container is terminated. Total time elapsed: 714 ms.
2026-08-04T14:36:27.7276729+00:00 ContainerStatus: Site container: webwin-api-service terminated during site startup.
2026-08-04T14:36:27.7755692+00:00 ContainerStatus: State: Stopping, Action: CancellingStartup, LastError: ContainerStartupFailure, LastErrorTimestamp: 08/04/2026 14:35:15, LastErrorDetails: Container exited with exit code 1 during startup after 23.4s. Please inspect your container logs for more details., Details: Site container: webwin-api-service terminated during site startup. Cancelling site startup., DetailsLevel: ERR
2026-08-04T14:36:27.8571732+00:00 ContainerStatus: Site startup probe failed after 34.5197119 seconds.
2026-08-04T14:36:28.1098562+00:00 ContainerStatus: State: Stopping, Action: CancellingStartup, LastError: ContainerStartupFailure, LastErrorTimestamp: 08/04/2026 14:36:28, LastErrorDetails: Container exited with exit code 1 during startup after 34.8s. Please inspect your container logs for more details., Details: Site container: webwin-api-service terminated during site startup. Cancelling site startup., DetailsLevel: ERR
2026-08-04T14:36:28.1299277+00:00 ContainerStatus: Failed to start site. Revert by stopping site.
2026-08-04T14:36:28.1304571+00:00 ContainerStatus: State: Stopping, Action: StoppingSite, LastError: ContainerStartupFailure, LastErrorTimestamp: 08/04/2026 14:36:28, LastErrorDetails: Container exited with exit code 1 during startup after 34.8s. Please inspect your container logs for more details., Details: Site container: webwin-api-service terminated during site startup. Cancelling site startup., DetailsLevel: ERR
2026-08-04T14:36:28.1582403+00:00 ContainerStatus: State: Stopping, Action: StoppingSiteContainers, LastError: ContainerStartupFailure, LastErrorTimestamp: 08/04/2026 14:36:28, LastErrorDetails: Container exited with exit code 1 during startup after 34.8s. Please inspect your container logs for more details., Details: Site container: webwin-api-service terminated during site startup. Cancelling site startup., DetailsLevel: ERR
2026-08-04T14:36:28.1582860+00:00 ContainerStatus: Site: webwin-api-service stopped.
========== New Cold Start Attempt (2026-08-04T14:36:28.1807975+00:00) ==========
2026-08-04T14:36:28.1807975+00:00 ContainerStatus: State: Stopping, Action: UnmountingVolumes, LastError: ContainerStartupFailure, LastErrorTimestamp: 08/04/2026 14:36:28, LastErrorDetails: Container exited with exit code 1 during startup after 34.8s. Please inspect your container logs for more details., Details: Site container: webwin-api-service terminated during site startup. Cancelling site startup., DetailsLevel: ERR
2026-08-04T14:36:28.6438595+00:00 ContainerStatus: State: Stopping, Action: StoppingSiteNetworks, LastError: ContainerStartupFailure, LastErrorTimestamp: 08/04/2026 14:36:28, LastErrorDetails: Container exited with exit code 1 during startup after 34.8s. Please inspect your container logs for more details., Details: Site container: webwin-api-service terminated during site startup. Cancelling site startup., DetailsLevel: ERR
2026-08-04T14:36:29.0778733+00:00 ContainerStatus: State: Stopped, Action: None, LastError: ContainerStartupFailure, LastErrorTimestamp: 08/04/2026 14:36:28, LastErrorDetails: Container exited with exit code 1 during startup after 34.8s. Please inspect your container logs for more details., Details: Site stopped at 08/04/2026 14:36:29 (UTC), DetailsLevel: ERR
2026-08-04T14:36:29.4110510+00:00 ContainerStatus: State: Stopped, Action: None, LastError: ContainerStartupFailure, LastErrorTimestamp: 08/04/2026 14:36:28, LastErrorDetails: Container exited with exit code 1 during startup after 34.8s. Please inspect your container logs for more details., Details: Site stopped at 08/04/2026 14:36:29 (UTC), DetailsLevel: ERR
2026-08-04T14:36:48.0939003+00:00 ContainerStatus: State: Starting, Action: EstablishingSiteNetworks, LastError: ContainerStartupFailure, LastErrorTimestamp: 08/04/2026 14:36:28, LastErrorDetails: Container exited with exit code 1 during startup after 34.8s. Please inspect your container logs for more details., Details: Site stopped at 08/04/2026 14:36:29 (UTC), DetailsLevel: ERR
2026-08-04T14:36:49.6067889+00:00 ContainerStatus: State: Starting, Action: StartingSiteContainers, LastError: ContainerStartupFailure, LastErrorTimestamp: 08/04/2026 14:36:28, LastErrorDetails: Container exited with exit code 1 during startup after 34.8s. Please inspect your container logs for more details., Details: Site stopped at 08/04/2026 14:36:29 (UTC), DetailsLevel: ERR
2026-08-04T14:36:49.6068589+00:00 ContainerStatus: Container start method called.
2026-08-04T14:36:49.6068919+00:00 ContainerStatus: State: Starting, Action: PullingImage, LastError: ContainerStartupFailure, LastErrorTimestamp: 08/04/2026 14:36:28, LastErrorDetails: Container exited with exit code 1 during startup after 34.8s. Please inspect your container logs for more details., Details: Pulling image webwinacr.azurecr.io/webwin-api:latest for webwin-api-service., DetailsLevel: INFO
2026-08-04T14:36:49.6069255+00:00 ContainerStatus: Establishing network.
2026-08-04T14:36:49.6069791+00:00 ContainerStatus: Pulling image: webwinacr.azurecr.io/webwin-api:latest.
2026-08-04T14:36:50.0003171+00:00 ContainerStatus: Container is starting.
2026-08-04T14:36:50.0007238+00:00 ContainerStatus: State: Starting, Action: MountingVolumes, LastError: ContainerStartupFailure, LastErrorTimestamp: 08/04/2026 14:36:28, LastErrorDetails: Container exited with exit code 1 during startup after 34.8s. Please inspect your container logs for more details., Details: Mounting volumes for webwin-api-service., DetailsLevel: INFO
2026-08-04T14:36:50.0010573+00:00 ContainerStatus: Establishing user namespace if not established already.
2026-08-04T14:36:50.0089824+00:00 ContainerStatus: Establishing network if not established already.
2026-08-04T14:36:50.0097690+00:00 ContainerStatus: Mounting volumes.
2026-08-04T14:36:50.0104147+00:00 ContainerStatus: Nested mountpoint volatile/logs
2026-08-04T14:36:50.0283962+00:00 ContainerStatus: Nested mountpoint 
2026-08-04T14:36:50.0293963+00:00 ContainerStatus: Nested mountpoint 
2026-08-04T14:36:50.1802957+00:00 ContainerStatus: State: Starting, Action: CreatingContainer, LastError: ContainerStartupFailure, LastErrorTimestamp: 08/04/2026 14:36:28, LastErrorDetails: Container exited with exit code 1 during startup after 34.8s. Please inspect your container logs for more details., Details: Finished pulling container image and mounting volumes for webwin-api-service. Allocatinng the rest of the container resources to finish container creation., DetailsLevel: INFO
2026-08-04T14:36:50.1803880+00:00 ContainerStatus: Creating container.
2026-08-04T14:36:50.1804547+00:00 ContainerStatus: Creating pipes for streaming container io.
2026-08-04T14:36:50.2000265+00:00 ContainerStatus: Creating stdout named pipe at /podr/container/pipe/ccbda88c7ea0_webwin-api-service/stdout_4c7b65f1578143a0890f1d585b3c9e51.
2026-08-04T14:36:50.2004659+00:00 ContainerStatus: Successfully created stdout named pipe at: /podr/container/pipe/ccbda88c7ea0_webwin-api-service/stdout_4c7b65f1578143a0890f1d585b3c9e51.
2026-08-04T14:36:50.2005464+00:00 ContainerStatus: Opening named pipe /podr/container/pipe/ccbda88c7ea0_webwin-api-service/stdout_4c7b65f1578143a0890f1d585b3c9e51 for reading in non-blocking mode.
2026-08-04T14:36:50.2479893+00:00 ContainerStatus: Successfully opened named pipe: /podr/container/pipe/ccbda88c7ea0_webwin-api-service/stdout_4c7b65f1578143a0890f1d585b3c9e51.
2026-08-04T14:36:50.2482629+00:00 ContainerStatus: Successfully removed non-blocking flag from /podr/container/pipe/ccbda88c7ea0_webwin-api-service/stdout_4c7b65f1578143a0890f1d585b3c9e51.
2026-08-04T14:36:50.3009400+00:00 ContainerStatus: Creating stderr named pipe at /podr/container/pipe/ccbda88c7ea0_webwin-api-service/stderr_11d07317980c4be79d01391bc043238d.
2026-08-04T14:36:50.3206296+00:00 ContainerStatus: Successfully created stderr named pipe at: /podr/container/pipe/ccbda88c7ea0_webwin-api-service/stderr_11d07317980c4be79d01391bc043238d.
2026-08-04T14:36:50.3208075+00:00 ContainerStatus: Opening named pipe /podr/container/pipe/ccbda88c7ea0_webwin-api-service/stderr_11d07317980c4be79d01391bc043238d for reading in non-blocking mode.
2026-08-04T14:36:50.3382226+00:00 ContainerStatus: Successfully opened named pipe: /podr/container/pipe/ccbda88c7ea0_webwin-api-service/stderr_11d07317980c4be79d01391bc043238d.
2026-08-04T14:36:50.3383526+00:00 ContainerStatus: Successfully removed non-blocking flag from /podr/container/pipe/ccbda88c7ea0_webwin-api-service/stderr_11d07317980c4be79d01391bc043238d.
2026-08-04T14:36:50.3385705+00:00 ContainerStatus: Creating container with image: webwinacr.azurecr.io/webwin-api:latest from registry: webwinacr.azurecr.io and fully qualified image name: webwinacr.azurecr.io/webwin-api:latest
2026-08-04T14:36:51.0016240+00:00 ContainerStatus: Starting container: ccbda88c7ea0_webwin-api-service.
2026-08-04T14:36:51.1910467+00:00 ContainerStatus: Starting watchers and probes.
2026-08-04T14:36:51.1926010+00:00 ContainerStatus: Starting metrics collection.
2026-08-04T14:36:51.1928284+00:00 ContainerStatus: Container is running.
2026-08-04T14:36:51.1929203+00:00 ContainerStatus: State: Starting, Action: CreatingContainer, LastError: ContainerStartupFailure, LastErrorTimestamp: 08/04/2026 14:36:28, LastErrorDetails: Container exited with exit code 1 during startup after 34.8s. Please inspect your container logs for more details., Details: Container webwin-api-service successfully created and is running., DetailsLevel: INFO
2026-08-04T14:36:51.3818727+00:00 ContainerStatus: Container start method finished after 1774 ms.
2026-08-04T14:36:51.3820131+00:00 ContainerStatus: State: Starting, Action: InitiatingSiteWarmUpProbe, LastError: ContainerStartupFailure, LastErrorTimestamp: 08/04/2026 14:36:28, LastErrorDetails: Container exited with exit code 1 during startup after 34.8s. Please inspect your container logs for more details., Details: Container webwin-api-service successfully created and is running., DetailsLevel: INFO
2026-08-04T14:36:51.3820333+00:00 ContainerStatus: State: Starting, Action: WaitingForSiteWarmUpProbeSuccess, LastError: ContainerStartupFailure, LastErrorTimestamp: 08/04/2026 14:36:28, LastErrorDetails: Container exited with exit code 1 during startup after 34.8s. Please inspect your container logs for more details., Details: Pinging warmup path to ensure container is ready to receive requests., DetailsLevel: INFO
2026-08-04T14:37:08.0085693+00:00 ContainerStream: ◇ injected env (0) from .env // tip: ⌘ multiple files { path: ['.env.local', '.env'] }
2026-08-04T14:37:08.1170272+00:00 ContainerStream: ◇ injected env (0) from .env // tip: ⌘ enable debugging { debug: true }
2026-08-04T14:37:08.1186432+00:00 ContainerStream: ◇ injected env (0) from .env // tip: ◈ secrets for agents [www.dotenvx.com]
2026-08-04T14:37:08.1395162+00:00 ContainerStream: ◇ injected env (0) from .env // tip: ⌘ multiple files { path: ['.env.local', '.env'] }
2026-08-04T14:37:08.1788810+00:00 ContainerStream: (node:29) [DEP0118] DeprecationWarning: The provided hostname "" is not a valid hostname, and is supported in the dns module solely for compatibility.
2026-08-04T14:37:08.1789347+00:00 ContainerStream: (Use `node --trace-deprecation ...` to show where the warning was created)
2026-08-04T14:37:08.1895946+00:00 ContainerStream: 🚀 Servidor API corriendo en http://0.0.0.0:3001
2026-08-04T14:37:08.3877772+00:00 ContainerStream: Error al conectar con la base de datos de Azure SQL:  ConnectionError: Failed to connect to :1433 - Could not connect (sequence)
2026-08-04T14:37:08.3878372+00:00 ContainerStream:     at /app/node_modules/mssql/lib/tedious/connection-pool.js:86:17
2026-08-04T14:37:08.3878398+00:00 ContainerStream:     at err (/app/node_modules/tedious/src/connection.ts:1823:9)
2026-08-04T14:37:08.3878413+00:00 ContainerStream:     at Object.onceWrapper (node:events:639:26)
2026-08-04T14:37:08.3878429+00:00 ContainerStream:     at Connection.emit (node:events:524:28)
2026-08-04T14:37:08.3878449+00:00 ContainerStream:     at emit (/app/node_modules/tedious/src/connection.ts:1985:18)
2026-08-04T14:37:08.3878467+00:00 ContainerStream:     at <anonymous> (/app/node_modules/tedious/src/connection.ts:1845:14)
2026-08-04T14:37:08.3878483+00:00 ContainerStream:     at process.processTicksAndRejections (node:internal/process/task_queues:77:11) {
2026-08-04T14:37:08.3878498+00:00 ContainerStream:   code: 'ESOCKET',
2026-08-04T14:37:08.3878622+00:00 ContainerStream:   originalError: ConnectionError: Failed to connect to :1433 - Could not connect (sequence)
2026-08-04T14:37:08.3878640+00:00 ContainerStream:       at wrapSocketError (/app/node_modules/tedious/src/connection.ts:2400:14)
2026-08-04T14:37:08.3878657+00:00 ContainerStream:       at Connection.initialiseConnection (/app/node_modules/tedious/src/connection.ts:2044:20)
2026-08-04T14:37:08.3878674+00:00 ContainerStream:       at process.processTicksAndRejections (node:internal/process/task_queues:95:5) {
2026-08-04T14:37:08.3878690+00:00 ContainerStream:     code: 'ESOCKET',
2026-08-04T14:37:08.3878705+00:00 ContainerStream:     [cause]: AggregateError: Could not connect (sequence)
2026-08-04T14:37:08.3878721+00:00 ContainerStream:         at connectInSequence (/app/node_modules/tedious/src/connector.ts:138:9)
2026-08-04T14:37:08.3878737+00:00 ContainerStream:         at process.processTicksAndRejections (node:internal/process/task_queues:95:5)
2026-08-04T14:37:08.3878755+00:00 ContainerStream:         at async Connection.connectOnPort (/app/node_modules/tedious/src/connection.ts:2246:18)
2026-08-04T14:37:08.3878773+00:00 ContainerStream:         at async Connection.initialiseConnection (/app/node_modules/tedious/src/connection.ts:2040:18) {
2026-08-04T14:37:08.3878786+00:00 ContainerStream:       [errors]: []
2026-08-04T14:37:08.3878799+00:00 ContainerStream:     }
2026-08-04T14:37:08.3878829+00:00 ContainerStream:   }
2026-08-04T14:37:08.3878842+00:00 ContainerStream: }
2026-08-04T14:37:08.4403404+00:00 ContainerStream: node:internal/process/promises:391
2026-08-04T14:37:08.4403678+00:00 ContainerStream:     triggerUncaughtException(err, true /* fromPromise */);
2026-08-04T14:37:08.4403695+00:00 ContainerStream:     ^
2026-08-04T14:37:08.4403709+00:00 ContainerStream: 
2026-08-04T14:37:08.4403728+00:00 ContainerStream: ConnectionError: Failed to connect to :1433 - Could not connect (sequence)
2026-08-04T14:37:08.4403752+00:00 ContainerStream:     at /app/node_modules/mssql/lib/tedious/connection-pool.js:86:17
2026-08-04T14:37:08.4403772+00:00 ContainerStream:     at err (/app/node_modules/tedious/src/connection.ts:1823:9)
2026-08-04T14:37:08.4403789+00:00 ContainerStream:     at Object.onceWrapper (node:events:639:26)
2026-08-04T14:37:08.4403805+00:00 ContainerStream:     at Connection.emit (node:events:524:28)
2026-08-04T14:37:08.4403820+00:00 ContainerStream:     at emit (/app/node_modules/tedious/src/connection.ts:1985:18)
2026-08-04T14:37:08.4403836+00:00 ContainerStream:     at <anonymous> (/app/node_modules/tedious/src/connection.ts:1845:14)
2026-08-04T14:37:08.4403938+00:00 ContainerStream:     at process.processTicksAndRejections (node:internal/process/task_queues:77:11) {
2026-08-04T14:37:08.4403954+00:00 ContainerStream:   code: 'ESOCKET',
2026-08-04T14:37:08.4403970+00:00 ContainerStream:   originalError: ConnectionError: Failed to connect to :1433 - Could not connect (sequence)
2026-08-04T14:37:08.4403986+00:00 ContainerStream:       at wrapSocketError (/app/node_modules/tedious/src/connection.ts:2400:14)
2026-08-04T14:37:08.4404004+00:00 ContainerStream:       at Connection.initialiseConnection (/app/node_modules/tedious/src/connection.ts:2044:20)
2026-08-04T14:37:08.4404020+00:00 ContainerStream:       at process.processTicksAndRejections (node:internal/process/task_queues:95:5) {
2026-08-04T14:37:08.4404033+00:00 ContainerStream:     code: 'ESOCKET',
2026-08-04T14:37:08.4404049+00:00 ContainerStream:     [cause]: AggregateError: Could not connect (sequence)
2026-08-04T14:37:08.4404065+00:00 ContainerStream:         at connectInSequence (/app/node_modules/tedious/src/connector.ts:138:9)
2026-08-04T14:37:08.4404081+00:00 ContainerStream:         at process.processTicksAndRejections (node:internal/process/task_queues:95:5)
2026-08-04T14:37:08.4404098+00:00 ContainerStream:         at async Connection.connectOnPort (/app/node_modules/tedious/src/connection.ts:2246:18)
2026-08-04T14:37:08.4404114+00:00 ContainerStream:         at async Connection.initialiseConnection (/app/node_modules/tedious/src/connection.ts:2040:18) {
2026-08-04T14:37:08.4404148+00:00 ContainerStream:       [errors]: []
2026-08-04T14:37:08.4404162+00:00 ContainerStream:     }
2026-08-04T14:37:08.4404189+00:00 ContainerStream:   }
2026-08-04T14:37:08.4404202+00:00 ContainerStream: }
2026-08-04T14:37:08.4404213+00:00 ContainerStream: 
2026-08-04T14:37:08.4404227+00:00 ContainerStream: Node.js v20.20.2
2026-08-04T14:37:08.9330306+00:00 ContainerStatus: Container has finished running with exit code: 1.
2026-08-04T14:37:08.9333588+00:00 ContainerStatus: Container is terminating. Grace period: 5 seconds.
2026-08-04T14:37:08.9431239+00:00 ContainerStatus: Stop and delete container. Retry count = 0
2026-08-04T14:37:08.9432446+00:00 ContainerStatus: Stopping container: ccbda88c7ea0_webwin-api-service.
2026-08-04T14:37:09.0933561+00:00 ContainerStatus: Deleting container: ccbda88c7ea0_webwin-api-service. Retry count = 0
2026-08-04T14:37:09.3936982+00:00 ContainerStatus: Container spec TerminationMessagePolicy  path 
2026-08-04T14:37:09.3943174+00:00 ContainerStatus: Container is terminated. Total time elapsed: 460 ms.
2026-08-04T14:37:09.3950411+00:00 ContainerStatus: Site container: webwin-api-service terminated during site startup.
2026-08-04T14:37:09.4028987+00:00 ContainerStatus: State: Stopping, Action: CancellingStartup, LastError: ContainerStartupFailure, LastErrorTimestamp: 08/04/2026 14:36:28, LastErrorDetails: Container exited with exit code 1 during startup after 34.8s. Please inspect your container logs for more details., Details: Site container: webwin-api-service terminated during site startup. Cancelling site startup., DetailsLevel: ERR
2026-08-04T14:37:09.4149741+00:00 ContainerStatus: Site startup probe failed after 18.032557 seconds.
2026-08-04T14:37:09.7665709+00:00 ContainerStatus: State: Stopping, Action: CancellingStartup, LastError: ContainerStartupFailure, LastErrorTimestamp: 08/04/2026 14:37:09, LastErrorDetails: Container exited with exit code 1 during startup after 18.2s. Please inspect your container logs for more details., Details: Site container: webwin-api-service terminated during site startup. Cancelling site startup., DetailsLevel: ERR
2026-08-04T14:37:09.8050618+00:00 ContainerStatus: Failed to start site. Revert by stopping site.
2026-08-04T14:37:09.8053309+00:00 ContainerStatus: State: Stopping, Action: StoppingSite, LastError: ContainerStartupFailure, LastErrorTimestamp: 08/04/2026 14:37:09, LastErrorDetails: Container exited with exit code 1 during startup after 18.2s. Please inspect your container logs for more details., Details: Site container: webwin-api-service terminated during site startup. Cancelling site startup., DetailsLevel: ERR
2026-08-04T14:37:09.8055146+00:00 ContainerStatus: State: Stopping, Action: StoppingSiteContainers, LastError: ContainerStartupFailure, LastErrorTimestamp: 08/04/2026 14:37:09, LastErrorDetails: Container exited with exit code 1 during startup after 18.2s. Please inspect your container logs for more details., Details: Site container: webwin-api-service terminated during site startup. Cancelling site startup., DetailsLevel: ERR
2026-08-04T14:37:09.8055252+00:00 ContainerStatus: Site: webwin-api-service stopped.
